/*
 Navicat Premium Data Transfer

 Source Server         : localhost
 Source Server Type    : MySQL
 Source Server Version : 80100
 Source Host           : localhost:3306
 Source Schema         : cargo

 Target Server Type    : MySQL
 Target Server Version : 80100
 File Encoding         : 65001

 Date: 13/02/2024 14:27:06
*/

SET NAMES utf8mb4;
SET FOREIGN_KEY_CHECKS = 0;

-- ----------------------------
-- Table structure for b_allocation
-- ----------------------------
DROP TABLE IF EXISTS `b_allocation`;
CREATE TABLE `b_allocation`  (
  `allocation_id` int NOT NULL AUTO_INCREMENT COMMENT '分配记录id',
  `schedule_id` int NULL DEFAULT NULL COMMENT '航运计划id',
  `cargo_id` int NULL DEFAULT NULL COMMENT '货物id',
  `container_id` int NULL DEFAULT NULL COMMENT '集装箱id',
  `allocation_date` datetime NULL DEFAULT NULL COMMENT '分配时间',
  PRIMARY KEY (`allocation_id`) USING BTREE
) ENGINE = InnoDB AUTO_INCREMENT = 35 CHARACTER SET = utf8mb4 COLLATE = utf8mb4_0900_ai_ci ROW_FORMAT = Dynamic;

-- ----------------------------
-- Records of b_allocation
-- ----------------------------
INSERT INTO `b_allocation` VALUES (29, 1, 32, 1, '2024-01-20 12:24:45');
INSERT INTO `b_allocation` VALUES (30, 1, 47, 1, '2024-01-20 12:24:45');
INSERT INTO `b_allocation` VALUES (31, 1, 45, 2, '2024-01-20 12:24:45');
INSERT INTO `b_allocation` VALUES (32, 1, 46, 2, '2024-01-20 12:24:45');
INSERT INTO `b_allocation` VALUES (33, 1, 48, 5, '2024-01-20 12:24:45');
INSERT INTO `b_allocation` VALUES (34, 1, 49, 6, '2024-01-20 12:51:51');
INSERT INTO `b_allocation` VALUES (35, 1, 50, 7, '2024-01-20 12:51:51');

-- ----------------------------
-- Table structure for b_cargo
-- ----------------------------
DROP TABLE IF EXISTS `b_cargo`;
CREATE TABLE `b_cargo`  (
  `cargo_id` int NOT NULL AUTO_INCREMENT COMMENT '货物id',
  `cargo_name` varchar(255) CHARACTER SET utf8mb4 COLLATE utf8mb4_0900_ai_ci NULL DEFAULT NULL COMMENT '货物名称',
  `cargo_type` varchar(255) CHARACTER SET utf8mb4 COLLATE utf8mb4_0900_ai_ci NULL DEFAULT NULL COMMENT '货物类型',
  `cargo_weight` double NULL DEFAULT NULL COMMENT '货物重量',
  `cargo_volume` double NULL DEFAULT NULL COMMENT '货物体积',
  `cargo_status` varchar(255) CHARACTER SET utf8mb4 COLLATE utf8mb4_0900_ai_ci NULL DEFAULT NULL COMMENT '货物状态',
  `cargo_image` varchar(255) CHARACTER SET utf8mb4 COLLATE utf8mb4_0900_ai_ci NULL DEFAULT NULL COMMENT '货物图片',
  `user_id` varchar(255) CHARACTER SET utf8mb4 COLLATE utf8mb4_0900_ai_ci NULL DEFAULT NULL COMMENT '外键关联用户表',
  PRIMARY KEY (`cargo_id`) USING BTREE,
  INDEX `用户`(`user_id` ASC) USING BTREE,
  CONSTRAINT `用户` FOREIGN KEY (`user_id`) REFERENCES `wx_user` (`open_id`) ON DELETE CASCADE ON UPDATE CASCADE
) ENGINE = InnoDB AUTO_INCREMENT = 52 CHARACTER SET = utf8mb4 COLLATE = utf8mb4_0900_ai_ci ROW_FORMAT = Dynamic;

-- ----------------------------
-- Records of b_cargo
-- ----------------------------
INSERT INTO `b_cargo` VALUES (32, '冰箱', '电器', 3000, 35, '已分配', '/profile/upload/2024/01/16/冰箱_20240116092200A001.png', 'ogj5Q6VEG1HHJMqTEebwUtIPlGBs');
INSERT INTO `b_cargo` VALUES (45, '液晶电视', '电器', 2000, 10, '已分配', '/profile/upload/2024/01/18/液晶电视_20240118175438A001.png', 'ogj5Q6VEG1HHJMqTEebwUtIPlGBs');
INSERT INTO `b_cargo` VALUES (46, '空调', '电器', 4000, 20, '已分配', '/profile/upload/2024/01/18/空调_20240118180239A004.png', 'ogj5Q6VEG1HHJMqTEebwUtIPlGBs');
INSERT INTO `b_cargo` VALUES (47, '电脑', '家电', 3000, 30, '已分配', '/profile/upload/2024/01/18/电脑_20240118180621A005.jpg', 'ogj5Q6VEG1HHJMqTEebwUtIPlGBs');
INSERT INTO `b_cargo` VALUES (48, '西瓜', '冷冻冷藏货物', 3000, 30, '已分配', '/profile/upload/2024/01/18/西瓜_20240118183744A013.jpg', 'ogj5Q6VEG1HHJMqTEebwUtIPlGBs');
INSERT INTO `b_cargo` VALUES (49, '哈密瓜', '冷冻冷藏货物', 4000, 50, '已分配', '/profile/upload/2024/01/18/哈密瓜_20240118184020A014.jpg', 'ogj5Q6VEG1HHJMqTEebwUtIPlGBs');
INSERT INTO `b_cargo` VALUES (50, '钢材', '钢铁', 5000, 120, '已分配', '/profile/upload/2024/01/18/钢材_20240118184615A015.jpg', 'ogj5Q6VEG1HHJMqTEebwUtIPlGBs');

-- ----------------------------
-- Table structure for b_container
-- ----------------------------
DROP TABLE IF EXISTS `b_container`;
CREATE TABLE `b_container`  (
  `container_id` int NOT NULL AUTO_INCREMENT COMMENT '集装箱id',
  `container_type` varchar(255) CHARACTER SET utf8mb4 COLLATE utf8mb4_0900_ai_ci NULL DEFAULT NULL COMMENT '集装箱类型',
  `current_weight` double NULL DEFAULT NULL COMMENT '集装箱现在重量',
  `current_volume` double NULL DEFAULT NULL COMMENT '集装箱现在容积',
  `max_weight` double NULL DEFAULT NULL COMMENT '最大承重',
  `max_volume` double NULL DEFAULT NULL COMMENT '最大容器',
  `container_location` varchar(255) CHARACTER SET utf8mb4 COLLATE utf8mb4_0900_ai_ci NULL DEFAULT NULL COMMENT '集装箱位置',
  `container_status` varchar(255) CHARACTER SET utf8mb4 COLLATE utf8mb4_0900_ai_ci NULL DEFAULT NULL COMMENT '集装箱状态',
  `container_temperature` double NULL DEFAULT NULL COMMENT '集装箱温度',
  `container_humidity` double NULL DEFAULT NULL COMMENT '集装箱湿度',
  `container_longitude` varchar(255) CHARACTER SET utf8mb4 COLLATE utf8mb4_0900_ai_ci NULL DEFAULT NULL COMMENT '集装箱经度',
  `container_latitude` varchar(255) CHARACTER SET utf8mb4 COLLATE utf8mb4_0900_ai_ci NULL DEFAULT NULL COMMENT '集装箱纬度',
  `ship_id` int NULL DEFAULT NULL COMMENT '货轮id',
  `cabin_id` int NULL DEFAULT NULL COMMENT '船舱id',
  `container_image` varchar(255) CHARACTER SET utf8mb4 COLLATE utf8mb4_0900_ai_ci NULL DEFAULT NULL COMMENT '集装箱图片',
  PRIMARY KEY (`container_id`) USING BTREE
) ENGINE = InnoDB AUTO_INCREMENT = 8 CHARACTER SET = utf8mb4 COLLATE = utf8mb4_0900_ai_ci ROW_FORMAT = Dynamic;

-- ----------------------------
-- Records of b_container
-- ----------------------------
INSERT INTO `b_container` VALUES (1, '干货集装箱', 6000, 65, 27600, 67.7, '连云港', '已装载', 0, 0, '', '', 1, 1, '/profile/upload/2024/01/18/干货集装箱2_20240118181731A010.jpg');
INSERT INTO `b_container` VALUES (2, '干货集装箱', 6000, 30, 27600, 67.7, '连云港', '已装载', 0, 0, NULL, NULL, NULL, NULL, '/profile/upload/2024/01/18/干货集装箱1_20240118181133A006.jpg');
INSERT INTO `b_container` VALUES (3, '干货集装箱', 0, 0, 27600, 67.7, '连云港', '未装载', NULL, NULL, NULL, NULL, NULL, NULL, '/profile/upload/2024/01/18/干货集装箱2_20240118181307A007.jpg');
INSERT INTO `b_container` VALUES (4, '干货集装箱', 0, 0, 27600, 67.7, '连云港', '未装载', NULL, NULL, NULL, NULL, NULL, NULL, '/profile/upload/2024/01/18/干货集装箱3_20240118181423A008.jpg');
INSERT INTO `b_container` VALUES (5, '冷藏集装箱', 3000, 30, 24000, 60, '连云港', '已装载', NULL, NULL, NULL, NULL, NULL, NULL, '/profile/upload/2024/01/18/冷藏集装箱1_20240118181615A009.jpg');
INSERT INTO `b_container` VALUES (6, '冷藏集装箱', 4000, 50, 24000, 100, '连云港', '已装载', NULL, NULL, NULL, NULL, NULL, NULL, '/profile/upload/2024/01/18/冷藏集装箱2_20240118181847A011.jpg');
INSERT INTO `b_container` VALUES (7, '开顶集装箱', 5000, 120, 26630, 150, '连云港', '已装载', NULL, NULL, NULL, NULL, NULL, NULL, '/profile/upload/2024/01/18/开顶集装箱_20240118182042A012.jpg');

-- ----------------------------
-- Table structure for b_containerassembly
-- ----------------------------
DROP TABLE IF EXISTS `b_containerassembly`;
CREATE TABLE `b_containerassembly`  (
  `assembly_id` int NOT NULL AUTO_INCREMENT COMMENT '装配id',
  `schedule_id` int NULL DEFAULT NULL COMMENT '航运计划id',
  `container_id` int NULL DEFAULT NULL COMMENT '集装箱id',
  `slot_id` int NULL DEFAULT NULL COMMENT '船箱位id',
  `assembly_time` datetime NULL DEFAULT NULL COMMENT '装配时间',
  PRIMARY KEY (`assembly_id`) USING BTREE
) ENGINE = InnoDB CHARACTER SET = utf8mb4 COLLATE = utf8mb4_0900_ai_ci ROW_FORMAT = Dynamic;

-- ----------------------------
-- Records of b_containerassembly
-- ----------------------------
INSERT INTO `b_containerassembly` VALUES (1, 1, 1, 1, '2024-02-12 00:00:00');
INSERT INTO `b_containerassembly` VALUES (2, 1, 2, 2, '2024-02-12 00:00:00');
INSERT INTO `b_containerassembly` VALUES (3, 1, 3, 3, '2024-02-12 00:00:00');
INSERT INTO `b_containerassembly` VALUES (4, 1, 4, 4, '2024-02-12 00:00:00');
INSERT INTO `b_containerassembly` VALUES (5, 1, 5, 5, '2024-02-12 00:00:00');
INSERT INTO `b_containerassembly` VALUES (6, 1, 6, 6, '2024-02-12 00:00:00');
INSERT INTO `b_containerassembly` VALUES (7, 1, 7, 7, '2024-02-12 00:00:00');

-- ----------------------------
-- Table structure for b_containerslot
-- ----------------------------
DROP TABLE IF EXISTS `b_containerslot`;
CREATE TABLE `b_containerslot`  (
  `slot_id` int NOT NULL AUTO_INCREMENT COMMENT '船箱位',
  `ship_id` int NULL DEFAULT NULL COMMENT '船舶id',
  `r_number` int NULL DEFAULT NULL COMMENT '船箱位的行号',
  `tier_number` int NULL DEFAULT NULL COMMENT '船箱位的层号',
  `c_number` int NULL DEFAULT NULL COMMENT '船箱位的列号',
  `status` varchar(255) CHARACTER SET utf8mb4 COLLATE utf8mb4_0900_ai_ci NULL DEFAULT NULL COMMENT '箱位状态',
  PRIMARY KEY (`slot_id`) USING BTREE
) ENGINE = InnoDB CHARACTER SET = utf8mb4 COLLATE = utf8mb4_0900_ai_ci ROW_FORMAT = Dynamic;

-- ----------------------------
-- Records of b_containerslot
-- ----------------------------
INSERT INTO `b_containerslot` VALUES (1, 1, 1, 1, 1, '装载');
INSERT INTO `b_containerslot` VALUES (2, 2, 1, 2, 1, '装载');
INSERT INTO `b_containerslot` VALUES (3, 1, 1, 3, 1, '装载');
INSERT INTO `b_containerslot` VALUES (4, 1, 1, 4, 1, '装载');
INSERT INTO `b_containerslot` VALUES (5, 1, 1, 5, 1, '装载');
INSERT INTO `b_containerslot` VALUES (6, 1, 1, 1, 2, '装载');
INSERT INTO `b_containerslot` VALUES (7, 1, 1, 2, 2, '装载');
INSERT INTO `b_containerslot` VALUES (8, 1, 1, 3, 2, '未装载');
INSERT INTO `b_containerslot` VALUES (9, 1, 1, 4, 2, '未装载');
INSERT INTO `b_containerslot` VALUES (10, 1, 1, 5, 2, '未装载');
INSERT INTO `b_containerslot` VALUES (11, 1, 1, 1, 3, '未装载');
INSERT INTO `b_containerslot` VALUES (12, 1, 1, 2, 3, '未装载');
INSERT INTO `b_containerslot` VALUES (13, 1, 1, 3, 3, '未装载');
INSERT INTO `b_containerslot` VALUES (14, 1, 1, 4, 3, '未装载');
INSERT INTO `b_containerslot` VALUES (15, 1, 1, 5, 3, '未装载');

-- ----------------------------
-- Table structure for b_containerunloading
-- ----------------------------
DROP TABLE IF EXISTS `b_containerunloading`;
CREATE TABLE `b_containerunloading`  (
  `unloading_id` int NOT NULL AUTO_INCREMENT COMMENT '集装箱卸载id',
  `schedule_id` int NULL DEFAULT NULL COMMENT '航运计划id',
  `slot_id` int NULL DEFAULT NULL COMMENT '箱位id',
  `pile_id` int NULL DEFAULT NULL COMMENT '货堆id',
  `container_id` int NULL DEFAULT NULL COMMENT '集装箱id',
  `unloading_time` datetime NULL DEFAULT NULL COMMENT '卸箱时间',
  PRIMARY KEY (`unloading_id`) USING BTREE
) ENGINE = InnoDB CHARACTER SET = utf8mb4 COLLATE = utf8mb4_0900_ai_ci ROW_FORMAT = Dynamic;

-- ----------------------------
-- Records of b_containerunloading
-- ----------------------------
INSERT INTO `b_containerunloading` VALUES (1, 1, 1, 1, 1, '2024-02-13 00:00:00');

-- ----------------------------
-- Table structure for b_danger
-- ----------------------------
DROP TABLE IF EXISTS `b_danger`;
CREATE TABLE `b_danger`  (
  `danger_id` int NOT NULL AUTO_INCREMENT COMMENT '危险品识别id',
  `before_image` varchar(255) CHARACTER SET utf8mb4 COLLATE utf8mb4_0900_ai_ci NULL DEFAULT NULL COMMENT '识别前图片',
  `after_image` varchar(255) CHARACTER SET utf8mb4 COLLATE utf8mb4_0900_ai_ci NULL DEFAULT NULL COMMENT '识别结果图片',
  `danger_descrition` varchar(255) CHARACTER SET utf8mb4 COLLATE utf8mb4_0900_ai_ci NULL DEFAULT NULL COMMENT '识别描述',
  `danger_status` varchar(255) CHARACTER SET utf8mb4 COLLATE utf8mb4_0900_ai_ci NULL DEFAULT NULL COMMENT '识别状态',
  `danger_time` datetime NULL DEFAULT NULL COMMENT '识别时间',
  PRIMARY KEY (`danger_id`) USING BTREE
) ENGINE = InnoDB AUTO_INCREMENT = 63 CHARACTER SET = utf8mb4 COLLATE = utf8mb4_0900_ai_ci ROW_FORMAT = Dynamic;

-- ----------------------------
-- Records of b_danger
-- ----------------------------
INSERT INTO `b_danger` VALUES (53, '/profile/upload/dangerbefore/1.png', '/profile/upload/dangerafter/1.png', '1.png: 640x608 1 blade, 1 knife, 1 SwissArmyKnife, ', '危险', '2024-01-08 15:28:00');
INSERT INTO `b_danger` VALUES (57, '/profile/upload/dangerbefore/05_20_27_625.png', '/profile/upload/dangerafter/05_20_27_625.png', '05_20_27_625.png: 640x608 1 VacuumCup, ', '危险', '2024-01-21 10:06:00');
INSERT INTO `b_danger` VALUES (58, '/profile/upload/dangerbefore/Rsc3PSHhBCHdf2055ba6e4659df1d65bea9a10aa8172.jpg', '/profile/upload/dangerafter/Rsc3PSHhBCHdf2055ba6e4659df1d65bea9a10aa8172.jpg', 'Rsc3PSHhBCHdf2055ba6e4659df1d65bea9a10aa8172.jpg: 640x352 ', '安全', '2024-01-24 22:46:00');
INSERT INTO `b_danger` VALUES (63, '/profile/upload/dangerbefore/1.png', '/profile/upload/dangerafter/1.png', '1.png: 640x608 1 blade, 1 knife, 1 SwissArmyKnife, ', '危险', '2024-01-30 21:01:00');

-- ----------------------------
-- Table structure for b_dangerknowledge
-- ----------------------------
DROP TABLE IF EXISTS `b_dangerknowledge`;
CREATE TABLE `b_dangerknowledge`  (
  `danger_id` int NOT NULL AUTO_INCREMENT COMMENT 'id',
  `danger_name` varchar(255) CHARACTER SET utf8mb4 COLLATE utf8mb4_0900_ai_ci NULL DEFAULT NULL COMMENT '危险品名称',
  `danger_type` varchar(255) CHARACTER SET utf8mb4 COLLATE utf8mb4_0900_ai_ci NULL DEFAULT NULL COMMENT '危险品分类',
  `danger_num` varchar(255) CHARACTER SET utf8mb4 COLLATE utf8mb4_0900_ai_ci NULL DEFAULT NULL COMMENT '危险品代码',
  `danger_action` varchar(255) CHARACTER SET utf8mb4 COLLATE utf8mb4_0900_ai_ci NULL DEFAULT NULL COMMENT '应急措施',
  `check_way` varchar(255) CHARACTER SET utf8mb4 COLLATE utf8mb4_0900_ai_ci NULL DEFAULT NULL COMMENT '检查方法',
  `security_notes` varchar(255) CHARACTER SET utf8mb4 COLLATE utf8mb4_0900_ai_ci NULL DEFAULT NULL COMMENT '注意事项',
  `danger_image` varchar(255) CHARACTER SET utf8mb4 COLLATE utf8mb4_0900_ai_ci NULL DEFAULT NULL COMMENT '危险品图片',
  PRIMARY KEY (`danger_id`) USING BTREE
) ENGINE = InnoDB AUTO_INCREMENT = 1 CHARACTER SET = utf8mb4 COLLATE = utf8mb4_0900_ai_ci ROW_FORMAT = Dynamic;

-- ----------------------------
-- Records of b_dangerknowledge
-- ----------------------------
INSERT INTO `b_dangerknowledge` VALUES (1, '刀（Knife）', '利器类', 'KN', '在使用刀具时要注意安全，避免刺伤自己或他人。刀具在使用完毕后应妥善存放，远离儿童或未经许可的人群。使用过程中如发生意外伤害，应及时寻求医疗救助。', '对于刀具的检查可以包括检查刀刃是否锋利、是否存在破损或松动的部分，以及是否有适当的保护措施（如刀鞘或刀套）等', '使用刀具时要谨慎操作，避免误伤自己或他人。在携带刀具时要遵守相关法律法规，并确保刀具的合法性和合规性', '/profile/upload/2024/01/23/刀_20240123101527A001.jpg');

-- ----------------------------
-- Table structure for b_feedbook
-- ----------------------------
DROP TABLE IF EXISTS `b_feedbook`;
CREATE TABLE `b_feedbook`  (
  `feed_id` int NOT NULL AUTO_INCREMENT COMMENT '用户反馈id',
  `feed_content` varchar(255) CHARACTER SET utf8mb4 COLLATE utf8mb4_0900_ai_ci NULL DEFAULT NULL COMMENT '用户反馈内容',
  `feed_date` datetime NOT NULL COMMENT '用户反馈时间',
  `user_id` varchar(255) CHARACTER SET utf8mb4 COLLATE utf8mb4_0900_ai_ci NULL DEFAULT NULL COMMENT '用户id',
  PRIMARY KEY (`feed_id`) USING BTREE
) ENGINE = InnoDB AUTO_INCREMENT = 10 CHARACTER SET = utf8mb4 COLLATE = utf8mb4_0900_ai_ci ROW_FORMAT = Dynamic;

-- ----------------------------
-- Records of b_feedbook
-- ----------------------------
INSERT INTO `b_feedbook` VALUES (10, '服务十分好，流程相对简单', '2024-02-07 11:22:22', 'ogj5Q6VEG1HHJMqTEebwUtIPlGBs');

-- ----------------------------
-- Table structure for b_ffcompany
-- ----------------------------
DROP TABLE IF EXISTS `b_ffcompany`;
CREATE TABLE `b_ffcompany`  (
  `ffcompany_id` int NOT NULL AUTO_INCREMENT COMMENT '货代公司id',
  `ffcompany_name` varchar(255) CHARACTER SET utf8mb4 COLLATE utf8mb4_0900_ai_ci NULL DEFAULT NULL COMMENT '货代公司名称',
  `ffregistered_location` varchar(255) CHARACTER SET utf8mb4 COLLATE utf8mb4_0900_ai_ci NULL DEFAULT NULL COMMENT '货代公司注册地点',
  `ffcontact_address` varchar(255) CHARACTER SET utf8mb4 COLLATE utf8mb4_0900_ai_ci NULL DEFAULT NULL COMMENT '货代公司联系地址',
  `ffcontact_phone` varchar(255) CHARACTER SET utf8mb4 COLLATE utf8mb4_0900_ai_ci NULL DEFAULT NULL COMMENT '货代公司联系电话',
  `ff_email` varchar(255) CHARACTER SET utf8mb4 COLLATE utf8mb4_0900_ai_ci NULL DEFAULT NULL COMMENT '货代公司电子邮件',
  `ff_website` varchar(255) CHARACTER SET utf8mb4 COLLATE utf8mb4_0900_ai_ci NULL DEFAULT NULL COMMENT '货代公司网站地址',
  `ff_image` varchar(255) CHARACTER SET utf8mb4 COLLATE utf8mb4_0900_ai_ci NULL DEFAULT NULL COMMENT '公司实景图片',
  PRIMARY KEY (`ffcompany_id`) USING BTREE
) ENGINE = InnoDB AUTO_INCREMENT = 1 CHARACTER SET = utf8mb4 COLLATE = utf8mb4_0900_ai_ci ROW_FORMAT = Dynamic;

-- ----------------------------
-- Records of b_ffcompany
-- ----------------------------
INSERT INTO `b_ffcompany` VALUES (1, '海韵国际', '连云港', '中国(江苏)自由贸易试验区连云港片区连云区海滨大道阳光国际中心D8-1(Y005)室', '0518-80865777', NULL, 'www.haiyunlog.com', '/profile/upload/2024/01/15/海韵国际_20240115184957A001.jpg');

-- ----------------------------
-- Table structure for b_order
-- ----------------------------
DROP TABLE IF EXISTS `b_order`;
CREATE TABLE `b_order`  (
  `order_id` varchar(255) CHARACTER SET utf8mb4 COLLATE utf8mb4_0900_ai_ci NOT NULL COMMENT '订单id',
  `user_id` varchar(255) CHARACTER SET utf8mb4 COLLATE utf8mb4_0900_ai_ci NULL DEFAULT NULL COMMENT '用户id',
  `cargo_id` int NULL DEFAULT NULL COMMENT '货物id',
  `schedule_id` int NULL DEFAULT NULL COMMENT '航运计划id',
  `order_money` double NULL DEFAULT NULL COMMENT '交易金额',
  `order_status` varchar(255) CHARACTER SET utf8mb4 COLLATE utf8mb4_0900_ai_ci NULL DEFAULT NULL COMMENT '订单状态',
  `order_notes` varchar(255) CHARACTER SET utf8mb4 COLLATE utf8mb4_0900_ai_ci NULL DEFAULT NULL COMMENT '交易备注',
  `create_time` datetime NULL DEFAULT NULL COMMENT '订单创建时间',
  PRIMARY KEY (`order_id`) USING BTREE
) ENGINE = InnoDB CHARACTER SET = utf8mb4 COLLATE = utf8mb4_0900_ai_ci ROW_FORMAT = Dynamic;

-- ----------------------------
-- Records of b_order
-- ----------------------------
INSERT INTO `b_order` VALUES ('2023-12-31T12:12:10.190501900ogj5Q6VEG1HHJMqTEebwUtIPlGBs', 'ogj5Q6VEG1HHJMqTEebwUtIPlGBs', 32, 1, 9000, '订单已分配', '注意磕碰', '2023-12-31 12:12:10');
INSERT INTO `b_order` VALUES ('31T12:12:10.190501900ogj5Q6VEG1HHJMqTEebwUtIPlGBs', 'ogj5Q6VEG1HHJMqTEebwUtIPlGBs', 45, 1, 8000, '订单已分配', '注意磕碰', '2023-12-31 12:12:10');
INSERT INTO `b_order` VALUES ('31T12:12:10.190501900ogj5Q6VEG1HHJMqTEebwUtIPlGBws', '31T12:12:10.190501900ogj5Q6VEG1HHJMqTEebwUtIPlGBs', 46, 1, 7000, '订单已分配', '注意磕碰', '2023-12-31 12:12:10');
INSERT INTO `b_order` VALUES ('31T12:12:10.190501900ogj5Q6VEG1HHJMqTEebwUtIPlGBws23', '31T12:12:10.190501900ogj5Q6VEG1HHJMqTEebwUtIPlGBs', 47, 1, 6000, '订单已分配', '注意磕碰', '2023-12-31 12:12:10');
INSERT INTO `b_order` VALUES ('31T12:12:10.190501900ogj5Q6VEG1HHJMqTEebwUtIPlGBws232', '31T12:12:10.190501900ogj5Q6VEG1HHJMqTEebwUtIPlGBs', 48, 1, 5000, '订单已分配', '注意磕碰', '2023-12-31 12:12:10');
INSERT INTO `b_order` VALUES ('31T12:12:10.190501900ogj5Q6VEG1HHJMqTEebwUtIPlGBws232wd', '31T12:12:10.190501900ogj5Q6VEG1HHJMqTEebwUtIPlGBs', 49, 1, 6700, '订单已分配', '注意磕碰', '2023-12-31 12:12:10');
INSERT INTO `b_order` VALUES ('31T12:12:10.190501900ogj5Q6VEG1HHJMqTEebwUtIPlGBws232ws', '31T12:12:10.190501900ogj5Q6VEG1HHJMqTEebwUtIPlGBs', 50, 1, 10000, '订单已分配', '注意磕碰', '2023-12-31 12:12:10');

-- ----------------------------
-- Table structure for b_pile
-- ----------------------------
DROP TABLE IF EXISTS `b_pile`;
CREATE TABLE `b_pile`  (
  `pile_id` int NOT NULL AUTO_INCREMENT COMMENT '货堆id',
  `pile_x` varchar(255) CHARACTER SET utf8mb4 COLLATE utf8mb4_0900_ai_ci NULL DEFAULT NULL COMMENT '货堆x坐标',
  `pile_y` varchar(255) CHARACTER SET utf8mb4 COLLATE utf8mb4_0900_ai_ci NULL DEFAULT NULL COMMENT '货堆y坐标',
  `pile_capacity` varchar(255) CHARACTER SET utf8mb4 COLLATE utf8mb4_0900_ai_ci NULL DEFAULT NULL COMMENT '货堆容量',
  `pile_currentnum` int NULL DEFAULT NULL COMMENT '当前堆积数量',
  `pile_status` varchar(255) CHARACTER SET utf8mb4 COLLATE utf8mb4_0900_ai_ci NULL DEFAULT NULL COMMENT '货堆状态',
  PRIMARY KEY (`pile_id`) USING BTREE
) ENGINE = InnoDB AUTO_INCREMENT = 10 CHARACTER SET = utf8mb4 COLLATE = utf8mb4_0900_ai_ci ROW_FORMAT = Dynamic;

-- ----------------------------
-- Records of b_pile
-- ----------------------------
INSERT INTO `b_pile` VALUES (1, '-100', '50', '200', 140, '可堆载');
INSERT INTO `b_pile` VALUES (2, '100', '50', '190', 150, '可堆载');
INSERT INTO `b_pile` VALUES (3, '-100', '70', '200', 150, '可堆载');
INSERT INTO `b_pile` VALUES (4, '100', '70', '200', 130, '可堆载');
INSERT INTO `b_pile` VALUES (5, '-100', '90', '200', 100, '可堆载');
INSERT INTO `b_pile` VALUES (6, '100', '90', '123', 12, '可堆载');
INSERT INTO `b_pile` VALUES (7, '-100', '110', '200', 123, '可堆载');
INSERT INTO `b_pile` VALUES (8, '100', '110', '123', 23, '可堆载');
INSERT INTO `b_pile` VALUES (9, '-100', '130', '213', 21, '可堆载');
INSERT INTO `b_pile` VALUES (10, '100', '130', '213', 123, '可堆载');

-- ----------------------------
-- Table structure for b_port
-- ----------------------------
DROP TABLE IF EXISTS `b_port`;
CREATE TABLE `b_port`  (
  `port_id` int NOT NULL AUTO_INCREMENT COMMENT '港口id',
  `port_name` varchar(255) CHARACTER SET utf8mb4 COLLATE utf8mb4_0900_ai_ci NULL DEFAULT NULL COMMENT '港口名称',
  `port_location` varchar(255) CHARACTER SET utf8mb4 COLLATE utf8mb4_0900_ai_ci NULL DEFAULT NULL COMMENT '港口位置',
  `port_facilities` varchar(255) CHARACTER SET utf8mb4 COLLATE utf8mb4_0900_ai_ci NULL DEFAULT NULL COMMENT '港口设施描述',
  `port_contact` varchar(255) CHARACTER SET utf8mb4 COLLATE utf8mb4_0900_ai_ci NULL DEFAULT NULL COMMENT '港口联系方式',
  `port_image` varchar(255) CHARACTER SET utf8mb4 COLLATE utf8mb4_0900_ai_ci NULL DEFAULT NULL COMMENT '港口预览',
  PRIMARY KEY (`port_id`) USING BTREE
) ENGINE = InnoDB AUTO_INCREMENT = 1 CHARACTER SET = utf8mb4 COLLATE = utf8mb4_0900_ai_ci ROW_FORMAT = Dynamic;

-- ----------------------------
-- Records of b_port
-- ----------------------------
INSERT INTO `b_port` VALUES (1, '连云港港', '连云港港位于中国沿海中部的海州湾西南岸、江苏省的东北端，位于北纬34°44\'，东经119°27\'（主要港区）。', '截至2013年末，连云港港拥有集装箱、矿石、焦炭、煤炭、散粮、液体化工等万吨级以上泊位48个，港口吞吐能力达1.1亿吨，集装箱吞吐能力达340万标箱。', '400-0518-999', '/profile/upload/2023/12/06/连云港港_20231206161237A002.jpeg');

-- ----------------------------
-- Table structure for b_route
-- ----------------------------
DROP TABLE IF EXISTS `b_route`;
CREATE TABLE `b_route`  (
  `route_id` int NOT NULL AUTO_INCREMENT COMMENT '航线id',
  `route_name` varchar(255) CHARACTER SET utf8mb4 COLLATE utf8mb4_0900_ai_ci NULL DEFAULT NULL COMMENT '航线名称',
  `route_content` varchar(255) CHARACTER SET utf8mb4 COLLATE utf8mb4_0900_ai_ci NULL DEFAULT NULL COMMENT '挂靠港口',
  PRIMARY KEY (`route_id`) USING BTREE
) ENGINE = InnoDB AUTO_INCREMENT = 2 CHARACTER SET = utf8mb4 COLLATE = utf8mb4_0900_ai_ci ROW_FORMAT = Dynamic;

-- ----------------------------
-- Records of b_route
-- ----------------------------
INSERT INTO `b_route` VALUES (1, '美东航线', '连云港—青岛—上海—宁波—盐田—盖梅—新加坡—苏伊士—比雷埃弗斯—纽约—萨凡纳—比雷埃弗斯—苏伊士—巴生—林查班—海防—上海—宁波—长滩—奥克兰');

-- ----------------------------
-- Table structure for b_routeschedule
-- ----------------------------
DROP TABLE IF EXISTS `b_routeschedule`;
CREATE TABLE `b_routeschedule`  (
  `routeschedule_id` int NOT NULL AUTO_INCREMENT COMMENT '航线计划id',
  `ship_id` int NULL DEFAULT NULL COMMENT '货轮id',
  `route_id` int NULL DEFAULT NULL COMMENT '航线id',
  `hdcompany_id` int NULL DEFAULT NULL COMMENT '货代公司id',
  `departure_port` varchar(255) CHARACTER SET utf8mb4 COLLATE utf8mb4_0900_ai_ci NULL DEFAULT NULL COMMENT '出发港口',
  `ending_port` varchar(255) CHARACTER SET utf8mb4 COLLATE utf8mb4_0900_ai_ci NULL DEFAULT NULL COMMENT '终点港口',
  `schedule_box` int NULL DEFAULT NULL COMMENT '计划箱位',
  `start_time` datetime NULL DEFAULT NULL COMMENT '预计到港时间',
  `end_time` datetime NULL DEFAULT NULL COMMENT '预计出港时间',
  `route_distance` double NULL DEFAULT NULL COMMENT '航线距离',
  `estimated_duration` double NULL DEFAULT NULL COMMENT '预计航行时间',
  PRIMARY KEY (`routeschedule_id`) USING BTREE
) ENGINE = InnoDB AUTO_INCREMENT = 16 CHARACTER SET = utf8mb4 COLLATE = utf8mb4_0900_ai_ci ROW_FORMAT = Dynamic;

-- ----------------------------
-- Records of b_routeschedule
-- ----------------------------
INSERT INTO `b_routeschedule` VALUES (1, 1, 1, 1, '连云港', '厦门', 400, '2024-02-01 12:20:00', '2024-02-01 17:59:00', 837, 20.5);
INSERT INTO `b_routeschedule` VALUES (2, 3, 1, 2, '上海港', '天津港', 300, '2023-12-13 01:00:00', '2023-12-26 00:00:00', 544, 3);

-- ----------------------------
-- Table structure for b_ship
-- ----------------------------
DROP TABLE IF EXISTS `b_ship`;
CREATE TABLE `b_ship`  (
  `ship_id` int NOT NULL AUTO_INCREMENT COMMENT '货轮id',
  `company_id` int NULL DEFAULT NULL COMMENT '船运公司id',
  `ship_name` varchar(255) CHARACTER SET utf8mb4 COLLATE utf8mb4_0900_ai_ci NULL DEFAULT NULL COMMENT '船舶名称',
  `ship_type` varchar(255) CHARACTER SET utf8mb4 COLLATE utf8mb4_0900_ai_ci NULL DEFAULT NULL COMMENT '船舶类型',
  `ship_box` int NULL DEFAULT NULL COMMENT '箱位数量',
  `ship_draft` double NULL DEFAULT NULL COMMENT '吃水',
  `ship_netweight` double NULL DEFAULT NULL COMMENT '净重',
  `ship_weight` double NULL DEFAULT NULL COMMENT '总吨',
  `ship_mmsi` varchar(255) CHARACTER SET utf8mb4 COLLATE utf8mb4_0900_ai_ci NULL DEFAULT NULL COMMENT 'MMSI',
  `ship_portofregistry` varchar(255) CHARACTER SET utf8mb4 COLLATE utf8mb4_0900_ai_ci NULL DEFAULT NULL COMMENT '船籍港',
  `ship_callsign` varchar(255) CHARACTER SET utf8mb4 COLLATE utf8mb4_0900_ai_ci NULL DEFAULT NULL COMMENT '呼号',
  `ship_nationality` varchar(255) CHARACTER SET utf8mb4 COLLATE utf8mb4_0900_ai_ci NULL DEFAULT NULL COMMENT '国籍',
  `ship_imo` varchar(255) CHARACTER SET utf8mb4 COLLATE utf8mb4_0900_ai_ci NULL DEFAULT NULL COMMENT 'IMO号',
  `ship_length` varchar(255) CHARACTER SET utf8mb4 COLLATE utf8mb4_0900_ai_ci NULL DEFAULT NULL COMMENT '船长',
  `ship_image` varchar(255) CHARACTER SET utf8mb4 COLLATE utf8mb4_0900_ai_ci NULL DEFAULT NULL COMMENT '船舶图片',
  `ship_status` varchar(255) CHARACTER SET utf8mb4 COLLATE utf8mb4_0900_ai_ci NULL DEFAULT NULL COMMENT '船舶状态',
  PRIMARY KEY (`ship_id`) USING BTREE
) ENGINE = InnoDB AUTO_INCREMENT = 11 CHARACTER SET = utf8mb4 COLLATE = utf8mb4_0900_ai_ci ROW_FORMAT = Dynamic;

-- ----------------------------
-- Records of b_ship
-- ----------------------------
INSERT INTO `b_ship` VALUES (1, 1, '复兴号', '集装箱货轮', 4000, 12, 20, 32, '123456789', '上海', '1234567', '中国', 'ABC1234', 'xxx', '/profile/upload/2024/01/18/集装箱_20240118211119A016.jpg', NULL);

-- ----------------------------
-- Table structure for b_ship_companies
-- ----------------------------
DROP TABLE IF EXISTS `b_ship_companies`;
CREATE TABLE `b_ship_companies`  (
  `company_id` int NOT NULL AUTO_INCREMENT COMMENT '船舶公司id',
  `conpany_name` varchar(255) CHARACTER SET utf8mb4 COLLATE utf8mb4_0900_ai_ci NULL DEFAULT NULL COMMENT '船舶公司名称',
  `company_address` varchar(255) CHARACTER SET utf8mb4 COLLATE utf8mb4_0900_ai_ci NULL DEFAULT NULL COMMENT '公司地址',
  `company_phone` varchar(255) CHARACTER SET utf8mb4 COLLATE utf8mb4_0900_ai_ci NULL DEFAULT NULL COMMENT '公司电话',
  `company_email` varchar(255) CHARACTER SET utf8mb4 COLLATE utf8mb4_0900_ai_ci NULL DEFAULT NULL COMMENT '公司邮箱',
  `contact_person` varchar(255) CHARACTER SET utf8mb4 COLLATE utf8mb4_0900_ai_ci NULL DEFAULT NULL COMMENT '联系人姓名',
  `contact_email` varchar(255) CHARACTER SET utf8mb4 COLLATE utf8mb4_0900_ai_ci NULL DEFAULT NULL COMMENT '联系人邮箱',
  `vessels_managed` int NULL DEFAULT NULL COMMENT '公司管理船舶数量',
  `company_description` varchar(255) CHARACTER SET utf8mb4 COLLATE utf8mb4_0900_ai_ci NULL DEFAULT NULL COMMENT '公司描述',
  PRIMARY KEY (`company_id`) USING BTREE
) ENGINE = InnoDB AUTO_INCREMENT = 3 CHARACTER SET = utf8mb4 COLLATE = utf8mb4_0900_ai_ci ROW_FORMAT = Dynamic;

-- ----------------------------
-- Records of b_ship_companies
-- ----------------------------
INSERT INTO `b_ship_companies` VALUES (1, '中远海控', '中国', '', '', '', '', 20, '');
INSERT INTO `b_ship_companies` VALUES (2, '郁州海运', '中国', NULL, NULL, NULL, NULL, NULL, NULL);

-- ----------------------------
-- Table structure for b_spacenote
-- ----------------------------
DROP TABLE IF EXISTS `b_spacenote`;
CREATE TABLE `b_spacenote`  (
  `spaceutilizationrate_id` int NOT NULL AUTO_INCREMENT COMMENT '集装箱空间利用率记录id',
  `schedule_id` int NULL DEFAULT NULL COMMENT '航运计划id',
  `container_id` int NULL DEFAULT NULL COMMENT '集装箱id',
  `rate` varchar(255) CHARACTER SET utf8mb4 COLLATE utf8mb4_0900_ai_ci NULL DEFAULT NULL COMMENT '空间利用率',
  `createdate` datetime NULL DEFAULT NULL COMMENT '记录时间',
  PRIMARY KEY (`spaceutilizationrate_id`) USING BTREE
) ENGINE = InnoDB AUTO_INCREMENT = 33 CHARACTER SET = utf8mb4 COLLATE = utf8mb4_0900_ai_ci ROW_FORMAT = Dynamic;

-- ----------------------------
-- Records of b_spacenote
-- ----------------------------
INSERT INTO `b_spacenote` VALUES (29, 1, 1, '0.9701492537313433', '2024-01-20 12:24:45');
INSERT INTO `b_spacenote` VALUES (30, 1, 2, '0.44776119402985076', '2024-01-20 12:24:45');
INSERT INTO `b_spacenote` VALUES (31, 1, 5, '0.9090909090909091', '2024-01-20 12:24:45');
INSERT INTO `b_spacenote` VALUES (32, 1, 6, '0.5', '2024-01-20 12:51:51');
INSERT INTO `b_spacenote` VALUES (33, 1, 7, '0.8', '2024-01-20 12:51:51');

-- ----------------------------
-- Table structure for b_task
-- ----------------------------
DROP TABLE IF EXISTS `b_task`;
CREATE TABLE `b_task`  (
  `task_id` int NOT NULL AUTO_INCREMENT COMMENT '货车任务id',
  `truck_id` varchar(255) CHARACTER SET utf8mb4 COLLATE utf8mb4_0900_ai_ci NULL DEFAULT NULL COMMENT '货车编号',
  `container_id` int NULL DEFAULT NULL COMMENT '集装箱id',
  `task_status` varchar(255) CHARACTER SET utf8mb4 COLLATE utf8mb4_0900_ai_ci NULL DEFAULT NULL COMMENT '任务状态',
  `task_type` varchar(255) CHARACTER SET utf8mb4 COLLATE utf8mb4_0900_ai_ci NULL DEFAULT NULL COMMENT '任务类型',
  `task_start` varchar(255) CHARACTER SET utf8mb4 COLLATE utf8mb4_0900_ai_ci NULL DEFAULT NULL COMMENT '任务起点',
  `task_end` varchar(255) CHARACTER SET utf8mb4 COLLATE utf8mb4_0900_ai_ci NULL DEFAULT NULL COMMENT '任务终点',
  `task_time` datetime NULL DEFAULT NULL COMMENT '任务时间',
  `task_notes` varchar(255) CHARACTER SET utf8mb4 COLLATE utf8mb4_0900_ai_ci NULL DEFAULT NULL COMMENT '任务备注',
  PRIMARY KEY (`task_id`) USING BTREE
) ENGINE = InnoDB AUTO_INCREMENT = 2 CHARACTER SET = utf8mb4 COLLATE = utf8mb4_0900_ai_ci ROW_FORMAT = Dynamic;

-- ----------------------------
-- Records of b_task
-- ----------------------------
INSERT INTO `b_task` VALUES (1, '苏G1234', 1, '未开始', '装船', '100，50', '100，500', '2024-01-12 00:00:00', NULL);
INSERT INTO `b_task` VALUES (2, '苏G2345', 2, '未开始', '装船', '100，100', '100，500', '2024-01-26 00:00:00', NULL);

-- ----------------------------
-- Table structure for b_vehicle
-- ----------------------------
DROP TABLE IF EXISTS `b_vehicle`;
CREATE TABLE `b_vehicle`  (
  `vehicle_id` varchar(255) CHARACTER SET utf8mb4 COLLATE utf8mb4_0900_ai_ci NOT NULL COMMENT '车辆编号',
  `vehicle_type` varchar(255) CHARACTER SET utf8mb4 COLLATE utf8mb4_0900_ai_ci NULL DEFAULT NULL COMMENT '车辆类型',
  `vehicle_status` varchar(255) CHARACTER SET utf8mb4 COLLATE utf8mb4_0900_ai_ci NULL DEFAULT NULL COMMENT '车辆状态',
  `vehicle_image` varchar(255) CHARACTER SET utf8mb4 COLLATE utf8mb4_0900_ai_ci NULL DEFAULT NULL COMMENT '车辆图片',
  PRIMARY KEY (`vehicle_id`) USING BTREE
) ENGINE = InnoDB CHARACTER SET = utf8mb4 COLLATE = utf8mb4_0900_ai_ci ROW_FORMAT = Dynamic;

-- ----------------------------
-- Records of b_vehicle
-- ----------------------------
INSERT INTO `b_vehicle` VALUES ('苏G1234', '集装箱货卡', '待装', '/profile/upload/2024/01/24/卡车1_20240124120050A001.jpg');
INSERT INTO `b_vehicle` VALUES ('苏G2345', '集装箱货卡', '待装', '/profile/upload/2024/01/24/卡车1_20240124120124A002.jpg');
INSERT INTO `b_vehicle` VALUES ('苏G4564', '集装箱货卡', '待装', '/profile/upload/2024/01/24/卡车1_20240124120204A004.jpg');
INSERT INTO `b_vehicle` VALUES ('苏G5423', '集装箱货卡', '待装', '/profile/upload/2024/01/24/卡车1_20240124120146A003.jpg');

-- ----------------------------
-- Table structure for gen_table
-- ----------------------------
DROP TABLE IF EXISTS `gen_table`;
CREATE TABLE `gen_table`  (
  `table_id` bigint NOT NULL AUTO_INCREMENT COMMENT '编号',
  `table_name` varchar(200) CHARACTER SET utf8mb4 COLLATE utf8mb4_0900_ai_ci NULL DEFAULT '' COMMENT '表名称',
  `table_comment` varchar(500) CHARACTER SET utf8mb4 COLLATE utf8mb4_0900_ai_ci NULL DEFAULT '' COMMENT '表描述',
  `sub_table_name` varchar(64) CHARACTER SET utf8mb4 COLLATE utf8mb4_0900_ai_ci NULL DEFAULT NULL COMMENT '关联子表的表名',
  `sub_table_fk_name` varchar(64) CHARACTER SET utf8mb4 COLLATE utf8mb4_0900_ai_ci NULL DEFAULT NULL COMMENT '子表关联的外键名',
  `class_name` varchar(100) CHARACTER SET utf8mb4 COLLATE utf8mb4_0900_ai_ci NULL DEFAULT '' COMMENT '实体类名称',
  `tpl_category` varchar(200) CHARACTER SET utf8mb4 COLLATE utf8mb4_0900_ai_ci NULL DEFAULT 'crud' COMMENT '使用的模板（crud单表操作 tree树表操作）',
  `package_name` varchar(100) CHARACTER SET utf8mb4 COLLATE utf8mb4_0900_ai_ci NULL DEFAULT NULL COMMENT '生成包路径',
  `module_name` varchar(30) CHARACTER SET utf8mb4 COLLATE utf8mb4_0900_ai_ci NULL DEFAULT NULL COMMENT '生成模块名',
  `business_name` varchar(30) CHARACTER SET utf8mb4 COLLATE utf8mb4_0900_ai_ci NULL DEFAULT NULL COMMENT '生成业务名',
  `function_name` varchar(50) CHARACTER SET utf8mb4 COLLATE utf8mb4_0900_ai_ci NULL DEFAULT NULL COMMENT '生成功能名',
  `function_author` varchar(50) CHARACTER SET utf8mb4 COLLATE utf8mb4_0900_ai_ci NULL DEFAULT NULL COMMENT '生成功能作者',
  `gen_type` char(1) CHARACTER SET utf8mb4 COLLATE utf8mb4_0900_ai_ci NULL DEFAULT '0' COMMENT '生成代码方式（0zip压缩包 1自定义路径）',
  `gen_path` varchar(200) CHARACTER SET utf8mb4 COLLATE utf8mb4_0900_ai_ci NULL DEFAULT '/' COMMENT '生成路径（不填默认项目路径）',
  `options` varchar(1000) CHARACTER SET utf8mb4 COLLATE utf8mb4_0900_ai_ci NULL DEFAULT NULL COMMENT '其它生成选项',
  `create_by` varchar(64) CHARACTER SET utf8mb4 COLLATE utf8mb4_0900_ai_ci NULL DEFAULT '' COMMENT '创建者',
  `create_time` datetime NULL DEFAULT NULL COMMENT '创建时间',
  `update_by` varchar(64) CHARACTER SET utf8mb4 COLLATE utf8mb4_0900_ai_ci NULL DEFAULT '' COMMENT '更新者',
  `update_time` datetime NULL DEFAULT NULL COMMENT '更新时间',
  `remark` varchar(500) CHARACTER SET utf8mb4 COLLATE utf8mb4_0900_ai_ci NULL DEFAULT NULL COMMENT '备注',
  PRIMARY KEY (`table_id`) USING BTREE
) ENGINE = InnoDB AUTO_INCREMENT = 26 CHARACTER SET = utf8mb4 COLLATE = utf8mb4_0900_ai_ci COMMENT = '代码生成业务表' ROW_FORMAT = Dynamic;

-- ----------------------------
-- Records of gen_table
-- ----------------------------
INSERT INTO `gen_table` VALUES (2, 'b_port', '港口管理', NULL, NULL, 'BPort', 'crud', 'com.ruoyi.port', 'port', 'port', 'port', 'victorzl', '0', '/', '{\"parentMenuId\":\"2001\"}', 'admin', '2023-12-06 15:47:28', '', '2023-12-06 16:15:46', NULL);
INSERT INTO `gen_table` VALUES (4, 'wx_user', '微信用户管理', NULL, NULL, 'WxUser', 'crud', 'com.ruoyi.user', 'user', 'user', 'wxuser', 'Victorzl', '0', '/', '{\"parentMenuId\":2029}', 'admin', '2023-12-08 14:01:54', '', '2023-12-08 14:03:19', NULL);
INSERT INTO `gen_table` VALUES (5, 'b_ship_companies', '船舶公司管理', NULL, NULL, 'BShipCompanies', 'crud', 'com.ruoyi.shipcompany', 'shipcompany', 'shipcompany', 'shipcompany', 'victorzl', '0', '/', '{\"parentMenuId\":2030}', 'admin', '2023-12-08 14:38:35', '', '2023-12-08 14:40:58', NULL);
INSERT INTO `gen_table` VALUES (7, 'b_route', '航线管理', NULL, NULL, 'BRoute', 'crud', 'com.ruoyi.route', 'route', 'route', 'route', 'victorzl', '0', '/', '{\"parentMenuId\":\"2004\"}', 'admin', '2023-12-08 20:57:43', '', '2023-12-08 21:08:22', NULL);
INSERT INTO `gen_table` VALUES (9, 'b_cargo', '货物管理', NULL, NULL, 'BCargo', 'crud', 'com.ruoyi.cargoinfo', 'cargoinfo', 'cargoinfo', '货物管理', 'victorzl', '0', '/', '{\"parentMenuId\":2040}', 'admin', '2023-12-15 21:09:52', '', '2023-12-15 21:13:59', NULL);
INSERT INTO `gen_table` VALUES (10, 'b_routeschedule', '航运计划管理', NULL, NULL, 'BRouteschedule', 'crud', 'com.ruoyi.routeschedule', 'routeschedule', 'routeschedule', '航运计划', 'victorzl', '0', '/', '{\"parentMenuId\":2009}', 'admin', '2023-12-16 17:22:12', '', '2023-12-16 17:23:45', NULL);
INSERT INTO `gen_table` VALUES (11, 'b_ship', '船舶管理', NULL, NULL, 'BShip', 'crud', 'com.ruoyi.ship', 'ship', 'ship', '船舶管理', 'victorzl', '0', '/', '{\"parentMenuId\":2005}', 'admin', '2023-12-16 22:43:52', '', '2023-12-16 22:44:51', NULL);
INSERT INTO `gen_table` VALUES (12, 'b_order', '订单管理', NULL, NULL, 'BOrder', 'crud', 'com.ruoyi.order', 'order', 'order', 'order', 'victorzl', '0', '/', '{\"parentMenuId\":2007}', 'admin', '2023-12-30 20:11:27', '', '2023-12-30 20:13:54', NULL);
INSERT INTO `gen_table` VALUES (13, 'b_danger', '危险品识别信息管理', NULL, NULL, 'BDanger', 'crud', 'com.ruoyi.dangerinfo', 'dangerinfo', 'dangerinfo', '危险品识别信息管理', 'victorzl', '0', '/', '{\"parentMenuId\":2051}', 'admin', '2024-01-07 15:13:31', '', '2024-01-07 15:15:45', NULL);
INSERT INTO `gen_table` VALUES (14, 'b_feedbook', '用户反馈', NULL, NULL, 'BFeedbook', 'crud', 'com.ruoyi.feedbook', 'feedbook', 'feedbook', '用户反馈', 'victorzl', '0', '/', '{\"parentMenuId\":2006}', 'admin', '2024-01-09 09:41:09', '', '2024-01-09 09:42:06', NULL);
INSERT INTO `gen_table` VALUES (16, 'b_ffcompany', 'ffcompany', NULL, NULL, 'BFfcompany', 'crud', 'com.ruoyi.ffcompany', 'ffcompany', 'ffcompany', '货代公司管理', 'victorzl', '0', '/', '{\"parentMenuId\":2055}', 'admin', '2024-01-15 18:34:10', '', '2024-01-15 18:35:26', NULL);
INSERT INTO `gen_table` VALUES (17, 'b_container', '集装箱管理', NULL, NULL, 'BContainer', 'crud', 'com.ruoyi.container', 'container', 'container', '集装箱管理', 'victorzl', '0', '/', '{\"parentMenuId\":2008}', 'admin', '2024-01-18 11:21:10', '', '2024-01-18 11:22:15', NULL);
INSERT INTO `gen_table` VALUES (18, 'b_allocation', '货物分配', NULL, NULL, 'BAllocation', 'crud', 'com.ruoyi.allocation', 'allocation', 'allocation', '货物分配', 'victorzl', '0', '/', '{\"parentMenuId\":2041}', 'admin', '2024-01-19 09:40:25', '', '2024-01-19 09:41:31', NULL);
INSERT INTO `gen_table` VALUES (19, 'b_spacenote', '集装箱空间利用率', NULL, NULL, 'BSpacenote', 'crud', 'com.ruoyi.spacenote', 'spacenote', 'spacenote', '集装箱空间利用率', 'victorzl', '0', '/', '{\"parentMenuId\":2071}', 'admin', '2024-01-19 21:14:05', '', '2024-01-19 21:16:02', NULL);
INSERT INTO `gen_table` VALUES (20, 'b_dangerknowledge', '危险品知识库', NULL, NULL, 'BDangerknowledge', 'crud', 'com.ruoyi.dangerknowledge', 'dangerknowledge', 'dangerknowledge', '危险品知识库', 'victorzl', '0', '/', '{\"parentMenuId\":2052}', 'admin', '2024-01-22 12:54:07', '', '2024-01-22 13:01:07', NULL);
INSERT INTO `gen_table` VALUES (22, 'b_vehicle', 'vehicle', NULL, NULL, 'BVehicle', 'crud', 'com.ruoyi.vehicle', 'vehicle', 'vehicle', '货车管理', 'victorzl', '0', '/', '{\"parentMenuId\":2073}', 'admin', '2024-01-24 11:57:30', '', '2024-01-24 11:58:05', NULL);
INSERT INTO `gen_table` VALUES (23, 'b_pile', '货堆管理', NULL, NULL, 'BPile', 'crud', 'com.ruoyi.pile', 'pile', 'pile', '货堆管理', 'victorzl', '0', '/', '{\"parentMenuId\":2047}', 'admin', '2024-01-24 17:24:43', '', '2024-01-24 17:25:19', NULL);
INSERT INTO `gen_table` VALUES (26, 'b_task', 'task', NULL, NULL, 'BTask', 'crud', 'com.ruoyi.task', 'task', 'task', '货车计划管理', 'victorzl', '0', '/', '{\"parentMenuId\":2074}', 'admin', '2024-01-24 18:14:32', '', '2024-01-24 18:15:04', NULL);
INSERT INTO `gen_table` VALUES (29, 'b_containerslot', 'containerslot', NULL, NULL, 'BContainerslot', 'crud', 'com.ruoyi.containerslot', 'containerslot', 'containerslot', '箱位管理', 'victorzl', '0', '/', '{\"parentMenuId\":2001}', 'admin', '2024-02-12 16:34:50', '', '2024-02-12 16:35:17', NULL);
INSERT INTO `gen_table` VALUES (30, 'b_containerassembly', 'containerassembly', NULL, NULL, 'BContainerassembly', 'crud', 'com.ruoyi.containerassembly', 'containerassembly', 'containerassembly', '集装箱装配', 'victorzl', '0', '/', '{\"parentMenuId\":2068}', 'admin', '2024-02-12 17:04:53', '', '2024-02-12 17:05:41', NULL);
INSERT INTO `gen_table` VALUES (31, 'b_containerunloading', '集装箱卸载管理', NULL, NULL, 'BContainerunloading', 'crud', 'com.ruoyi.containerunloading', 'containerunloading', 'containerunloading', '集装箱卸载管理', 'victorzl', '0', '/', '{}', 'admin', '2024-02-13 09:47:20', '', '2024-02-13 09:48:28', NULL);

-- ----------------------------
-- Table structure for gen_table_column
-- ----------------------------
DROP TABLE IF EXISTS `gen_table_column`;
CREATE TABLE `gen_table_column`  (
  `column_id` bigint NOT NULL AUTO_INCREMENT COMMENT '编号',
  `table_id` bigint NULL DEFAULT NULL COMMENT '归属表编号',
  `column_name` varchar(200) CHARACTER SET utf8mb4 COLLATE utf8mb4_0900_ai_ci NULL DEFAULT NULL COMMENT '列名称',
  `column_comment` varchar(500) CHARACTER SET utf8mb4 COLLATE utf8mb4_0900_ai_ci NULL DEFAULT NULL COMMENT '列描述',
  `column_type` varchar(100) CHARACTER SET utf8mb4 COLLATE utf8mb4_0900_ai_ci NULL DEFAULT NULL COMMENT '列类型',
  `java_type` varchar(500) CHARACTER SET utf8mb4 COLLATE utf8mb4_0900_ai_ci NULL DEFAULT NULL COMMENT 'JAVA类型',
  `java_field` varchar(200) CHARACTER SET utf8mb4 COLLATE utf8mb4_0900_ai_ci NULL DEFAULT NULL COMMENT 'JAVA字段名',
  `is_pk` char(1) CHARACTER SET utf8mb4 COLLATE utf8mb4_0900_ai_ci NULL DEFAULT NULL COMMENT '是否主键（1是）',
  `is_increment` char(1) CHARACTER SET utf8mb4 COLLATE utf8mb4_0900_ai_ci NULL DEFAULT NULL COMMENT '是否自增（1是）',
  `is_required` char(1) CHARACTER SET utf8mb4 COLLATE utf8mb4_0900_ai_ci NULL DEFAULT NULL COMMENT '是否必填（1是）',
  `is_insert` char(1) CHARACTER SET utf8mb4 COLLATE utf8mb4_0900_ai_ci NULL DEFAULT NULL COMMENT '是否为插入字段（1是）',
  `is_edit` char(1) CHARACTER SET utf8mb4 COLLATE utf8mb4_0900_ai_ci NULL DEFAULT NULL COMMENT '是否编辑字段（1是）',
  `is_list` char(1) CHARACTER SET utf8mb4 COLLATE utf8mb4_0900_ai_ci NULL DEFAULT NULL COMMENT '是否列表字段（1是）',
  `is_query` char(1) CHARACTER SET utf8mb4 COLLATE utf8mb4_0900_ai_ci NULL DEFAULT NULL COMMENT '是否查询字段（1是）',
  `query_type` varchar(200) CHARACTER SET utf8mb4 COLLATE utf8mb4_0900_ai_ci NULL DEFAULT 'EQ' COMMENT '查询方式（等于、不等于、大于、小于、范围）',
  `html_type` varchar(200) CHARACTER SET utf8mb4 COLLATE utf8mb4_0900_ai_ci NULL DEFAULT NULL COMMENT '显示类型（文本框、文本域、下拉框、复选框、单选框、日期控件）',
  `dict_type` varchar(200) CHARACTER SET utf8mb4 COLLATE utf8mb4_0900_ai_ci NULL DEFAULT '' COMMENT '字典类型',
  `sort` int NULL DEFAULT NULL COMMENT '排序',
  `create_by` varchar(64) CHARACTER SET utf8mb4 COLLATE utf8mb4_0900_ai_ci NULL DEFAULT '' COMMENT '创建者',
  `create_time` datetime NULL DEFAULT NULL COMMENT '创建时间',
  `update_by` varchar(64) CHARACTER SET utf8mb4 COLLATE utf8mb4_0900_ai_ci NULL DEFAULT '' COMMENT '更新者',
  `update_time` datetime NULL DEFAULT NULL COMMENT '更新时间',
  PRIMARY KEY (`column_id`) USING BTREE
) ENGINE = InnoDB AUTO_INCREMENT = 179 CHARACTER SET = utf8mb4 COLLATE = utf8mb4_0900_ai_ci COMMENT = '代码生成业务表字段' ROW_FORMAT = Dynamic;

-- ----------------------------
-- Records of gen_table_column
-- ----------------------------
INSERT INTO `gen_table_column` VALUES (5, 2, 'port_id', '港口id', 'int', 'Long', 'portId', '1', '0', NULL, '1', NULL, NULL, NULL, 'EQ', 'input', '', 1, 'admin', '2023-12-06 15:47:28', '', '2023-12-06 16:15:46');
INSERT INTO `gen_table_column` VALUES (6, 2, 'port_name', '港口名称', 'varchar(255)', 'String', 'portName', '0', '0', NULL, '1', '1', '1', '1', 'LIKE', 'input', '', 2, 'admin', '2023-12-06 15:47:28', '', '2023-12-06 16:15:46');
INSERT INTO `gen_table_column` VALUES (7, 2, 'port_location', '港口位置', 'varchar(255)', 'String', 'portLocation', '0', '0', NULL, '1', '1', '1', '1', 'EQ', 'textarea', '', 3, 'admin', '2023-12-06 15:47:28', '', '2023-12-06 16:15:46');
INSERT INTO `gen_table_column` VALUES (8, 2, 'port_facilities', '港口设施描述', 'varchar(255)', 'String', 'portFacilities', '0', '0', NULL, '1', '1', '1', '1', 'EQ', 'textarea', '', 4, 'admin', '2023-12-06 15:47:28', '', '2023-12-06 16:15:46');
INSERT INTO `gen_table_column` VALUES (9, 2, 'port_contact', '港口联系方式', 'varchar(255)', 'String', 'portContact', '0', '0', NULL, '1', '1', '1', '1', 'EQ', 'input', '', 5, 'admin', '2023-12-06 15:47:28', '', '2023-12-06 16:15:46');
INSERT INTO `gen_table_column` VALUES (10, 2, 'port_image', '港口预览', 'varchar(255)', 'String', 'portImage', '0', '0', NULL, '1', '1', '1', '1', 'EQ', 'imageUpload', '', 6, 'admin', '2023-12-06 15:47:28', '', '2023-12-06 16:15:46');
INSERT INTO `gen_table_column` VALUES (16, 4, 'open_id', '用户id', 'varchar(255)', 'String', 'openId', '1', '0', NULL, '1', NULL, NULL, NULL, 'EQ', 'input', '', 1, 'admin', '2023-12-08 14:01:54', '', '2023-12-08 14:03:19');
INSERT INTO `gen_table_column` VALUES (17, 4, 'user_name', '用户名\r\n', 'varchar(255)', 'String', 'userName', '0', '0', '0', '1', '1', '1', '1', 'LIKE', 'input', '', 2, 'admin', '2023-12-08 14:01:54', '', '2023-12-08 14:03:19');
INSERT INTO `gen_table_column` VALUES (18, 4, 'user_identity', '身份', 'varchar(255)', 'String', 'userIdentity', '0', '0', NULL, '1', '1', '1', '1', 'EQ', 'input', '', 3, 'admin', '2023-12-08 14:01:54', '', '2023-12-08 14:03:19');
INSERT INTO `gen_table_column` VALUES (19, 4, 'phone_number', '手机号', 'varchar(255)', 'String', 'phoneNumber', '0', '0', NULL, '1', '1', '1', '1', 'EQ', 'input', '', 4, 'admin', '2023-12-08 14:01:54', '', '2023-12-08 14:03:19');
INSERT INTO `gen_table_column` VALUES (20, 4, 'wallet_balance', '余额', 'double', 'Long', 'walletBalance', '0', '0', NULL, '1', '1', '1', '1', 'EQ', 'input', '', 5, 'admin', '2023-12-08 14:01:54', '', '2023-12-08 14:03:19');
INSERT INTO `gen_table_column` VALUES (21, 5, 'company_id', '船舶公司id', 'int', 'Long', 'companyId', '1', '1', NULL, '1', NULL, NULL, NULL, 'EQ', 'input', '', 1, 'admin', '2023-12-08 14:38:35', '', '2023-12-08 14:40:58');
INSERT INTO `gen_table_column` VALUES (22, 5, 'conpany_name', '船舶公司名称', 'varchar(255)', 'String', 'conpanyName', '0', '0', NULL, '1', '1', '1', '1', 'LIKE', 'input', '', 2, 'admin', '2023-12-08 14:38:35', '', '2023-12-08 14:40:58');
INSERT INTO `gen_table_column` VALUES (23, 5, 'company_address', '公司地址', 'varchar(255)', 'String', 'companyAddress', '0', '0', NULL, '1', '1', '1', '1', 'EQ', 'input', '', 3, 'admin', '2023-12-08 14:38:35', '', '2023-12-08 14:40:58');
INSERT INTO `gen_table_column` VALUES (24, 5, 'company_phone', '公司电话', 'varchar(255)', 'String', 'companyPhone', '0', '0', NULL, '1', '1', '1', '1', 'EQ', 'input', '', 4, 'admin', '2023-12-08 14:38:35', '', '2023-12-08 14:40:58');
INSERT INTO `gen_table_column` VALUES (25, 5, 'company_email', '公司邮箱', 'varchar(255)', 'String', 'companyEmail', '0', '0', NULL, '1', '1', '1', '1', 'EQ', 'input', '', 5, 'admin', '2023-12-08 14:38:35', '', '2023-12-08 14:40:58');
INSERT INTO `gen_table_column` VALUES (26, 5, 'contact_person', '联系人姓名', 'varchar(255)', 'String', 'contactPerson', '0', '0', NULL, '1', '1', '1', '1', 'EQ', 'input', '', 6, 'admin', '2023-12-08 14:38:35', '', '2023-12-08 14:40:58');
INSERT INTO `gen_table_column` VALUES (27, 5, 'contact_email', '联系人邮箱', 'varchar(255)', 'String', 'contactEmail', '0', '0', NULL, '1', '1', '1', '1', 'EQ', 'input', '', 7, 'admin', '2023-12-08 14:38:35', '', '2023-12-08 14:40:58');
INSERT INTO `gen_table_column` VALUES (28, 5, 'vessels_managed', '公司管理船舶数量', 'int', 'Long', 'vesselsManaged', '0', '0', NULL, '1', '1', '1', '1', 'EQ', 'input', '', 8, 'admin', '2023-12-08 14:38:35', '', '2023-12-08 14:40:58');
INSERT INTO `gen_table_column` VALUES (29, 5, 'company_description', '公司描述', 'varchar(255)', 'String', 'companyDescription', '0', '0', NULL, '1', '1', '1', '1', 'EQ', 'input', '', 9, 'admin', '2023-12-08 14:38:35', '', '2023-12-08 14:40:58');
INSERT INTO `gen_table_column` VALUES (33, 7, 'route_id', '航线id', 'int', 'Long', 'routeId', '1', '1', NULL, '1', NULL, NULL, NULL, 'EQ', 'input', '', 1, 'admin', '2023-12-08 20:57:43', '', '2023-12-08 21:08:22');
INSERT INTO `gen_table_column` VALUES (34, 7, 'route_name', '航线名称', 'varchar(255)', 'String', 'routeName', '0', '0', NULL, '1', '1', '1', '1', 'LIKE', 'input', '', 2, 'admin', '2023-12-08 20:57:43', '', '2023-12-08 21:08:22');
INSERT INTO `gen_table_column` VALUES (35, 7, 'route_content', '挂靠港口', 'varchar(255)', 'String', 'routeContent', '0', '0', NULL, '1', '1', '1', '1', 'EQ', 'textarea', '', 3, 'admin', '2023-12-08 20:57:43', '', '2023-12-08 21:08:22');
INSERT INTO `gen_table_column` VALUES (43, 9, 'cargo_id', '货物id', 'int', 'Long', 'cargoId', '1', '1', NULL, '1', NULL, NULL, NULL, 'EQ', 'input', '', 1, 'admin', '2023-12-15 21:09:52', '', '2023-12-15 21:13:59');
INSERT INTO `gen_table_column` VALUES (44, 9, 'cargo_name', '货物名称', 'varchar(255)', 'String', 'cargoName', '0', '0', NULL, '1', '1', '1', '1', 'LIKE', 'input', '', 2, 'admin', '2023-12-15 21:09:52', '', '2023-12-15 21:13:59');
INSERT INTO `gen_table_column` VALUES (45, 9, 'cargo_type', '货物类型', 'varchar(255)', 'String', 'cargoType', '0', '0', NULL, '1', '1', '1', '1', 'EQ', 'select', '', 3, 'admin', '2023-12-15 21:09:52', '', '2023-12-15 21:13:59');
INSERT INTO `gen_table_column` VALUES (46, 9, 'cargo_weight', '货物重量', 'double', 'Long', 'cargoWeight', '0', '0', NULL, '1', '1', '1', '1', 'EQ', 'input', '', 4, 'admin', '2023-12-15 21:09:52', '', '2023-12-15 21:13:59');
INSERT INTO `gen_table_column` VALUES (47, 9, 'cargo_volume', '货物体积', 'double', 'Long', 'cargoVolume', '0', '0', NULL, '1', '1', '1', '1', 'EQ', 'input', '', 5, 'admin', '2023-12-15 21:09:52', '', '2023-12-15 21:13:59');
INSERT INTO `gen_table_column` VALUES (48, 9, 'cargo_status', '货物状态', 'varchar(255)', 'String', 'cargoStatus', '0', '0', NULL, '1', '1', '1', '1', 'EQ', 'radio', '', 6, 'admin', '2023-12-15 21:09:52', '', '2023-12-15 21:13:59');
INSERT INTO `gen_table_column` VALUES (49, 9, 'cargo_image', '货物图片', 'varchar(255)', 'String', 'cargoImage', '0', '0', NULL, '1', '1', '1', '1', 'EQ', 'imageUpload', '', 7, 'admin', '2023-12-15 21:09:52', '', '2023-12-15 21:13:59');
INSERT INTO `gen_table_column` VALUES (50, 9, 'user_id', '外键关联用户表', 'varchar(255)', 'String', 'userId', '0', '0', NULL, '1', '1', '1', '1', 'EQ', 'input', '', 8, 'admin', '2023-12-15 21:09:52', '', '2023-12-15 21:13:59');
INSERT INTO `gen_table_column` VALUES (51, 10, 'routeschedule_id', '航线计划id', 'int', 'Long', 'routescheduleId', '1', '1', NULL, '1', NULL, NULL, NULL, 'EQ', 'input', '', 1, 'admin', '2023-12-16 17:22:12', '', '2023-12-16 17:23:45');
INSERT INTO `gen_table_column` VALUES (52, 10, 'ship_id', '货轮id', 'int', 'Long', 'shipId', '0', '0', NULL, '1', '1', '1', '1', 'EQ', 'input', '', 2, 'admin', '2023-12-16 17:22:12', '', '2023-12-16 17:23:45');
INSERT INTO `gen_table_column` VALUES (53, 10, 'route_id', '航线id', 'int', 'Long', 'routeId', '0', '0', NULL, '1', '1', '1', '1', 'EQ', 'input', '', 3, 'admin', '2023-12-16 17:22:12', '', '2023-12-16 17:23:45');
INSERT INTO `gen_table_column` VALUES (54, 10, 'departure_port', '出发港口', 'varchar(255)', 'String', 'departurePort', '0', '0', NULL, '1', '1', '1', '1', 'EQ', 'input', '', 4, 'admin', '2023-12-16 17:22:12', '', '2023-12-16 17:23:45');
INSERT INTO `gen_table_column` VALUES (55, 10, 'ending_port', '终点港口', 'varchar(255)', 'String', 'endingPort', '0', '0', NULL, '1', '1', '1', '1', 'EQ', 'input', '', 5, 'admin', '2023-12-16 17:22:12', '', '2023-12-16 17:23:45');
INSERT INTO `gen_table_column` VALUES (56, 10, 'start_time', '预计到港时间', 'datetime', 'Date', 'startTime', '0', '0', NULL, '1', '1', '1', '1', 'EQ', 'datetime', '', 6, 'admin', '2023-12-16 17:22:12', '', '2023-12-16 17:23:45');
INSERT INTO `gen_table_column` VALUES (57, 10, 'route_distance', '航线距离', 'double', 'Long', 'routeDistance', '0', '0', NULL, '1', '1', '1', '1', 'EQ', 'input', '', 7, 'admin', '2023-12-16 17:22:12', '', '2023-12-16 17:23:45');
INSERT INTO `gen_table_column` VALUES (58, 10, 'estimated_duration', '预计航行时间', 'double', 'Long', 'estimatedDuration', '0', '0', NULL, '1', '1', '1', '1', 'EQ', 'input', '', 8, 'admin', '2023-12-16 17:22:12', '', '2023-12-16 17:23:45');
INSERT INTO `gen_table_column` VALUES (59, 11, 'ship_id', '货轮id', 'int', 'Long', 'shipId', '1', '0', NULL, '1', NULL, NULL, NULL, 'EQ', 'input', '', 1, 'admin', '2023-12-16 22:43:52', '', '2023-12-16 22:44:51');
INSERT INTO `gen_table_column` VALUES (60, 11, 'company_id', '船运公司id', 'int', 'Long', 'companyId', '0', '0', NULL, '1', '1', '1', '1', 'EQ', 'input', '', 2, 'admin', '2023-12-16 22:43:52', '', '2023-12-16 22:44:51');
INSERT INTO `gen_table_column` VALUES (61, 11, 'ship_name', '船舶名称', 'varchar(255)', 'String', 'shipName', '0', '0', NULL, '1', '1', '1', '1', 'LIKE', 'input', '', 3, 'admin', '2023-12-16 22:43:52', '', '2023-12-16 22:44:51');
INSERT INTO `gen_table_column` VALUES (62, 11, 'ship_type', '船舶类型', 'varchar(255)', 'String', 'shipType', '0', '0', NULL, '1', '1', '1', '1', 'EQ', 'select', '', 4, 'admin', '2023-12-16 22:43:52', '', '2023-12-16 22:44:51');
INSERT INTO `gen_table_column` VALUES (63, 11, 'ship_draft', '吃水', 'double', 'Long', 'shipDraft', '0', '0', NULL, '1', '1', '1', '1', 'EQ', 'input', '', 5, 'admin', '2023-12-16 22:43:52', '', '2023-12-16 22:44:51');
INSERT INTO `gen_table_column` VALUES (64, 11, 'ship_netweight', '净重', 'double', 'Long', 'shipNetweight', '0', '0', NULL, '1', '1', '1', '1', 'EQ', 'input', '', 6, 'admin', '2023-12-16 22:43:52', '', '2023-12-16 22:44:51');
INSERT INTO `gen_table_column` VALUES (65, 11, 'ship_weight', '总吨', 'double', 'Long', 'shipWeight', '0', '0', NULL, '1', '1', '1', '1', 'EQ', 'input', '', 7, 'admin', '2023-12-16 22:43:52', '', '2023-12-16 22:44:51');
INSERT INTO `gen_table_column` VALUES (66, 11, 'ship_mmsi', 'MMSI', 'varchar(255)', 'String', 'shipMmsi', '0', '0', NULL, '1', '1', '1', '1', 'EQ', 'input', '', 8, 'admin', '2023-12-16 22:43:52', '', '2023-12-16 22:44:51');
INSERT INTO `gen_table_column` VALUES (67, 11, 'ship_portofregistry', '船籍港', 'varchar(255)', 'String', 'shipPortofregistry', '0', '0', NULL, '1', '1', '1', '1', 'EQ', 'input', '', 9, 'admin', '2023-12-16 22:43:52', '', '2023-12-16 22:44:51');
INSERT INTO `gen_table_column` VALUES (68, 11, 'ship_callsign', '呼号', 'varchar(255)', 'String', 'shipCallsign', '0', '0', NULL, '1', '1', '1', '1', 'EQ', 'input', '', 10, 'admin', '2023-12-16 22:43:52', '', '2023-12-16 22:44:51');
INSERT INTO `gen_table_column` VALUES (69, 11, 'ship_nationality', '国籍', 'varchar(255)', 'String', 'shipNationality', '0', '0', NULL, '1', '1', '1', '1', 'EQ', 'input', '', 11, 'admin', '2023-12-16 22:43:52', '', '2023-12-16 22:44:51');
INSERT INTO `gen_table_column` VALUES (70, 11, 'ship_imo', 'IMO号', 'varchar(255)', 'String', 'shipImo', '0', '0', NULL, '1', '1', '1', '1', 'EQ', 'input', '', 12, 'admin', '2023-12-16 22:43:52', '', '2023-12-16 22:44:51');
INSERT INTO `gen_table_column` VALUES (71, 11, 'ship_length', '船长', 'double', 'Long', 'shipLength', '0', '0', NULL, '1', '1', '1', '1', 'EQ', 'input', '', 13, 'admin', '2023-12-16 22:43:52', '', '2023-12-16 22:44:51');
INSERT INTO `gen_table_column` VALUES (72, 11, 'ship_image', '船舶图片', 'varchar(255)', 'String', 'shipImage', '0', '0', NULL, '1', '1', '1', '1', 'EQ', 'imageUpload', '', 14, 'admin', '2023-12-16 22:43:52', '', '2023-12-16 22:44:51');
INSERT INTO `gen_table_column` VALUES (73, 11, 'ship_status', '船舶状态', 'varchar(255)', 'String', 'shipStatus', '0', '0', NULL, '1', '1', '1', '1', 'EQ', 'radio', '', 15, 'admin', '2023-12-16 22:43:52', '', '2023-12-16 22:44:51');
INSERT INTO `gen_table_column` VALUES (74, 12, 'order_id', '订单id', 'varchar(255)', 'String', 'orderId', '1', '0', NULL, '1', NULL, NULL, NULL, 'EQ', 'input', '', 1, 'admin', '2023-12-30 20:11:27', '', '2023-12-30 20:13:54');
INSERT INTO `gen_table_column` VALUES (75, 12, 'user_id', '用户id', 'varchar(255)', 'String', 'userId', '0', '0', NULL, '1', '1', '1', '1', 'EQ', 'input', '', 2, 'admin', '2023-12-30 20:11:27', '', '2023-12-30 20:13:54');
INSERT INTO `gen_table_column` VALUES (76, 12, 'cargo_id', '货物id', 'int', 'Long', 'cargoId', '0', '0', NULL, '1', '1', '1', '1', 'EQ', 'input', '', 3, 'admin', '2023-12-30 20:11:27', '', '2023-12-30 20:13:54');
INSERT INTO `gen_table_column` VALUES (77, 12, 'schedule_id', '航运计划id', 'int', 'Long', 'scheduleId', '0', '0', NULL, '1', '1', '1', '1', 'EQ', 'input', '', 4, 'admin', '2023-12-30 20:11:27', '', '2023-12-30 20:13:54');
INSERT INTO `gen_table_column` VALUES (78, 12, 'order_money', '交易金额', 'double', 'Long', 'orderMoney', '0', '0', NULL, '1', '1', '1', '1', 'EQ', 'input', '', 5, 'admin', '2023-12-30 20:11:27', '', '2023-12-30 20:13:54');
INSERT INTO `gen_table_column` VALUES (79, 12, 'order_status', '订单状态', 'varchar(255)', 'String', 'orderStatus', '0', '0', NULL, '1', '1', '1', '1', 'EQ', 'radio', '', 6, 'admin', '2023-12-30 20:11:27', '', '2023-12-30 20:13:54');
INSERT INTO `gen_table_column` VALUES (80, 12, 'order_notes', '交易备注', 'varchar(255)', 'String', 'orderNotes', '0', '0', NULL, '1', '1', '1', '1', 'EQ', 'textarea', '', 7, 'admin', '2023-12-30 20:11:27', '', '2023-12-30 20:13:54');
INSERT INTO `gen_table_column` VALUES (81, 12, 'create_time', '订单创建时间', 'datetime', 'Date', 'createTime', '0', '0', NULL, '1', NULL, NULL, NULL, 'EQ', 'datetime', '', 8, 'admin', '2023-12-30 20:11:27', '', '2023-12-30 20:13:54');
INSERT INTO `gen_table_column` VALUES (82, 13, 'danger_id', '危险品识别id', 'int', 'Long', 'dangerId', '1', '0', NULL, '1', NULL, NULL, NULL, 'EQ', 'input', '', 1, 'admin', '2024-01-07 15:13:31', '', '2024-01-07 15:15:45');
INSERT INTO `gen_table_column` VALUES (83, 13, 'before_image', '识别前图片', 'varchar(255)', 'String', 'beforeImage', '0', '0', NULL, '1', '1', '1', '1', 'EQ', 'imageUpload', '', 2, 'admin', '2024-01-07 15:13:31', '', '2024-01-07 15:15:45');
INSERT INTO `gen_table_column` VALUES (84, 13, 'after_image', '识别结果图片', 'varchar(255)', 'String', 'afterImage', '0', '0', NULL, '1', '1', '1', '1', 'EQ', 'imageUpload', '', 3, 'admin', '2024-01-07 15:13:31', '', '2024-01-07 15:15:45');
INSERT INTO `gen_table_column` VALUES (85, 13, 'danger_descrition', '识别描述', 'varchar(255)', 'String', 'dangerDescrition', '0', '0', NULL, '1', '1', '1', '1', 'EQ', 'input', '', 4, 'admin', '2024-01-07 15:13:31', '', '2024-01-07 15:15:45');
INSERT INTO `gen_table_column` VALUES (86, 13, 'danger_status', '识别状态', 'varchar(255)', 'String', 'dangerStatus', '0', '0', NULL, '1', '1', '1', '1', 'EQ', 'radio', '', 5, 'admin', '2024-01-07 15:13:31', '', '2024-01-07 15:15:45');
INSERT INTO `gen_table_column` VALUES (87, 13, 'danger_time', '识别时间', 'datetime', 'Date', 'dangerTime', '0', '0', NULL, '1', '1', '1', '1', 'EQ', 'datetime', '', 6, 'admin', '2024-01-07 15:13:31', '', '2024-01-07 15:15:45');
INSERT INTO `gen_table_column` VALUES (88, 14, 'feed_id', '用户反馈id', 'int', 'Long', 'feedId', '1', '0', NULL, '1', NULL, NULL, NULL, 'EQ', 'input', '', 1, 'admin', '2024-01-09 09:41:09', '', '2024-01-09 09:42:06');
INSERT INTO `gen_table_column` VALUES (89, 14, 'feed_content', '用户反馈内容', 'varchar(255)', 'String', 'feedContent', '0', '0', NULL, '1', '1', '1', '1', 'EQ', 'editor', '', 2, 'admin', '2024-01-09 09:41:09', '', '2024-01-09 09:42:06');
INSERT INTO `gen_table_column` VALUES (90, 14, 'feed_date', '用户反馈时间', 'datetime', 'Date', 'feedDate', '0', '0', '1', '1', '1', '1', '1', 'EQ', 'datetime', '', 3, 'admin', '2024-01-09 09:41:09', '', '2024-01-09 09:42:06');
INSERT INTO `gen_table_column` VALUES (91, 14, 'user_id', '用户id', 'varchar(255)', 'String', 'userId', '0', '0', NULL, '1', '1', '1', '1', 'EQ', 'input', '', 4, 'admin', '2024-01-09 09:41:09', '', '2024-01-09 09:42:06');
INSERT INTO `gen_table_column` VALUES (99, 16, 'ffcompany_id', '货代公司id', 'int', 'Long', 'ffcompanyId', '1', '1', NULL, '1', NULL, NULL, NULL, 'EQ', 'input', '', 1, 'admin', '2024-01-15 18:34:10', '', '2024-01-15 18:35:26');
INSERT INTO `gen_table_column` VALUES (100, 16, 'ffcompany_name', '货代公司名称', 'varchar(255)', 'String', 'ffcompanyName', '0', '0', NULL, '1', '1', '1', '1', 'LIKE', 'input', '', 2, 'admin', '2024-01-15 18:34:10', '', '2024-01-15 18:35:26');
INSERT INTO `gen_table_column` VALUES (101, 16, 'ffregistered_location', '货代公司注册地点', 'varchar(255)', 'String', 'ffregisteredLocation', '0', '0', NULL, '1', '1', '1', '1', 'EQ', 'input', '', 3, 'admin', '2024-01-15 18:34:10', '', '2024-01-15 18:35:26');
INSERT INTO `gen_table_column` VALUES (102, 16, 'ffcontact_address', '货代公司联系地址', 'varchar(255)', 'String', 'ffcontactAddress', '0', '0', NULL, '1', '1', '1', '1', 'EQ', 'input', '', 4, 'admin', '2024-01-15 18:34:10', '', '2024-01-15 18:35:26');
INSERT INTO `gen_table_column` VALUES (103, 16, 'ffcontact_phone', '货代公司联系电话', 'varchar(255)', 'String', 'ffcontactPhone', '0', '0', NULL, '1', '1', '1', '1', 'EQ', 'input', '', 5, 'admin', '2024-01-15 18:34:10', '', '2024-01-15 18:35:26');
INSERT INTO `gen_table_column` VALUES (104, 16, 'ff_email', '货代公司电子邮件', 'varchar(255)', 'String', 'ffEmail', '0', '0', NULL, '1', '1', '1', '1', 'EQ', 'input', '', 6, 'admin', '2024-01-15 18:34:10', '', '2024-01-15 18:35:26');
INSERT INTO `gen_table_column` VALUES (105, 16, 'ff_website', '货代公司网站地址', 'varchar(255)', 'String', 'ffWebsite', '0', '0', NULL, '1', '1', '1', '1', 'EQ', 'input', '', 7, 'admin', '2024-01-15 18:34:10', '', '2024-01-15 18:35:26');
INSERT INTO `gen_table_column` VALUES (106, 16, 'ff_image', '公司实景图片', 'varchar(255)', 'String', 'ffImage', '0', '0', NULL, '1', '1', '1', '1', 'EQ', 'imageUpload', '', 8, 'admin', '2024-01-15 18:34:10', '', '2024-01-15 18:35:26');
INSERT INTO `gen_table_column` VALUES (107, 17, 'container_id', '集装箱id', 'int', 'Long', 'containerId', '1', '1', NULL, '1', NULL, NULL, NULL, 'EQ', 'input', '', 1, 'admin', '2024-01-18 11:21:10', '', '2024-01-18 11:22:15');
INSERT INTO `gen_table_column` VALUES (108, 17, 'container_type', '集装箱类型', 'varchar(255)', 'String', 'containerType', '0', '0', NULL, '1', '1', '1', '1', 'EQ', 'select', '', 2, 'admin', '2024-01-18 11:21:10', '', '2024-01-18 11:22:15');
INSERT INTO `gen_table_column` VALUES (109, 17, 'current_weight', '集装箱现在重量', 'double', 'Long', 'currentWeight', '0', '0', NULL, '1', '1', '1', '1', 'EQ', 'input', '', 3, 'admin', '2024-01-18 11:21:10', '', '2024-01-18 11:22:15');
INSERT INTO `gen_table_column` VALUES (110, 17, 'current_volume', '集装箱现在容积', 'double', 'Long', 'currentVolume', '0', '0', NULL, '1', '1', '1', '1', 'EQ', 'input', '', 4, 'admin', '2024-01-18 11:21:10', '', '2024-01-18 11:22:15');
INSERT INTO `gen_table_column` VALUES (111, 17, 'max_weight', '最大承重', 'double', 'Long', 'maxWeight', '0', '0', NULL, '1', '1', '1', '1', 'EQ', 'input', '', 5, 'admin', '2024-01-18 11:21:10', '', '2024-01-18 11:22:15');
INSERT INTO `gen_table_column` VALUES (112, 17, 'max_volume', '最大容器', 'double', 'Long', 'maxVolume', '0', '0', NULL, '1', '1', '1', '1', 'EQ', 'input', '', 6, 'admin', '2024-01-18 11:21:10', '', '2024-01-18 11:22:15');
INSERT INTO `gen_table_column` VALUES (113, 17, 'container_status', '集装箱状态', 'varchar(255)', 'String', 'containerStatus', '0', '0', NULL, '1', '1', '1', '1', 'EQ', 'radio', '', 7, 'admin', '2024-01-18 11:21:10', '', '2024-01-18 11:22:15');
INSERT INTO `gen_table_column` VALUES (114, 17, 'container_temperature', '集装箱温度', 'double', 'Long', 'containerTemperature', '0', '0', NULL, '1', '1', '1', '1', 'EQ', 'input', '', 8, 'admin', '2024-01-18 11:21:10', '', '2024-01-18 11:22:15');
INSERT INTO `gen_table_column` VALUES (115, 17, 'container_humidity', '集装箱湿度', 'double', 'Long', 'containerHumidity', '0', '0', NULL, '1', '1', '1', '1', 'EQ', 'input', '', 9, 'admin', '2024-01-18 11:21:10', '', '2024-01-18 11:22:15');
INSERT INTO `gen_table_column` VALUES (116, 17, 'container_longitude', '集装箱经度', 'varchar(255)', 'String', 'containerLongitude', '0', '0', NULL, '1', '1', '1', '1', 'EQ', 'input', '', 10, 'admin', '2024-01-18 11:21:10', '', '2024-01-18 11:22:15');
INSERT INTO `gen_table_column` VALUES (117, 17, 'container_latitude', '集装箱纬度', 'varchar(255)', 'String', 'containerLatitude', '0', '0', NULL, '1', '1', '1', '1', 'EQ', 'input', '', 11, 'admin', '2024-01-18 11:21:10', '', '2024-01-18 11:22:15');
INSERT INTO `gen_table_column` VALUES (118, 17, 'ship_id', '货轮id', 'int', 'Long', 'shipId', '0', '0', NULL, '1', '1', '1', '1', 'EQ', 'input', '', 12, 'admin', '2024-01-18 11:21:10', '', '2024-01-18 11:22:15');
INSERT INTO `gen_table_column` VALUES (119, 17, 'cabin_id', '船舱id', 'int', 'Long', 'cabinId', '0', '0', NULL, '1', '1', '1', '1', 'EQ', 'input', '', 13, 'admin', '2024-01-18 11:21:10', '', '2024-01-18 11:22:15');
INSERT INTO `gen_table_column` VALUES (120, 17, 'container_image', '集装箱图片', 'varchar(255)', 'String', 'containerImage', '0', '0', NULL, '1', '1', '1', '1', 'EQ', 'imageUpload', '', 14, 'admin', '2024-01-18 11:21:10', '', '2024-01-18 11:22:15');
INSERT INTO `gen_table_column` VALUES (121, 18, 'allocation_id', '分配记录id', 'int', 'Long', 'allocationId', '1', '1', NULL, '1', NULL, NULL, NULL, 'EQ', 'input', '', 1, 'admin', '2024-01-19 09:40:25', '', '2024-01-19 09:41:31');
INSERT INTO `gen_table_column` VALUES (122, 18, 'schedule_id', '航运计划id', 'int', 'Long', 'scheduleId', '0', '0', NULL, '1', '1', '1', '1', 'EQ', 'input', '', 2, 'admin', '2024-01-19 09:40:25', '', '2024-01-19 09:41:31');
INSERT INTO `gen_table_column` VALUES (123, 18, 'cargo_id', '货物id', 'int', 'Long', 'cargoId', '0', '0', NULL, '1', '1', '1', '1', 'EQ', 'input', '', 3, 'admin', '2024-01-19 09:40:25', '', '2024-01-19 09:41:31');
INSERT INTO `gen_table_column` VALUES (124, 18, 'container_id', '集装箱id', 'int', 'Long', 'containerId', '0', '0', NULL, '1', '1', '1', '1', 'EQ', 'input', '', 4, 'admin', '2024-01-19 09:40:25', '', '2024-01-19 09:41:31');
INSERT INTO `gen_table_column` VALUES (125, 18, 'allocation_date', '分配时间', 'datetime', 'Date', 'allocationDate', '0', '0', NULL, '1', '1', '1', '1', 'EQ', 'datetime', '', 5, 'admin', '2024-01-19 09:40:25', '', '2024-01-19 09:41:31');
INSERT INTO `gen_table_column` VALUES (126, 19, 'spaceutilizationrate_id', '集装箱空间利用率记录id', 'int', 'Long', 'spaceutilizationrateId', '1', '1', NULL, '1', NULL, NULL, NULL, 'EQ', 'input', '', 1, 'admin', '2024-01-19 21:14:05', '', '2024-01-19 21:16:02');
INSERT INTO `gen_table_column` VALUES (127, 19, 'schedule_id', '航运计划id', 'int', 'Long', 'scheduleId', '0', '0', NULL, '1', '1', '1', '1', 'EQ', 'input', '', 2, 'admin', '2024-01-19 21:14:05', '', '2024-01-19 21:16:02');
INSERT INTO `gen_table_column` VALUES (128, 19, 'container_id', '集装箱id', 'int', 'Long', 'containerId', '0', '0', NULL, '1', '1', '1', '1', 'EQ', 'input', '', 3, 'admin', '2024-01-19 21:14:05', '', '2024-01-19 21:16:02');
INSERT INTO `gen_table_column` VALUES (129, 19, 'rate', '空间利用率', 'varchar(255)', 'String', 'rate', '0', '0', NULL, '1', '1', '1', '1', 'EQ', 'input', '', 4, 'admin', '2024-01-19 21:14:05', '', '2024-01-19 21:16:02');
INSERT INTO `gen_table_column` VALUES (130, 19, 'createdate', '记录时间', 'datetime', 'Date', 'createdate', '0', '0', NULL, '1', '1', '1', '1', 'EQ', 'datetime', '', 5, 'admin', '2024-01-19 21:14:05', '', '2024-01-19 21:16:02');
INSERT INTO `gen_table_column` VALUES (131, 20, 'danger_id', 'id', 'int', 'Long', 'dangerId', '1', '0', NULL, '1', NULL, NULL, NULL, 'EQ', 'input', '', 1, 'admin', '2024-01-22 12:54:07', '', '2024-01-22 13:01:07');
INSERT INTO `gen_table_column` VALUES (132, 20, 'danger_name', '危险品名称', 'varchar(255)', 'String', 'dangerName', '0', '0', NULL, '1', '1', '1', '1', 'LIKE', 'input', '', 2, 'admin', '2024-01-22 12:54:07', '', '2024-01-22 13:01:07');
INSERT INTO `gen_table_column` VALUES (133, 20, 'danger_type', '危险品分类', 'varchar(255)', 'String', 'dangerType', '0', '0', NULL, '1', '1', '1', '1', 'EQ', 'select', '', 3, 'admin', '2024-01-22 12:54:07', '', '2024-01-22 13:01:07');
INSERT INTO `gen_table_column` VALUES (134, 20, 'danger_num', '危险品代码', 'int', 'Long', 'dangerNum', '0', '0', NULL, '1', '1', '1', '1', 'EQ', 'input', '', 4, 'admin', '2024-01-22 12:54:07', '', '2024-01-22 13:01:07');
INSERT INTO `gen_table_column` VALUES (135, 20, 'danger_action', '应急措施', 'varchar(255)', 'String', 'dangerAction', '0', '0', NULL, '1', '1', '1', '1', 'EQ', 'input', '', 5, 'admin', '2024-01-22 12:54:07', '', '2024-01-22 13:01:07');
INSERT INTO `gen_table_column` VALUES (136, 20, 'check_way', '检查方法', 'varchar(255)', 'String', 'checkWay', '0', '0', NULL, '1', '1', '1', '1', 'EQ', 'input', '', 6, 'admin', '2024-01-22 12:54:07', '', '2024-01-22 13:01:07');
INSERT INTO `gen_table_column` VALUES (137, 20, 'security_notes', '注意事项', 'varchar(255)', 'String', 'securityNotes', '0', '0', NULL, '1', '1', '1', '1', 'EQ', 'input', '', 7, 'admin', '2024-01-22 12:54:07', '', '2024-01-22 13:01:07');
INSERT INTO `gen_table_column` VALUES (138, 20, 'danger_image', '危险品图片', 'varchar(255)', 'String', 'dangerImage', '0', '0', NULL, '1', '1', '1', '1', 'EQ', 'imageUpload', '', 8, 'admin', '2024-01-22 12:54:07', '', '2024-01-22 13:01:07');
INSERT INTO `gen_table_column` VALUES (143, 22, 'vehicle_id', '车辆编号', 'varchar(255)', 'String', 'vehicleId', '1', '0', NULL, '1', NULL, NULL, NULL, 'EQ', 'input', '', 1, 'admin', '2024-01-24 11:57:30', '', '2024-01-24 11:58:05');
INSERT INTO `gen_table_column` VALUES (144, 22, 'vehicle_type', '车辆类型', 'varchar(255)', 'String', 'vehicleType', '0', '0', NULL, '1', '1', '1', '1', 'EQ', 'select', '', 2, 'admin', '2024-01-24 11:57:30', '', '2024-01-24 11:58:05');
INSERT INTO `gen_table_column` VALUES (145, 22, 'vehicle_status', '车辆状态', 'varchar(255)', 'String', 'vehicleStatus', '0', '0', NULL, '1', '1', '1', '1', 'EQ', 'radio', '', 3, 'admin', '2024-01-24 11:57:30', '', '2024-01-24 11:58:05');
INSERT INTO `gen_table_column` VALUES (146, 22, 'vehicle_image', '车辆图片', 'varchar(255)', 'String', 'vehicleImage', '0', '0', NULL, '1', '1', '1', '1', 'EQ', 'imageUpload', '', 4, 'admin', '2024-01-24 11:57:30', '', '2024-01-24 11:58:05');
INSERT INTO `gen_table_column` VALUES (147, 23, 'pile_id', '货堆id', 'int', 'Long', 'pileId', '1', '1', NULL, '1', NULL, NULL, NULL, 'EQ', 'input', '', 1, 'admin', '2024-01-24 17:24:43', '', '2024-01-24 17:25:19');
INSERT INTO `gen_table_column` VALUES (148, 23, 'pile_x', '货堆x坐标', 'varchar(255)', 'String', 'pileX', '0', '0', NULL, '1', '1', '1', '1', 'EQ', 'input', '', 2, 'admin', '2024-01-24 17:24:43', '', '2024-01-24 17:25:19');
INSERT INTO `gen_table_column` VALUES (149, 23, 'pile_y', '货堆y坐标', 'varchar(255)', 'String', 'pileY', '0', '0', NULL, '1', '1', '1', '1', 'EQ', 'input', '', 3, 'admin', '2024-01-24 17:24:43', '', '2024-01-24 17:25:19');
INSERT INTO `gen_table_column` VALUES (150, 23, 'pile_capacity', '货堆容量', 'varchar(255)', 'String', 'pileCapacity', '0', '0', NULL, '1', '1', '1', '1', 'EQ', 'input', '', 4, 'admin', '2024-01-24 17:24:43', '', '2024-01-24 17:25:19');
INSERT INTO `gen_table_column` VALUES (151, 23, 'pile_currentnum', '当前堆积数量', 'int', 'Long', 'pileCurrentnum', '0', '0', NULL, '1', '1', '1', '1', 'EQ', 'input', '', 5, 'admin', '2024-01-24 17:24:43', '', '2024-01-24 17:25:19');
INSERT INTO `gen_table_column` VALUES (152, 23, 'pile_status', '货堆状态', 'varchar(255)', 'String', 'pileStatus', '0', '0', NULL, '1', '1', '1', '1', 'EQ', 'radio', '', 6, 'admin', '2024-01-24 17:24:43', '', '2024-01-24 17:25:19');
INSERT INTO `gen_table_column` VALUES (171, 26, 'task_id', '货车任务id', 'int', 'Long', 'taskId', '1', '1', NULL, '1', NULL, NULL, NULL, 'EQ', 'input', '', 1, 'admin', '2024-01-24 18:14:32', '', '2024-01-24 18:15:04');
INSERT INTO `gen_table_column` VALUES (172, 26, 'truck_id', '货车编号', 'varchar(255)', 'String', 'truckId', '0', '0', NULL, '1', '1', '1', '1', 'EQ', 'input', '', 2, 'admin', '2024-01-24 18:14:32', '', '2024-01-24 18:15:04');
INSERT INTO `gen_table_column` VALUES (173, 26, 'container_id', '集装箱id', 'int', 'Long', 'containerId', '0', '0', NULL, '1', '1', '1', '1', 'EQ', 'input', '', 3, 'admin', '2024-01-24 18:14:32', '', '2024-01-24 18:15:04');
INSERT INTO `gen_table_column` VALUES (174, 26, 'task_status', '任务状态', 'varchar(255)', 'String', 'taskStatus', '0', '0', NULL, '1', '1', '1', '1', 'EQ', 'radio', '', 4, 'admin', '2024-01-24 18:14:32', '', '2024-01-24 18:15:04');
INSERT INTO `gen_table_column` VALUES (175, 26, 'task_type', '任务类型', 'varchar(255)', 'String', 'taskType', '0', '0', NULL, '1', '1', '1', '1', 'EQ', 'select', '', 5, 'admin', '2024-01-24 18:14:32', '', '2024-01-24 18:15:04');
INSERT INTO `gen_table_column` VALUES (176, 26, 'task_start', '任务起点', 'varchar(255)', 'String', 'taskStart', '0', '0', NULL, '1', '1', '1', '1', 'EQ', 'input', '', 6, 'admin', '2024-01-24 18:14:32', '', '2024-01-24 18:15:04');
INSERT INTO `gen_table_column` VALUES (177, 26, 'task_end', '任务终点', 'varchar(255)', 'String', 'taskEnd', '0', '0', NULL, '1', '1', '1', '1', 'EQ', 'input', '', 7, 'admin', '2024-01-24 18:14:32', '', '2024-01-24 18:15:04');
INSERT INTO `gen_table_column` VALUES (178, 26, 'task_time', '任务时间', 'datetime', 'Date', 'taskTime', '0', '0', NULL, '1', '1', '1', '1', 'EQ', 'datetime', '', 8, 'admin', '2024-01-24 18:14:32', '', '2024-01-24 18:15:04');
INSERT INTO `gen_table_column` VALUES (179, 26, 'task_notes', '任务备注', 'varchar(255)', 'String', 'taskNotes', '0', '0', NULL, '1', '1', '1', '1', 'EQ', 'input', '', 9, 'admin', '2024-01-24 18:14:32', '', '2024-01-24 18:15:04');
INSERT INTO `gen_table_column` VALUES (190, 29, 'slot_id', '船箱位', 'int', 'Long', 'slotId', '1', '1', NULL, '1', NULL, NULL, NULL, 'EQ', 'input', '', 1, 'admin', '2024-02-12 16:34:50', '', '2024-02-12 16:35:17');
INSERT INTO `gen_table_column` VALUES (191, 29, 'ship_id', '船舶id', 'int', 'Long', 'shipId', '0', '0', NULL, '1', '1', '1', '1', 'EQ', 'input', '', 2, 'admin', '2024-02-12 16:34:50', '', '2024-02-12 16:35:17');
INSERT INTO `gen_table_column` VALUES (192, 29, 'r_number', '船箱位的行号', 'int', 'Long', 'rNumber', '0', '0', NULL, '1', '1', '1', '1', 'EQ', 'input', '', 3, 'admin', '2024-02-12 16:34:50', '', '2024-02-12 16:35:17');
INSERT INTO `gen_table_column` VALUES (193, 29, 'tier_number', '船箱位的层号', 'int', 'Long', 'tierNumber', '0', '0', NULL, '1', '1', '1', '1', 'EQ', 'input', '', 4, 'admin', '2024-02-12 16:34:50', '', '2024-02-12 16:35:17');
INSERT INTO `gen_table_column` VALUES (194, 29, 'c_number', '船箱位的列号', 'int', 'Long', 'cNumber', '0', '0', NULL, '1', '1', '1', '1', 'EQ', 'input', '', 5, 'admin', '2024-02-12 16:34:50', '', '2024-02-12 16:35:17');
INSERT INTO `gen_table_column` VALUES (195, 29, 'status', '箱位状态', 'varchar(255)', 'String', 'status', '0', '0', NULL, '1', '1', '1', '1', 'EQ', 'radio', '', 6, 'admin', '2024-02-12 16:34:50', '', '2024-02-12 16:35:17');
INSERT INTO `gen_table_column` VALUES (196, 30, 'assembly_id', '装配id', 'int', 'Long', 'assemblyId', '1', '1', NULL, '1', NULL, NULL, NULL, 'EQ', 'input', '', 1, 'admin', '2024-02-12 17:04:53', '', '2024-02-12 17:05:41');
INSERT INTO `gen_table_column` VALUES (197, 30, 'schedule_id', '航运计划id', 'int', 'Long', 'scheduleId', '0', '0', NULL, '1', '1', '1', '1', 'EQ', 'input', '', 2, 'admin', '2024-02-12 17:04:53', '', '2024-02-12 17:05:41');
INSERT INTO `gen_table_column` VALUES (198, 30, 'container_id', '集装箱id', 'int', 'Long', 'containerId', '0', '0', NULL, '1', '1', '1', '1', 'EQ', 'input', '', 3, 'admin', '2024-02-12 17:04:53', '', '2024-02-12 17:05:41');
INSERT INTO `gen_table_column` VALUES (199, 30, 'slot_id', '船箱位id', 'int', 'Long', 'slotId', '0', '0', NULL, '1', '1', '1', '1', 'EQ', 'input', '', 4, 'admin', '2024-02-12 17:04:53', '', '2024-02-12 17:05:41');
INSERT INTO `gen_table_column` VALUES (200, 30, 'assembly_time', '装配时间', 'datetime', 'Date', 'assemblyTime', '0', '0', NULL, '1', '1', '1', '1', 'EQ', 'datetime', '', 5, 'admin', '2024-02-12 17:04:53', '', '2024-02-12 17:05:41');
INSERT INTO `gen_table_column` VALUES (201, 31, 'unloading_id', '集装箱卸载id', 'int', 'Long', 'unloadingId', '1', '1', NULL, '1', NULL, NULL, NULL, 'EQ', 'input', '', 1, 'admin', '2024-02-13 09:47:20', '', '2024-02-13 09:48:28');
INSERT INTO `gen_table_column` VALUES (202, 31, 'schedule_id', '航运计划id', 'int', 'Long', 'scheduleId', '0', '0', NULL, '1', '1', '1', '1', 'EQ', 'input', '', 2, 'admin', '2024-02-13 09:47:20', '', '2024-02-13 09:48:28');
INSERT INTO `gen_table_column` VALUES (203, 31, 'slot_id', '箱位id', 'int', 'Long', 'slotId', '0', '0', NULL, '1', '1', '1', '1', 'EQ', 'input', '', 3, 'admin', '2024-02-13 09:47:20', '', '2024-02-13 09:48:28');
INSERT INTO `gen_table_column` VALUES (204, 31, 'pile_id', '货堆id', 'int', 'Long', 'pileId', '0', '0', NULL, '1', '1', '1', '1', 'EQ', 'input', '', 4, 'admin', '2024-02-13 09:47:20', '', '2024-02-13 09:48:28');
INSERT INTO `gen_table_column` VALUES (205, 31, 'container_id', '集装箱id', 'int', 'Long', 'containerId', '0', '0', NULL, '1', '1', '1', '1', 'EQ', 'input', '', 5, 'admin', '2024-02-13 09:47:20', '', '2024-02-13 09:48:28');
INSERT INTO `gen_table_column` VALUES (206, 31, 'unloading_time', '卸箱时间', 'datetime', 'Date', 'unloadingTime', '0', '0', NULL, '1', '1', '1', '1', 'EQ', 'datetime', '', 6, 'admin', '2024-02-13 09:47:20', '', '2024-02-13 09:48:28');

-- ----------------------------
-- Table structure for qrtz_blob_triggers
-- ----------------------------
DROP TABLE IF EXISTS `qrtz_blob_triggers`;
CREATE TABLE `qrtz_blob_triggers`  (
  `sched_name` varchar(120) CHARACTER SET utf8mb4 COLLATE utf8mb4_0900_ai_ci NOT NULL COMMENT '调度名称',
  `trigger_name` varchar(200) CHARACTER SET utf8mb4 COLLATE utf8mb4_0900_ai_ci NOT NULL COMMENT 'qrtz_triggers表trigger_name的外键',
  `trigger_group` varchar(200) CHARACTER SET utf8mb4 COLLATE utf8mb4_0900_ai_ci NOT NULL COMMENT 'qrtz_triggers表trigger_group的外键',
  `blob_data` blob NULL COMMENT '存放持久化Trigger对象',
  PRIMARY KEY (`sched_name`, `trigger_name`, `trigger_group`) USING BTREE,
  CONSTRAINT `qrtz_blob_triggers_ibfk_1` FOREIGN KEY (`sched_name`, `trigger_name`, `trigger_group`) REFERENCES `qrtz_triggers` (`sched_name`, `trigger_name`, `trigger_group`) ON DELETE RESTRICT ON UPDATE RESTRICT
) ENGINE = InnoDB CHARACTER SET = utf8mb4 COLLATE = utf8mb4_0900_ai_ci COMMENT = 'Blob类型的触发器表' ROW_FORMAT = Dynamic;

-- ----------------------------
-- Records of qrtz_blob_triggers
-- ----------------------------

-- ----------------------------
-- Table structure for qrtz_calendars
-- ----------------------------
DROP TABLE IF EXISTS `qrtz_calendars`;
CREATE TABLE `qrtz_calendars`  (
  `sched_name` varchar(120) CHARACTER SET utf8mb4 COLLATE utf8mb4_0900_ai_ci NOT NULL COMMENT '调度名称',
  `calendar_name` varchar(200) CHARACTER SET utf8mb4 COLLATE utf8mb4_0900_ai_ci NOT NULL COMMENT '日历名称',
  `calendar` blob NOT NULL COMMENT '存放持久化calendar对象',
  PRIMARY KEY (`sched_name`, `calendar_name`) USING BTREE
) ENGINE = InnoDB CHARACTER SET = utf8mb4 COLLATE = utf8mb4_0900_ai_ci COMMENT = '日历信息表' ROW_FORMAT = Dynamic;

-- ----------------------------
-- Records of qrtz_calendars
-- ----------------------------

-- ----------------------------
-- Table structure for qrtz_cron_triggers
-- ----------------------------
DROP TABLE IF EXISTS `qrtz_cron_triggers`;
CREATE TABLE `qrtz_cron_triggers`  (
  `sched_name` varchar(120) CHARACTER SET utf8mb4 COLLATE utf8mb4_0900_ai_ci NOT NULL COMMENT '调度名称',
  `trigger_name` varchar(200) CHARACTER SET utf8mb4 COLLATE utf8mb4_0900_ai_ci NOT NULL COMMENT 'qrtz_triggers表trigger_name的外键',
  `trigger_group` varchar(200) CHARACTER SET utf8mb4 COLLATE utf8mb4_0900_ai_ci NOT NULL COMMENT 'qrtz_triggers表trigger_group的外键',
  `cron_expression` varchar(200) CHARACTER SET utf8mb4 COLLATE utf8mb4_0900_ai_ci NOT NULL COMMENT 'cron表达式',
  `time_zone_id` varchar(80) CHARACTER SET utf8mb4 COLLATE utf8mb4_0900_ai_ci NULL DEFAULT NULL COMMENT '时区',
  PRIMARY KEY (`sched_name`, `trigger_name`, `trigger_group`) USING BTREE,
  CONSTRAINT `qrtz_cron_triggers_ibfk_1` FOREIGN KEY (`sched_name`, `trigger_name`, `trigger_group`) REFERENCES `qrtz_triggers` (`sched_name`, `trigger_name`, `trigger_group`) ON DELETE RESTRICT ON UPDATE RESTRICT
) ENGINE = InnoDB CHARACTER SET = utf8mb4 COLLATE = utf8mb4_0900_ai_ci COMMENT = 'Cron类型的触发器表' ROW_FORMAT = Dynamic;

-- ----------------------------
-- Records of qrtz_cron_triggers
-- ----------------------------

-- ----------------------------
-- Table structure for qrtz_fired_triggers
-- ----------------------------
DROP TABLE IF EXISTS `qrtz_fired_triggers`;
CREATE TABLE `qrtz_fired_triggers`  (
  `sched_name` varchar(120) CHARACTER SET utf8mb4 COLLATE utf8mb4_0900_ai_ci NOT NULL COMMENT '调度名称',
  `entry_id` varchar(95) CHARACTER SET utf8mb4 COLLATE utf8mb4_0900_ai_ci NOT NULL COMMENT '调度器实例id',
  `trigger_name` varchar(200) CHARACTER SET utf8mb4 COLLATE utf8mb4_0900_ai_ci NOT NULL COMMENT 'qrtz_triggers表trigger_name的外键',
  `trigger_group` varchar(200) CHARACTER SET utf8mb4 COLLATE utf8mb4_0900_ai_ci NOT NULL COMMENT 'qrtz_triggers表trigger_group的外键',
  `instance_name` varchar(200) CHARACTER SET utf8mb4 COLLATE utf8mb4_0900_ai_ci NOT NULL COMMENT '调度器实例名',
  `fired_time` bigint NOT NULL COMMENT '触发的时间',
  `sched_time` bigint NOT NULL COMMENT '定时器制定的时间',
  `priority` int NOT NULL COMMENT '优先级',
  `state` varchar(16) CHARACTER SET utf8mb4 COLLATE utf8mb4_0900_ai_ci NOT NULL COMMENT '状态',
  `job_name` varchar(200) CHARACTER SET utf8mb4 COLLATE utf8mb4_0900_ai_ci NULL DEFAULT NULL COMMENT '任务名称',
  `job_group` varchar(200) CHARACTER SET utf8mb4 COLLATE utf8mb4_0900_ai_ci NULL DEFAULT NULL COMMENT '任务组名',
  `is_nonconcurrent` varchar(1) CHARACTER SET utf8mb4 COLLATE utf8mb4_0900_ai_ci NULL DEFAULT NULL COMMENT '是否并发',
  `requests_recovery` varchar(1) CHARACTER SET utf8mb4 COLLATE utf8mb4_0900_ai_ci NULL DEFAULT NULL COMMENT '是否接受恢复执行',
  PRIMARY KEY (`sched_name`, `entry_id`) USING BTREE
) ENGINE = InnoDB CHARACTER SET = utf8mb4 COLLATE = utf8mb4_0900_ai_ci COMMENT = '已触发的触发器表' ROW_FORMAT = Dynamic;

-- ----------------------------
-- Records of qrtz_fired_triggers
-- ----------------------------

-- ----------------------------
-- Table structure for qrtz_job_details
-- ----------------------------
DROP TABLE IF EXISTS `qrtz_job_details`;
CREATE TABLE `qrtz_job_details`  (
  `sched_name` varchar(120) CHARACTER SET utf8mb4 COLLATE utf8mb4_0900_ai_ci NOT NULL COMMENT '调度名称',
  `job_name` varchar(200) CHARACTER SET utf8mb4 COLLATE utf8mb4_0900_ai_ci NOT NULL COMMENT '任务名称',
  `job_group` varchar(200) CHARACTER SET utf8mb4 COLLATE utf8mb4_0900_ai_ci NOT NULL COMMENT '任务组名',
  `description` varchar(250) CHARACTER SET utf8mb4 COLLATE utf8mb4_0900_ai_ci NULL DEFAULT NULL COMMENT '相关介绍',
  `job_class_name` varchar(250) CHARACTER SET utf8mb4 COLLATE utf8mb4_0900_ai_ci NOT NULL COMMENT '执行任务类名称',
  `is_durable` varchar(1) CHARACTER SET utf8mb4 COLLATE utf8mb4_0900_ai_ci NOT NULL COMMENT '是否持久化',
  `is_nonconcurrent` varchar(1) CHARACTER SET utf8mb4 COLLATE utf8mb4_0900_ai_ci NOT NULL COMMENT '是否并发',
  `is_update_data` varchar(1) CHARACTER SET utf8mb4 COLLATE utf8mb4_0900_ai_ci NOT NULL COMMENT '是否更新数据',
  `requests_recovery` varchar(1) CHARACTER SET utf8mb4 COLLATE utf8mb4_0900_ai_ci NOT NULL COMMENT '是否接受恢复执行',
  `job_data` blob NULL COMMENT '存放持久化job对象',
  PRIMARY KEY (`sched_name`, `job_name`, `job_group`) USING BTREE
) ENGINE = InnoDB CHARACTER SET = utf8mb4 COLLATE = utf8mb4_0900_ai_ci COMMENT = '任务详细信息表' ROW_FORMAT = Dynamic;

-- ----------------------------
-- Records of qrtz_job_details
-- ----------------------------

-- ----------------------------
-- Table structure for qrtz_locks
-- ----------------------------
DROP TABLE IF EXISTS `qrtz_locks`;
CREATE TABLE `qrtz_locks`  (
  `sched_name` varchar(120) CHARACTER SET utf8mb4 COLLATE utf8mb4_0900_ai_ci NOT NULL COMMENT '调度名称',
  `lock_name` varchar(40) CHARACTER SET utf8mb4 COLLATE utf8mb4_0900_ai_ci NOT NULL COMMENT '悲观锁名称',
  PRIMARY KEY (`sched_name`, `lock_name`) USING BTREE
) ENGINE = InnoDB CHARACTER SET = utf8mb4 COLLATE = utf8mb4_0900_ai_ci COMMENT = '存储的悲观锁信息表' ROW_FORMAT = Dynamic;

-- ----------------------------
-- Records of qrtz_locks
-- ----------------------------

-- ----------------------------
-- Table structure for qrtz_paused_trigger_grps
-- ----------------------------
DROP TABLE IF EXISTS `qrtz_paused_trigger_grps`;
CREATE TABLE `qrtz_paused_trigger_grps`  (
  `sched_name` varchar(120) CHARACTER SET utf8mb4 COLLATE utf8mb4_0900_ai_ci NOT NULL COMMENT '调度名称',
  `trigger_group` varchar(200) CHARACTER SET utf8mb4 COLLATE utf8mb4_0900_ai_ci NOT NULL COMMENT 'qrtz_triggers表trigger_group的外键',
  PRIMARY KEY (`sched_name`, `trigger_group`) USING BTREE
) ENGINE = InnoDB CHARACTER SET = utf8mb4 COLLATE = utf8mb4_0900_ai_ci COMMENT = '暂停的触发器表' ROW_FORMAT = Dynamic;

-- ----------------------------
-- Records of qrtz_paused_trigger_grps
-- ----------------------------

-- ----------------------------
-- Table structure for qrtz_scheduler_state
-- ----------------------------
DROP TABLE IF EXISTS `qrtz_scheduler_state`;
CREATE TABLE `qrtz_scheduler_state`  (
  `sched_name` varchar(120) CHARACTER SET utf8mb4 COLLATE utf8mb4_0900_ai_ci NOT NULL COMMENT '调度名称',
  `instance_name` varchar(200) CHARACTER SET utf8mb4 COLLATE utf8mb4_0900_ai_ci NOT NULL COMMENT '实例名称',
  `last_checkin_time` bigint NOT NULL COMMENT '上次检查时间',
  `checkin_interval` bigint NOT NULL COMMENT '检查间隔时间',
  PRIMARY KEY (`sched_name`, `instance_name`) USING BTREE
) ENGINE = InnoDB CHARACTER SET = utf8mb4 COLLATE = utf8mb4_0900_ai_ci COMMENT = '调度器状态表' ROW_FORMAT = Dynamic;

-- ----------------------------
-- Records of qrtz_scheduler_state
-- ----------------------------

-- ----------------------------
-- Table structure for qrtz_simple_triggers
-- ----------------------------
DROP TABLE IF EXISTS `qrtz_simple_triggers`;
CREATE TABLE `qrtz_simple_triggers`  (
  `sched_name` varchar(120) CHARACTER SET utf8mb4 COLLATE utf8mb4_0900_ai_ci NOT NULL COMMENT '调度名称',
  `trigger_name` varchar(200) CHARACTER SET utf8mb4 COLLATE utf8mb4_0900_ai_ci NOT NULL COMMENT 'qrtz_triggers表trigger_name的外键',
  `trigger_group` varchar(200) CHARACTER SET utf8mb4 COLLATE utf8mb4_0900_ai_ci NOT NULL COMMENT 'qrtz_triggers表trigger_group的外键',
  `repeat_count` bigint NOT NULL COMMENT '重复的次数统计',
  `repeat_interval` bigint NOT NULL COMMENT '重复的间隔时间',
  `times_triggered` bigint NOT NULL COMMENT '已经触发的次数',
  PRIMARY KEY (`sched_name`, `trigger_name`, `trigger_group`) USING BTREE,
  CONSTRAINT `qrtz_simple_triggers_ibfk_1` FOREIGN KEY (`sched_name`, `trigger_name`, `trigger_group`) REFERENCES `qrtz_triggers` (`sched_name`, `trigger_name`, `trigger_group`) ON DELETE RESTRICT ON UPDATE RESTRICT
) ENGINE = InnoDB CHARACTER SET = utf8mb4 COLLATE = utf8mb4_0900_ai_ci COMMENT = '简单触发器的信息表' ROW_FORMAT = Dynamic;

-- ----------------------------
-- Records of qrtz_simple_triggers
-- ----------------------------

-- ----------------------------
-- Table structure for qrtz_simprop_triggers
-- ----------------------------
DROP TABLE IF EXISTS `qrtz_simprop_triggers`;
CREATE TABLE `qrtz_simprop_triggers`  (
  `sched_name` varchar(120) CHARACTER SET utf8mb4 COLLATE utf8mb4_0900_ai_ci NOT NULL COMMENT '调度名称',
  `trigger_name` varchar(200) CHARACTER SET utf8mb4 COLLATE utf8mb4_0900_ai_ci NOT NULL COMMENT 'qrtz_triggers表trigger_name的外键',
  `trigger_group` varchar(200) CHARACTER SET utf8mb4 COLLATE utf8mb4_0900_ai_ci NOT NULL COMMENT 'qrtz_triggers表trigger_group的外键',
  `str_prop_1` varchar(512) CHARACTER SET utf8mb4 COLLATE utf8mb4_0900_ai_ci NULL DEFAULT NULL COMMENT 'String类型的trigger的第一个参数',
  `str_prop_2` varchar(512) CHARACTER SET utf8mb4 COLLATE utf8mb4_0900_ai_ci NULL DEFAULT NULL COMMENT 'String类型的trigger的第二个参数',
  `str_prop_3` varchar(512) CHARACTER SET utf8mb4 COLLATE utf8mb4_0900_ai_ci NULL DEFAULT NULL COMMENT 'String类型的trigger的第三个参数',
  `int_prop_1` int NULL DEFAULT NULL COMMENT 'int类型的trigger的第一个参数',
  `int_prop_2` int NULL DEFAULT NULL COMMENT 'int类型的trigger的第二个参数',
  `long_prop_1` bigint NULL DEFAULT NULL COMMENT 'long类型的trigger的第一个参数',
  `long_prop_2` bigint NULL DEFAULT NULL COMMENT 'long类型的trigger的第二个参数',
  `dec_prop_1` decimal(13, 4) NULL DEFAULT NULL COMMENT 'decimal类型的trigger的第一个参数',
  `dec_prop_2` decimal(13, 4) NULL DEFAULT NULL COMMENT 'decimal类型的trigger的第二个参数',
  `bool_prop_1` varchar(1) CHARACTER SET utf8mb4 COLLATE utf8mb4_0900_ai_ci NULL DEFAULT NULL COMMENT 'Boolean类型的trigger的第一个参数',
  `bool_prop_2` varchar(1) CHARACTER SET utf8mb4 COLLATE utf8mb4_0900_ai_ci NULL DEFAULT NULL COMMENT 'Boolean类型的trigger的第二个参数',
  PRIMARY KEY (`sched_name`, `trigger_name`, `trigger_group`) USING BTREE,
  CONSTRAINT `qrtz_simprop_triggers_ibfk_1` FOREIGN KEY (`sched_name`, `trigger_name`, `trigger_group`) REFERENCES `qrtz_triggers` (`sched_name`, `trigger_name`, `trigger_group`) ON DELETE RESTRICT ON UPDATE RESTRICT
) ENGINE = InnoDB CHARACTER SET = utf8mb4 COLLATE = utf8mb4_0900_ai_ci COMMENT = '同步机制的行锁表' ROW_FORMAT = Dynamic;

-- ----------------------------
-- Records of qrtz_simprop_triggers
-- ----------------------------

-- ----------------------------
-- Table structure for qrtz_triggers
-- ----------------------------
DROP TABLE IF EXISTS `qrtz_triggers`;
CREATE TABLE `qrtz_triggers`  (
  `sched_name` varchar(120) CHARACTER SET utf8mb4 COLLATE utf8mb4_0900_ai_ci NOT NULL COMMENT '调度名称',
  `trigger_name` varchar(200) CHARACTER SET utf8mb4 COLLATE utf8mb4_0900_ai_ci NOT NULL COMMENT '触发器的名字',
  `trigger_group` varchar(200) CHARACTER SET utf8mb4 COLLATE utf8mb4_0900_ai_ci NOT NULL COMMENT '触发器所属组的名字',
  `job_name` varchar(200) CHARACTER SET utf8mb4 COLLATE utf8mb4_0900_ai_ci NOT NULL COMMENT 'qrtz_job_details表job_name的外键',
  `job_group` varchar(200) CHARACTER SET utf8mb4 COLLATE utf8mb4_0900_ai_ci NOT NULL COMMENT 'qrtz_job_details表job_group的外键',
  `description` varchar(250) CHARACTER SET utf8mb4 COLLATE utf8mb4_0900_ai_ci NULL DEFAULT NULL COMMENT '相关介绍',
  `next_fire_time` bigint NULL DEFAULT NULL COMMENT '上一次触发时间（毫秒）',
  `prev_fire_time` bigint NULL DEFAULT NULL COMMENT '下一次触发时间（默认为-1表示不触发）',
  `priority` int NULL DEFAULT NULL COMMENT '优先级',
  `trigger_state` varchar(16) CHARACTER SET utf8mb4 COLLATE utf8mb4_0900_ai_ci NOT NULL COMMENT '触发器状态',
  `trigger_type` varchar(8) CHARACTER SET utf8mb4 COLLATE utf8mb4_0900_ai_ci NOT NULL COMMENT '触发器的类型',
  `start_time` bigint NOT NULL COMMENT '开始时间',
  `end_time` bigint NULL DEFAULT NULL COMMENT '结束时间',
  `calendar_name` varchar(200) CHARACTER SET utf8mb4 COLLATE utf8mb4_0900_ai_ci NULL DEFAULT NULL COMMENT '日程表名称',
  `misfire_instr` smallint NULL DEFAULT NULL COMMENT '补偿执行的策略',
  `job_data` blob NULL COMMENT '存放持久化job对象',
  PRIMARY KEY (`sched_name`, `trigger_name`, `trigger_group`) USING BTREE,
  INDEX `sched_name`(`sched_name` ASC, `job_name` ASC, `job_group` ASC) USING BTREE,
  CONSTRAINT `qrtz_triggers_ibfk_1` FOREIGN KEY (`sched_name`, `job_name`, `job_group`) REFERENCES `qrtz_job_details` (`sched_name`, `job_name`, `job_group`) ON DELETE RESTRICT ON UPDATE RESTRICT
) ENGINE = InnoDB CHARACTER SET = utf8mb4 COLLATE = utf8mb4_0900_ai_ci COMMENT = '触发器详细信息表' ROW_FORMAT = Dynamic;

-- ----------------------------
-- Records of qrtz_triggers
-- ----------------------------

-- ----------------------------
-- Table structure for sys_config
-- ----------------------------
DROP TABLE IF EXISTS `sys_config`;
CREATE TABLE `sys_config`  (
  `config_id` int NOT NULL AUTO_INCREMENT COMMENT '参数主键',
  `config_name` varchar(100) CHARACTER SET utf8mb4 COLLATE utf8mb4_0900_ai_ci NULL DEFAULT '' COMMENT '参数名称',
  `config_key` varchar(100) CHARACTER SET utf8mb4 COLLATE utf8mb4_0900_ai_ci NULL DEFAULT '' COMMENT '参数键名',
  `config_value` varchar(500) CHARACTER SET utf8mb4 COLLATE utf8mb4_0900_ai_ci NULL DEFAULT '' COMMENT '参数键值',
  `config_type` char(1) CHARACTER SET utf8mb4 COLLATE utf8mb4_0900_ai_ci NULL DEFAULT 'N' COMMENT '系统内置（Y是 N否）',
  `create_by` varchar(64) CHARACTER SET utf8mb4 COLLATE utf8mb4_0900_ai_ci NULL DEFAULT '' COMMENT '创建者',
  `create_time` datetime NULL DEFAULT NULL COMMENT '创建时间',
  `update_by` varchar(64) CHARACTER SET utf8mb4 COLLATE utf8mb4_0900_ai_ci NULL DEFAULT '' COMMENT '更新者',
  `update_time` datetime NULL DEFAULT NULL COMMENT '更新时间',
  `remark` varchar(500) CHARACTER SET utf8mb4 COLLATE utf8mb4_0900_ai_ci NULL DEFAULT NULL COMMENT '备注',
  PRIMARY KEY (`config_id`) USING BTREE
) ENGINE = InnoDB AUTO_INCREMENT = 100 CHARACTER SET = utf8mb4 COLLATE = utf8mb4_0900_ai_ci COMMENT = '参数配置表' ROW_FORMAT = Dynamic;

-- ----------------------------
-- Records of sys_config
-- ----------------------------
INSERT INTO `sys_config` VALUES (1, '主框架页-默认皮肤样式名称', 'sys.index.skinName', 'skin-blue', 'Y', 'admin', '2023-11-11 14:14:55', '', NULL, '蓝色 skin-blue、绿色 skin-green、紫色 skin-purple、红色 skin-red、黄色 skin-yellow');
INSERT INTO `sys_config` VALUES (2, '用户管理-账号初始密码', 'sys.user.initPassword', '123456', 'Y', 'admin', '2023-11-11 14:14:55', '', NULL, '初始化密码 123456');
INSERT INTO `sys_config` VALUES (3, '主框架页-侧边栏主题', 'sys.index.sideTheme', 'theme-dark', 'Y', 'admin', '2023-11-11 14:14:55', 'admin', '2023-11-11 15:00:03', '深色主题theme-dark，浅色主题theme-light');
INSERT INTO `sys_config` VALUES (4, '账号自助-验证码开关', 'sys.account.captchaEnabled', 'true', 'Y', 'admin', '2023-11-11 14:14:55', '', NULL, '是否开启验证码功能（true开启，false关闭）');
INSERT INTO `sys_config` VALUES (5, '账号自助-是否开启用户注册功能', 'sys.account.registerUser', 'false', 'Y', 'admin', '2023-11-11 14:14:55', '', NULL, '是否开启注册用户功能（true开启，false关闭）');
INSERT INTO `sys_config` VALUES (6, '用户登录-黑名单列表', 'sys.login.blackIPList', '', 'Y', 'admin', '2023-11-11 14:14:55', '', NULL, '设置登录IP黑名单限制，多个匹配项以;分隔，支持匹配（*通配、网段）');

-- ----------------------------
-- Table structure for sys_dept
-- ----------------------------
DROP TABLE IF EXISTS `sys_dept`;
CREATE TABLE `sys_dept`  (
  `dept_id` bigint NOT NULL AUTO_INCREMENT COMMENT '部门id',
  `parent_id` bigint NULL DEFAULT 0 COMMENT '父部门id',
  `ancestors` varchar(50) CHARACTER SET utf8mb4 COLLATE utf8mb4_0900_ai_ci NULL DEFAULT '' COMMENT '祖级列表',
  `dept_name` varchar(30) CHARACTER SET utf8mb4 COLLATE utf8mb4_0900_ai_ci NULL DEFAULT '' COMMENT '部门名称',
  `order_num` int NULL DEFAULT 0 COMMENT '显示顺序',
  `leader` varchar(20) CHARACTER SET utf8mb4 COLLATE utf8mb4_0900_ai_ci NULL DEFAULT NULL COMMENT '负责人',
  `phone` varchar(11) CHARACTER SET utf8mb4 COLLATE utf8mb4_0900_ai_ci NULL DEFAULT NULL COMMENT '联系电话',
  `email` varchar(50) CHARACTER SET utf8mb4 COLLATE utf8mb4_0900_ai_ci NULL DEFAULT NULL COMMENT '邮箱',
  `status` char(1) CHARACTER SET utf8mb4 COLLATE utf8mb4_0900_ai_ci NULL DEFAULT '0' COMMENT '部门状态（0正常 1停用）',
  `del_flag` char(1) CHARACTER SET utf8mb4 COLLATE utf8mb4_0900_ai_ci NULL DEFAULT '0' COMMENT '删除标志（0代表存在 2代表删除）',
  `create_by` varchar(64) CHARACTER SET utf8mb4 COLLATE utf8mb4_0900_ai_ci NULL DEFAULT '' COMMENT '创建者',
  `create_time` datetime NULL DEFAULT NULL COMMENT '创建时间',
  `update_by` varchar(64) CHARACTER SET utf8mb4 COLLATE utf8mb4_0900_ai_ci NULL DEFAULT '' COMMENT '更新者',
  `update_time` datetime NULL DEFAULT NULL COMMENT '更新时间',
  PRIMARY KEY (`dept_id`) USING BTREE
) ENGINE = InnoDB AUTO_INCREMENT = 200 CHARACTER SET = utf8mb4 COLLATE = utf8mb4_0900_ai_ci COMMENT = '部门表' ROW_FORMAT = Dynamic;

-- ----------------------------
-- Records of sys_dept
-- ----------------------------
INSERT INTO `sys_dept` VALUES (100, 0, '0', '智慧数字科技', 0, '朱亮', '13236310189', 'victorzl@qq.com', '0', '0', 'admin', '2023-11-11 14:14:55', 'admin', '2023-12-17 15:51:43');
INSERT INTO `sys_dept` VALUES (101, 100, '0,100', '深圳总公司', 1, '若依', '15888888888', 'ry@qq.com', '0', '0', 'admin', '2023-11-11 14:14:55', '', NULL);
INSERT INTO `sys_dept` VALUES (102, 100, '0,100', '长沙分公司', 2, '若依', '15888888888', 'ry@qq.com', '0', '2', 'admin', '2023-11-11 14:14:55', '', NULL);
INSERT INTO `sys_dept` VALUES (103, 101, '0,100,101', '研发部门', 1, '若依', '15888888888', 'ry@qq.com', '0', '0', 'admin', '2023-11-11 14:14:55', '', NULL);
INSERT INTO `sys_dept` VALUES (104, 101, '0,100,101', '市场部门', 2, '若依', '15888888888', 'ry@qq.com', '0', '0', 'admin', '2023-11-11 14:14:55', '', NULL);
INSERT INTO `sys_dept` VALUES (105, 101, '0,100,101', '测试部门', 3, '若依', '15888888888', 'ry@qq.com', '0', '0', 'admin', '2023-11-11 14:14:55', '', NULL);
INSERT INTO `sys_dept` VALUES (106, 101, '0,100,101', '财务部门', 4, '若依', '15888888888', 'ry@qq.com', '0', '0', 'admin', '2023-11-11 14:14:55', '', NULL);
INSERT INTO `sys_dept` VALUES (107, 101, '0,100,101', '运维部门', 5, '若依', '15888888888', 'ry@qq.com', '0', '0', 'admin', '2023-11-11 14:14:55', '', NULL);
INSERT INTO `sys_dept` VALUES (108, 102, '0,100,102', '市场部门', 1, '若依', '15888888888', 'ry@qq.com', '0', '2', 'admin', '2023-11-11 14:14:55', '', NULL);
INSERT INTO `sys_dept` VALUES (109, 102, '0,100,102', '财务部门', 2, '若依', '15888888888', 'ry@qq.com', '0', '2', 'admin', '2023-11-11 14:14:55', '', NULL);

-- ----------------------------
-- Table structure for sys_dict_data
-- ----------------------------
DROP TABLE IF EXISTS `sys_dict_data`;
CREATE TABLE `sys_dict_data`  (
  `dict_code` bigint NOT NULL AUTO_INCREMENT COMMENT '字典编码',
  `dict_sort` int NULL DEFAULT 0 COMMENT '字典排序',
  `dict_label` varchar(100) CHARACTER SET utf8mb4 COLLATE utf8mb4_0900_ai_ci NULL DEFAULT '' COMMENT '字典标签',
  `dict_value` varchar(100) CHARACTER SET utf8mb4 COLLATE utf8mb4_0900_ai_ci NULL DEFAULT '' COMMENT '字典键值',
  `dict_type` varchar(100) CHARACTER SET utf8mb4 COLLATE utf8mb4_0900_ai_ci NULL DEFAULT '' COMMENT '字典类型',
  `css_class` varchar(100) CHARACTER SET utf8mb4 COLLATE utf8mb4_0900_ai_ci NULL DEFAULT NULL COMMENT '样式属性（其他样式扩展）',
  `list_class` varchar(100) CHARACTER SET utf8mb4 COLLATE utf8mb4_0900_ai_ci NULL DEFAULT NULL COMMENT '表格回显样式',
  `is_default` char(1) CHARACTER SET utf8mb4 COLLATE utf8mb4_0900_ai_ci NULL DEFAULT 'N' COMMENT '是否默认（Y是 N否）',
  `status` char(1) CHARACTER SET utf8mb4 COLLATE utf8mb4_0900_ai_ci NULL DEFAULT '0' COMMENT '状态（0正常 1停用）',
  `create_by` varchar(64) CHARACTER SET utf8mb4 COLLATE utf8mb4_0900_ai_ci NULL DEFAULT '' COMMENT '创建者',
  `create_time` datetime NULL DEFAULT NULL COMMENT '创建时间',
  `update_by` varchar(64) CHARACTER SET utf8mb4 COLLATE utf8mb4_0900_ai_ci NULL DEFAULT '' COMMENT '更新者',
  `update_time` datetime NULL DEFAULT NULL COMMENT '更新时间',
  `remark` varchar(500) CHARACTER SET utf8mb4 COLLATE utf8mb4_0900_ai_ci NULL DEFAULT NULL COMMENT '备注',
  PRIMARY KEY (`dict_code`) USING BTREE
) ENGINE = InnoDB AUTO_INCREMENT = 100 CHARACTER SET = utf8mb4 COLLATE = utf8mb4_0900_ai_ci COMMENT = '字典数据表' ROW_FORMAT = Dynamic;

-- ----------------------------
-- Records of sys_dict_data
-- ----------------------------
INSERT INTO `sys_dict_data` VALUES (1, 1, '男', '0', 'sys_user_sex', '', '', 'Y', '0', 'admin', '2023-11-11 14:14:55', '', NULL, '性别男');
INSERT INTO `sys_dict_data` VALUES (2, 2, '女', '1', 'sys_user_sex', '', '', 'N', '0', 'admin', '2023-11-11 14:14:55', '', NULL, '性别女');
INSERT INTO `sys_dict_data` VALUES (3, 3, '未知', '2', 'sys_user_sex', '', '', 'N', '0', 'admin', '2023-11-11 14:14:55', '', NULL, '性别未知');
INSERT INTO `sys_dict_data` VALUES (4, 1, '显示', '0', 'sys_show_hide', '', 'primary', 'Y', '0', 'admin', '2023-11-11 14:14:55', '', NULL, '显示菜单');
INSERT INTO `sys_dict_data` VALUES (5, 2, '隐藏', '1', 'sys_show_hide', '', 'danger', 'N', '0', 'admin', '2023-11-11 14:14:55', '', NULL, '隐藏菜单');
INSERT INTO `sys_dict_data` VALUES (6, 1, '正常', '0', 'sys_normal_disable', '', 'primary', 'Y', '0', 'admin', '2023-11-11 14:14:55', '', NULL, '正常状态');
INSERT INTO `sys_dict_data` VALUES (7, 2, '停用', '1', 'sys_normal_disable', '', 'danger', 'N', '0', 'admin', '2023-11-11 14:14:55', '', NULL, '停用状态');
INSERT INTO `sys_dict_data` VALUES (8, 1, '正常', '0', 'sys_job_status', '', 'primary', 'Y', '0', 'admin', '2023-11-11 14:14:55', '', NULL, '正常状态');
INSERT INTO `sys_dict_data` VALUES (9, 2, '暂停', '1', 'sys_job_status', '', 'danger', 'N', '0', 'admin', '2023-11-11 14:14:55', '', NULL, '停用状态');
INSERT INTO `sys_dict_data` VALUES (10, 1, '默认', 'DEFAULT', 'sys_job_group', '', '', 'Y', '0', 'admin', '2023-11-11 14:14:55', '', NULL, '默认分组');
INSERT INTO `sys_dict_data` VALUES (11, 2, '系统', 'SYSTEM', 'sys_job_group', '', '', 'N', '0', 'admin', '2023-11-11 14:14:55', '', NULL, '系统分组');
INSERT INTO `sys_dict_data` VALUES (12, 1, '是', 'Y', 'sys_yes_no', '', 'primary', 'Y', '0', 'admin', '2023-11-11 14:14:55', '', NULL, '系统默认是');
INSERT INTO `sys_dict_data` VALUES (13, 2, '否', 'N', 'sys_yes_no', '', 'danger', 'N', '0', 'admin', '2023-11-11 14:14:55', '', NULL, '系统默认否');
INSERT INTO `sys_dict_data` VALUES (14, 1, '通知', '1', 'sys_notice_type', '', 'warning', 'Y', '0', 'admin', '2023-11-11 14:14:55', '', NULL, '通知');
INSERT INTO `sys_dict_data` VALUES (15, 2, '公告', '2', 'sys_notice_type', '', 'success', 'N', '0', 'admin', '2023-11-11 14:14:55', '', NULL, '公告');
INSERT INTO `sys_dict_data` VALUES (16, 1, '正常', '0', 'sys_notice_status', '', 'primary', 'Y', '0', 'admin', '2023-11-11 14:14:55', '', NULL, '正常状态');
INSERT INTO `sys_dict_data` VALUES (17, 2, '关闭', '1', 'sys_notice_status', '', 'danger', 'N', '0', 'admin', '2023-11-11 14:14:55', '', NULL, '关闭状态');
INSERT INTO `sys_dict_data` VALUES (18, 99, '其他', '0', 'sys_oper_type', '', 'info', 'N', '0', 'admin', '2023-11-11 14:14:55', '', NULL, '其他操作');
INSERT INTO `sys_dict_data` VALUES (19, 1, '新增', '1', 'sys_oper_type', '', 'info', 'N', '0', 'admin', '2023-11-11 14:14:55', '', NULL, '新增操作');
INSERT INTO `sys_dict_data` VALUES (20, 2, '修改', '2', 'sys_oper_type', '', 'info', 'N', '0', 'admin', '2023-11-11 14:14:55', '', NULL, '修改操作');
INSERT INTO `sys_dict_data` VALUES (21, 3, '删除', '3', 'sys_oper_type', '', 'danger', 'N', '0', 'admin', '2023-11-11 14:14:55', '', NULL, '删除操作');
INSERT INTO `sys_dict_data` VALUES (22, 4, '授权', '4', 'sys_oper_type', '', 'primary', 'N', '0', 'admin', '2023-11-11 14:14:55', '', NULL, '授权操作');
INSERT INTO `sys_dict_data` VALUES (23, 5, '导出', '5', 'sys_oper_type', '', 'warning', 'N', '0', 'admin', '2023-11-11 14:14:55', '', NULL, '导出操作');
INSERT INTO `sys_dict_data` VALUES (24, 6, '导入', '6', 'sys_oper_type', '', 'warning', 'N', '0', 'admin', '2023-11-11 14:14:55', '', NULL, '导入操作');
INSERT INTO `sys_dict_data` VALUES (25, 7, '强退', '7', 'sys_oper_type', '', 'danger', 'N', '0', 'admin', '2023-11-11 14:14:55', '', NULL, '强退操作');
INSERT INTO `sys_dict_data` VALUES (26, 8, '生成代码', '8', 'sys_oper_type', '', 'warning', 'N', '0', 'admin', '2023-11-11 14:14:55', '', NULL, '生成操作');
INSERT INTO `sys_dict_data` VALUES (27, 9, '清空数据', '9', 'sys_oper_type', '', 'danger', 'N', '0', 'admin', '2023-11-11 14:14:55', '', NULL, '清空操作');
INSERT INTO `sys_dict_data` VALUES (28, 1, '成功', '0', 'sys_common_status', '', 'primary', 'N', '0', 'admin', '2023-11-11 14:14:55', '', NULL, '正常状态');
INSERT INTO `sys_dict_data` VALUES (29, 2, '失败', '1', 'sys_common_status', '', 'danger', 'N', '0', 'admin', '2023-11-11 14:14:55', '', NULL, '停用状态');

-- ----------------------------
-- Table structure for sys_dict_type
-- ----------------------------
DROP TABLE IF EXISTS `sys_dict_type`;
CREATE TABLE `sys_dict_type`  (
  `dict_id` bigint NOT NULL AUTO_INCREMENT COMMENT '字典主键',
  `dict_name` varchar(100) CHARACTER SET utf8mb4 COLLATE utf8mb4_0900_ai_ci NULL DEFAULT '' COMMENT '字典名称',
  `dict_type` varchar(100) CHARACTER SET utf8mb4 COLLATE utf8mb4_0900_ai_ci NULL DEFAULT '' COMMENT '字典类型',
  `status` char(1) CHARACTER SET utf8mb4 COLLATE utf8mb4_0900_ai_ci NULL DEFAULT '0' COMMENT '状态（0正常 1停用）',
  `create_by` varchar(64) CHARACTER SET utf8mb4 COLLATE utf8mb4_0900_ai_ci NULL DEFAULT '' COMMENT '创建者',
  `create_time` datetime NULL DEFAULT NULL COMMENT '创建时间',
  `update_by` varchar(64) CHARACTER SET utf8mb4 COLLATE utf8mb4_0900_ai_ci NULL DEFAULT '' COMMENT '更新者',
  `update_time` datetime NULL DEFAULT NULL COMMENT '更新时间',
  `remark` varchar(500) CHARACTER SET utf8mb4 COLLATE utf8mb4_0900_ai_ci NULL DEFAULT NULL COMMENT '备注',
  PRIMARY KEY (`dict_id`) USING BTREE,
  UNIQUE INDEX `dict_type`(`dict_type` ASC) USING BTREE
) ENGINE = InnoDB AUTO_INCREMENT = 10 CHARACTER SET = utf8mb4 COLLATE = utf8mb4_0900_ai_ci COMMENT = '字典类型表' ROW_FORMAT = Dynamic;

-- ----------------------------
-- Records of sys_dict_type
-- ----------------------------
INSERT INTO `sys_dict_type` VALUES (1, '用户性别', 'sys_user_sex', '0', 'admin', '2023-11-11 14:14:55', '', NULL, '用户性别列表');
INSERT INTO `sys_dict_type` VALUES (2, '菜单状态', 'sys_show_hide', '0', 'admin', '2023-11-11 14:14:55', '', NULL, '菜单状态列表');
INSERT INTO `sys_dict_type` VALUES (3, '系统开关', 'sys_normal_disable', '0', 'admin', '2023-11-11 14:14:55', '', NULL, '系统开关列表');
INSERT INTO `sys_dict_type` VALUES (4, '任务状态', 'sys_job_status', '0', 'admin', '2023-11-11 14:14:55', '', NULL, '任务状态列表');
INSERT INTO `sys_dict_type` VALUES (5, '任务分组', 'sys_job_group', '0', 'admin', '2023-11-11 14:14:55', '', NULL, '任务分组列表');
INSERT INTO `sys_dict_type` VALUES (6, '系统是否', 'sys_yes_no', '0', 'admin', '2023-11-11 14:14:55', '', NULL, '系统是否列表');
INSERT INTO `sys_dict_type` VALUES (7, '通知类型', 'sys_notice_type', '0', 'admin', '2023-11-11 14:14:55', '', NULL, '通知类型列表');
INSERT INTO `sys_dict_type` VALUES (8, '通知状态', 'sys_notice_status', '0', 'admin', '2023-11-11 14:14:55', '', NULL, '通知状态列表');
INSERT INTO `sys_dict_type` VALUES (9, '操作类型', 'sys_oper_type', '0', 'admin', '2023-11-11 14:14:55', '', NULL, '操作类型列表');
INSERT INTO `sys_dict_type` VALUES (10, '系统状态', 'sys_common_status', '0', 'admin', '2023-11-11 14:14:55', '', NULL, '登录状态列表');

-- ----------------------------
-- Table structure for sys_job
-- ----------------------------
DROP TABLE IF EXISTS `sys_job`;
CREATE TABLE `sys_job`  (
  `job_id` bigint NOT NULL AUTO_INCREMENT COMMENT '任务ID',
  `job_name` varchar(64) CHARACTER SET utf8mb4 COLLATE utf8mb4_0900_ai_ci NOT NULL DEFAULT '' COMMENT '任务名称',
  `job_group` varchar(64) CHARACTER SET utf8mb4 COLLATE utf8mb4_0900_ai_ci NOT NULL DEFAULT 'DEFAULT' COMMENT '任务组名',
  `invoke_target` varchar(500) CHARACTER SET utf8mb4 COLLATE utf8mb4_0900_ai_ci NOT NULL COMMENT '调用目标字符串',
  `cron_expression` varchar(255) CHARACTER SET utf8mb4 COLLATE utf8mb4_0900_ai_ci NULL DEFAULT '' COMMENT 'cron执行表达式',
  `misfire_policy` varchar(20) CHARACTER SET utf8mb4 COLLATE utf8mb4_0900_ai_ci NULL DEFAULT '3' COMMENT '计划执行错误策略（1立即执行 2执行一次 3放弃执行）',
  `concurrent` char(1) CHARACTER SET utf8mb4 COLLATE utf8mb4_0900_ai_ci NULL DEFAULT '1' COMMENT '是否并发执行（0允许 1禁止）',
  `status` char(1) CHARACTER SET utf8mb4 COLLATE utf8mb4_0900_ai_ci NULL DEFAULT '0' COMMENT '状态（0正常 1暂停）',
  `create_by` varchar(64) CHARACTER SET utf8mb4 COLLATE utf8mb4_0900_ai_ci NULL DEFAULT '' COMMENT '创建者',
  `create_time` datetime NULL DEFAULT NULL COMMENT '创建时间',
  `update_by` varchar(64) CHARACTER SET utf8mb4 COLLATE utf8mb4_0900_ai_ci NULL DEFAULT '' COMMENT '更新者',
  `update_time` datetime NULL DEFAULT NULL COMMENT '更新时间',
  `remark` varchar(500) CHARACTER SET utf8mb4 COLLATE utf8mb4_0900_ai_ci NULL DEFAULT '' COMMENT '备注信息',
  PRIMARY KEY (`job_id`, `job_name`, `job_group`) USING BTREE
) ENGINE = InnoDB AUTO_INCREMENT = 100 CHARACTER SET = utf8mb4 COLLATE = utf8mb4_0900_ai_ci COMMENT = '定时任务调度表' ROW_FORMAT = Dynamic;

-- ----------------------------
-- Records of sys_job
-- ----------------------------
INSERT INTO `sys_job` VALUES (1, '系统默认（无参）', 'DEFAULT', 'ryTask.ryNoParams', '0/10 * * * * ?', '3', '1', '1', 'admin', '2023-11-11 14:14:55', '', NULL, '');
INSERT INTO `sys_job` VALUES (2, '系统默认（有参）', 'DEFAULT', 'ryTask.ryParams(\'ry\')', '0/15 * * * * ?', '3', '1', '1', 'admin', '2023-11-11 14:14:55', '', NULL, '');
INSERT INTO `sys_job` VALUES (3, '系统默认（多参）', 'DEFAULT', 'ryTask.ryMultipleParams(\'ry\', true, 2000L, 316.50D, 100)', '0/20 * * * * ?', '3', '1', '1', 'admin', '2023-11-11 14:14:55', '', NULL, '');

-- ----------------------------
-- Table structure for sys_job_log
-- ----------------------------
DROP TABLE IF EXISTS `sys_job_log`;
CREATE TABLE `sys_job_log`  (
  `job_log_id` bigint NOT NULL AUTO_INCREMENT COMMENT '任务日志ID',
  `job_name` varchar(64) CHARACTER SET utf8mb4 COLLATE utf8mb4_0900_ai_ci NOT NULL COMMENT '任务名称',
  `job_group` varchar(64) CHARACTER SET utf8mb4 COLLATE utf8mb4_0900_ai_ci NOT NULL COMMENT '任务组名',
  `invoke_target` varchar(500) CHARACTER SET utf8mb4 COLLATE utf8mb4_0900_ai_ci NOT NULL COMMENT '调用目标字符串',
  `job_message` varchar(500) CHARACTER SET utf8mb4 COLLATE utf8mb4_0900_ai_ci NULL DEFAULT NULL COMMENT '日志信息',
  `status` char(1) CHARACTER SET utf8mb4 COLLATE utf8mb4_0900_ai_ci NULL DEFAULT '0' COMMENT '执行状态（0正常 1失败）',
  `exception_info` varchar(2000) CHARACTER SET utf8mb4 COLLATE utf8mb4_0900_ai_ci NULL DEFAULT '' COMMENT '异常信息',
  `create_time` datetime NULL DEFAULT NULL COMMENT '创建时间',
  PRIMARY KEY (`job_log_id`) USING BTREE
) ENGINE = InnoDB CHARACTER SET = utf8mb4 COLLATE = utf8mb4_0900_ai_ci COMMENT = '定时任务调度日志表' ROW_FORMAT = Dynamic;

-- ----------------------------
-- Records of sys_job_log
-- ----------------------------

-- ----------------------------
-- Table structure for sys_logininfor
-- ----------------------------
DROP TABLE IF EXISTS `sys_logininfor`;
CREATE TABLE `sys_logininfor`  (
  `info_id` bigint NOT NULL AUTO_INCREMENT COMMENT '访问ID',
  `user_name` varchar(50) CHARACTER SET utf8mb4 COLLATE utf8mb4_0900_ai_ci NULL DEFAULT '' COMMENT '用户账号',
  `ipaddr` varchar(128) CHARACTER SET utf8mb4 COLLATE utf8mb4_0900_ai_ci NULL DEFAULT '' COMMENT '登录IP地址',
  `login_location` varchar(255) CHARACTER SET utf8mb4 COLLATE utf8mb4_0900_ai_ci NULL DEFAULT '' COMMENT '登录地点',
  `browser` varchar(50) CHARACTER SET utf8mb4 COLLATE utf8mb4_0900_ai_ci NULL DEFAULT '' COMMENT '浏览器类型',
  `os` varchar(50) CHARACTER SET utf8mb4 COLLATE utf8mb4_0900_ai_ci NULL DEFAULT '' COMMENT '操作系统',
  `status` char(1) CHARACTER SET utf8mb4 COLLATE utf8mb4_0900_ai_ci NULL DEFAULT '0' COMMENT '登录状态（0成功 1失败）',
  `msg` varchar(255) CHARACTER SET utf8mb4 COLLATE utf8mb4_0900_ai_ci NULL DEFAULT '' COMMENT '提示消息',
  `login_time` datetime NULL DEFAULT NULL COMMENT '访问时间',
  PRIMARY KEY (`info_id`) USING BTREE,
  INDEX `idx_sys_logininfor_s`(`status` ASC) USING BTREE,
  INDEX `idx_sys_logininfor_lt`(`login_time` ASC) USING BTREE
) ENGINE = InnoDB AUTO_INCREMENT = 377 CHARACTER SET = utf8mb4 COLLATE = utf8mb4_0900_ai_ci COMMENT = '系统访问记录' ROW_FORMAT = Dynamic;

-- ----------------------------
-- Records of sys_logininfor
-- ----------------------------
INSERT INTO `sys_logininfor` VALUES (100, 'admin', '127.0.0.1', '内网IP', 'Chrome 11', 'Windows 10', '0', '登录成功', '2023-11-11 14:46:58');
INSERT INTO `sys_logininfor` VALUES (101, 'admin', '127.0.0.1', '内网IP', 'Chrome 11', 'Windows 10', '0', '退出成功', '2023-11-11 14:53:57');
INSERT INTO `sys_logininfor` VALUES (102, 'admin', '127.0.0.1', '内网IP', 'Chrome 11', 'Windows 10', '0', '登录成功', '2023-11-11 14:54:10');
INSERT INTO `sys_logininfor` VALUES (103, 'admin', '127.0.0.1', '内网IP', 'Chrome 11', 'Windows 10', '0', '退出成功', '2023-11-11 15:23:29');
INSERT INTO `sys_logininfor` VALUES (104, 'admin', '127.0.0.1', '内网IP', 'Chrome 11', 'Windows 10', '0', '登录成功', '2023-11-11 15:26:32');
INSERT INTO `sys_logininfor` VALUES (105, 'admin', '127.0.0.1', '内网IP', 'Chrome 11', 'Windows 10', '0', '登录成功', '2023-11-12 10:19:44');
INSERT INTO `sys_logininfor` VALUES (106, 'admin', '127.0.0.1', '内网IP', 'Chrome 11', 'Windows 10', '0', '登录成功', '2023-11-15 22:52:46');
INSERT INTO `sys_logininfor` VALUES (107, 'admin', '127.0.0.1', '内网IP', 'Chrome 11', 'Windows 10', '0', '退出成功', '2023-11-15 22:53:50');
INSERT INTO `sys_logininfor` VALUES (108, 'admin', '127.0.0.1', '内网IP', 'Chrome 11', 'Windows 10', '0', '登录成功', '2023-11-18 21:19:51');
INSERT INTO `sys_logininfor` VALUES (109, 'admin', '127.0.0.1', '内网IP', 'Chrome 11', 'Windows 10', '0', '登录成功', '2023-12-03 12:54:25');
INSERT INTO `sys_logininfor` VALUES (110, 'admin', '127.0.0.1', '内网IP', 'Chrome 11', 'Windows 10', '0', '登录成功', '2023-12-03 18:21:40');
INSERT INTO `sys_logininfor` VALUES (111, 'admin', '127.0.0.1', '内网IP', 'Chrome 11', 'Windows 10', '0', '登录成功', '2023-12-03 21:53:52');
INSERT INTO `sys_logininfor` VALUES (112, 'admin', '127.0.0.1', '内网IP', 'Chrome 11', 'Windows 10', '0', '退出成功', '2023-12-03 22:21:59');
INSERT INTO `sys_logininfor` VALUES (113, 'admin', '127.0.0.1', '内网IP', 'Chrome 11', 'Windows 10', '0', '登录成功', '2023-12-03 22:22:02');
INSERT INTO `sys_logininfor` VALUES (114, 'admin', '127.0.0.1', '内网IP', 'Chrome 11', 'Windows 10', '0', '登录成功', '2023-12-04 21:58:05');
INSERT INTO `sys_logininfor` VALUES (115, 'admin', '127.0.0.1', '内网IP', 'Chrome 11', 'Windows 10', '0', '登录成功', '2023-12-05 09:34:26');
INSERT INTO `sys_logininfor` VALUES (116, 'admin', '127.0.0.1', '内网IP', 'Chrome 11', 'Windows 10', '1', '验证码错误', '2023-12-05 11:35:00');
INSERT INTO `sys_logininfor` VALUES (117, 'admin', '127.0.0.1', '内网IP', 'Chrome 11', 'Windows 10', '0', '登录成功', '2023-12-05 11:35:06');
INSERT INTO `sys_logininfor` VALUES (118, 'admin', '127.0.0.1', '内网IP', 'Chrome 11', 'Windows 10', '0', '登录成功', '2023-12-05 13:57:03');
INSERT INTO `sys_logininfor` VALUES (119, 'admin', '127.0.0.1', '内网IP', 'Chrome 11', 'Windows 10', '0', '登录成功', '2023-12-05 15:36:57');
INSERT INTO `sys_logininfor` VALUES (120, 'admin', '127.0.0.1', '内网IP', 'Chrome 11', 'Windows 10', '0', '登录成功', '2023-12-06 15:25:19');
INSERT INTO `sys_logininfor` VALUES (121, 'admin', '127.0.0.1', '内网IP', 'Chrome 11', 'Windows 10', '0', '退出成功', '2023-12-06 15:29:54');
INSERT INTO `sys_logininfor` VALUES (122, 'admin', '127.0.0.1', '内网IP', 'Chrome 11', 'Windows 10', '0', '登录成功', '2023-12-06 15:30:01');
INSERT INTO `sys_logininfor` VALUES (123, 'admin', '127.0.0.1', '内网IP', 'Chrome 11', 'Windows 10', '0', '登录成功', '2023-12-06 19:07:30');
INSERT INTO `sys_logininfor` VALUES (124, 'admin', '127.0.0.1', '内网IP', 'Chrome 11', 'Windows 10', '0', '登录成功', '2023-12-06 22:24:38');
INSERT INTO `sys_logininfor` VALUES (125, 'admin', '127.0.0.1', '内网IP', 'Chrome 11', 'Windows 10', '0', '登录成功', '2023-12-07 21:49:14');
INSERT INTO `sys_logininfor` VALUES (126, 'admin', '127.0.0.1', '内网IP', 'Chrome 11', 'Windows 10', '0', '登录成功', '2023-12-08 12:24:46');
INSERT INTO `sys_logininfor` VALUES (127, 'admin', '127.0.0.1', '内网IP', 'Chrome 11', 'Windows 10', '1', '验证码错误', '2023-12-08 12:26:28');
INSERT INTO `sys_logininfor` VALUES (128, 'admin', '127.0.0.1', '内网IP', 'Chrome 11', 'Windows 10', '0', '登录成功', '2023-12-08 12:26:32');
INSERT INTO `sys_logininfor` VALUES (129, 'admin', '127.0.0.1', '内网IP', 'Chrome 11', 'Windows 10', '0', '登录成功', '2023-12-08 12:58:06');
INSERT INTO `sys_logininfor` VALUES (130, 'admin', '127.0.0.1', '内网IP', 'Chrome 11', 'Windows 10', '0', '登录成功', '2023-12-08 13:42:53');
INSERT INTO `sys_logininfor` VALUES (131, 'admin', '127.0.0.1', '内网IP', 'Chrome 11', 'Windows 10', '1', '验证码已失效', '2023-12-08 14:28:46');
INSERT INTO `sys_logininfor` VALUES (132, 'admin', '127.0.0.1', '内网IP', 'Chrome 11', 'Windows 10', '0', '登录成功', '2023-12-08 14:28:49');
INSERT INTO `sys_logininfor` VALUES (133, 'admin', '127.0.0.1', '内网IP', 'Chrome 11', 'Windows 10', '0', '登录成功', '2023-12-08 20:44:04');
INSERT INTO `sys_logininfor` VALUES (134, 'admin', '127.0.0.1', '内网IP', 'Chrome 11', 'Windows 10', '0', '登录成功', '2023-12-08 22:54:12');
INSERT INTO `sys_logininfor` VALUES (135, 'admin', '127.0.0.1', '内网IP', 'Chrome 11', 'Windows 10', '0', '登录成功', '2023-12-12 14:27:44');
INSERT INTO `sys_logininfor` VALUES (136, 'admin', '127.0.0.1', '内网IP', 'Chrome 11', 'Windows 10', '0', '登录成功', '2023-12-12 15:00:31');
INSERT INTO `sys_logininfor` VALUES (137, 'admin', '127.0.0.1', '内网IP', 'Chrome 11', 'Windows 10', '0', '登录成功', '2023-12-12 15:54:07');
INSERT INTO `sys_logininfor` VALUES (138, 'admin', '127.0.0.1', '内网IP', 'Chrome 12', 'Windows 10', '0', '登录成功', '2023-12-14 22:01:10');
INSERT INTO `sys_logininfor` VALUES (139, 'admin', '127.0.0.1', '内网IP', 'Chrome 12', 'Windows 10', '0', '登录成功', '2023-12-15 11:17:14');
INSERT INTO `sys_logininfor` VALUES (140, 'admin', '127.0.0.1', '内网IP', 'Chrome 12', 'Windows 10', '0', '登录成功', '2023-12-15 12:18:22');
INSERT INTO `sys_logininfor` VALUES (141, 'admin', '127.0.0.1', '内网IP', 'Chrome 12', 'Windows 10', '0', '登录成功', '2023-12-15 13:51:43');
INSERT INTO `sys_logininfor` VALUES (142, 'admin', '127.0.0.1', '内网IP', 'Chrome 12', 'Windows 10', '0', '登录成功', '2023-12-15 14:33:31');
INSERT INTO `sys_logininfor` VALUES (143, 'admin', '127.0.0.1', '内网IP', 'Chrome 12', 'Windows 10', '0', '登录成功', '2023-12-15 15:10:27');
INSERT INTO `sys_logininfor` VALUES (144, 'admin', '127.0.0.1', '内网IP', 'Chrome 12', 'Windows 10', '0', '登录成功', '2023-12-15 19:45:12');
INSERT INTO `sys_logininfor` VALUES (145, 'admin', '127.0.0.1', '内网IP', 'Chrome 12', 'Windows 10', '0', '登录成功', '2023-12-16 14:17:45');
INSERT INTO `sys_logininfor` VALUES (146, 'admin', '127.0.0.1', '内网IP', 'Chrome 12', 'Windows 10', '0', '登录成功', '2023-12-16 17:22:01');
INSERT INTO `sys_logininfor` VALUES (147, 'admin', '127.0.0.1', '内网IP', 'Chrome 12', 'Windows 10', '1', 'This object has not been built', '2023-12-16 21:25:22');
INSERT INTO `sys_logininfor` VALUES (148, 'admin', '127.0.0.1', '内网IP', 'Chrome 12', 'Windows 10', '1', 'This object has not been built', '2023-12-16 21:25:29');
INSERT INTO `sys_logininfor` VALUES (149, 'admin', '127.0.0.1', '内网IP', 'Chrome 12', 'Windows 10', '1', 'This object has not been built', '2023-12-16 21:25:47');
INSERT INTO `sys_logininfor` VALUES (150, 'admin', '127.0.0.1', '内网IP', 'Chrome 12', 'Windows 10', '1', 'This object has not been built', '2023-12-16 21:26:34');
INSERT INTO `sys_logininfor` VALUES (151, 'admin', '127.0.0.1', '内网IP', 'Chrome 12', 'Windows 10', '0', '登录成功', '2023-12-16 21:26:56');
INSERT INTO `sys_logininfor` VALUES (152, 'admin', '127.0.0.1', '内网IP', 'Chrome 12', 'Windows 10', '0', '登录成功', '2023-12-16 22:27:45');
INSERT INTO `sys_logininfor` VALUES (153, 'admin', '127.0.0.1', '内网IP', 'Chrome 12', 'Windows 10', '0', '登录成功', '2023-12-17 09:48:15');
INSERT INTO `sys_logininfor` VALUES (154, 'admin', '127.0.0.1', '内网IP', 'Chrome 12', 'Windows 10', '0', '登录成功', '2023-12-17 11:02:54');
INSERT INTO `sys_logininfor` VALUES (155, 'admin', '127.0.0.1', '内网IP', 'Chrome 12', 'Windows 10', '0', '登录成功', '2023-12-17 13:49:28');
INSERT INTO `sys_logininfor` VALUES (156, 'admin', '127.0.0.1', '内网IP', 'Chrome 12', 'Windows 10', '1', '验证码错误', '2023-12-17 15:45:17');
INSERT INTO `sys_logininfor` VALUES (157, 'admin', '127.0.0.1', '内网IP', 'Chrome 12', 'Windows 10', '0', '登录成功', '2023-12-17 15:45:20');
INSERT INTO `sys_logininfor` VALUES (158, 'admin', '127.0.0.1', '内网IP', 'Chrome 12', 'Windows 10', '0', '退出成功', '2023-12-17 15:47:19');
INSERT INTO `sys_logininfor` VALUES (159, 'ry', '127.0.0.1', '内网IP', 'Chrome 12', 'Windows 10', '0', '登录成功', '2023-12-17 15:47:28');
INSERT INTO `sys_logininfor` VALUES (160, 'ry', '127.0.0.1', '内网IP', 'Chrome 12', 'Windows 10', '0', '退出成功', '2023-12-17 15:47:40');
INSERT INTO `sys_logininfor` VALUES (161, 'admin', '127.0.0.1', '内网IP', 'Chrome 12', 'Windows 10', '0', '登录成功', '2023-12-17 15:47:47');
INSERT INTO `sys_logininfor` VALUES (162, 'admin', '127.0.0.1', '内网IP', 'Chrome 12', 'Windows 10', '0', '退出成功', '2023-12-17 15:49:21');
INSERT INTO `sys_logininfor` VALUES (163, 'admin', '127.0.0.1', '内网IP', 'Chrome 12', 'Windows 10', '1', '密码输入错误1次', '2023-12-17 15:49:25');
INSERT INTO `sys_logininfor` VALUES (164, 'admin', '127.0.0.1', '内网IP', 'Chrome 12', 'Windows 10', '1', '用户不存在/密码错误', '2023-12-17 15:49:25');
INSERT INTO `sys_logininfor` VALUES (165, 'admin', '127.0.0.1', '内网IP', 'Chrome 12', 'Windows 10', '0', '登录成功', '2023-12-17 15:49:32');
INSERT INTO `sys_logininfor` VALUES (166, 'admin', '127.0.0.1', '内网IP', 'Chrome 12', 'Windows 10', '0', '退出成功', '2023-12-17 15:49:57');
INSERT INTO `sys_logininfor` VALUES (167, 'admin', '127.0.0.1', '内网IP', 'Chrome 12', 'Windows 10', '0', '登录成功', '2023-12-17 15:50:02');
INSERT INTO `sys_logininfor` VALUES (168, 'admin', '127.0.0.1', '内网IP', 'Chrome 12', 'Windows 10', '0', '退出成功', '2023-12-17 15:56:37');
INSERT INTO `sys_logininfor` VALUES (169, 'port', '127.0.0.1', '内网IP', 'Chrome 12', 'Windows 10', '0', '登录成功', '2023-12-17 15:56:47');
INSERT INTO `sys_logininfor` VALUES (170, 'port', '127.0.0.1', '内网IP', 'Chrome 12', 'Windows 10', '0', '退出成功', '2023-12-17 15:57:05');
INSERT INTO `sys_logininfor` VALUES (171, 'admin', '127.0.0.1', '内网IP', 'Chrome 12', 'Windows 10', '1', '验证码错误', '2023-12-17 15:57:18');
INSERT INTO `sys_logininfor` VALUES (172, 'admin', '127.0.0.1', '内网IP', 'Chrome 12', 'Windows 10', '0', '登录成功', '2023-12-17 15:57:23');
INSERT INTO `sys_logininfor` VALUES (173, 'admin', '127.0.0.1', '内网IP', 'Chrome 12', 'Windows 10', '0', '登录成功', '2023-12-17 17:09:36');
INSERT INTO `sys_logininfor` VALUES (174, 'admin', '127.0.0.1', '内网IP', 'Chrome 12', 'Windows 10', '0', '登录成功', '2023-12-19 15:35:53');
INSERT INTO `sys_logininfor` VALUES (175, 'admin', '127.0.0.1', '内网IP', 'Chrome 12', 'Windows 10', '0', '退出成功', '2023-12-19 16:08:03');
INSERT INTO `sys_logininfor` VALUES (176, 'admin', '127.0.0.1', '内网IP', 'Chrome 12', 'Windows 10', '0', '登录成功', '2023-12-19 16:08:36');
INSERT INTO `sys_logininfor` VALUES (177, 'admin', '127.0.0.1', '内网IP', 'Chrome 12', 'Windows 10', '0', '退出成功', '2023-12-19 16:09:03');
INSERT INTO `sys_logininfor` VALUES (178, 'port', '127.0.0.1', '内网IP', 'Chrome 12', 'Windows 10', '0', '登录成功', '2023-12-19 16:09:13');
INSERT INTO `sys_logininfor` VALUES (179, 'port', '127.0.0.1', '内网IP', 'Chrome 12', 'Windows 10', '0', '退出成功', '2023-12-19 16:14:42');
INSERT INTO `sys_logininfor` VALUES (180, 'admin', '127.0.0.1', '内网IP', 'Chrome 12', 'Windows 10', '0', '登录成功', '2023-12-19 16:14:48');
INSERT INTO `sys_logininfor` VALUES (181, 'admin', '127.0.0.1', '内网IP', 'Chrome 12', 'Windows 10', '0', '登录成功', '2023-12-23 08:52:24');
INSERT INTO `sys_logininfor` VALUES (182, 'admin', '127.0.0.1', '内网IP', 'Chrome 12', 'Windows 10', '0', '登录成功', '2023-12-23 12:22:26');
INSERT INTO `sys_logininfor` VALUES (183, 'admin', '127.0.0.1', '内网IP', 'Chrome 12', 'Windows 10', '0', '退出成功', '2023-12-23 12:36:52');
INSERT INTO `sys_logininfor` VALUES (184, 'admin', '127.0.0.1', '内网IP', 'Chrome 12', 'Windows 10', '1', '密码输入错误1次', '2023-12-23 12:37:16');
INSERT INTO `sys_logininfor` VALUES (185, 'admin', '127.0.0.1', '内网IP', 'Chrome 12', 'Windows 10', '1', '用户不存在/密码错误', '2023-12-23 12:37:16');
INSERT INTO `sys_logininfor` VALUES (186, 'admin', '127.0.0.1', '内网IP', 'Chrome 12', 'Windows 10', '0', '登录成功', '2023-12-23 12:37:24');
INSERT INTO `sys_logininfor` VALUES (187, 'admin', '127.0.0.1', '内网IP', 'Chrome 12', 'Windows 10', '0', '登录成功', '2023-12-23 13:59:38');
INSERT INTO `sys_logininfor` VALUES (188, 'admin', '127.0.0.1', '内网IP', 'Chrome 12', 'Windows 10', '0', '登录成功', '2023-12-24 13:06:20');
INSERT INTO `sys_logininfor` VALUES (189, 'admin', '127.0.0.1', '内网IP', 'Chrome 12', 'Windows 10', '1', '验证码错误', '2023-12-24 19:41:55');
INSERT INTO `sys_logininfor` VALUES (190, 'admin', '127.0.0.1', '内网IP', 'Chrome 12', 'Windows 10', '0', '登录成功', '2023-12-24 19:41:57');
INSERT INTO `sys_logininfor` VALUES (191, 'admin', '127.0.0.1', '内网IP', 'Chrome 12', 'Windows 10', '0', '退出成功', '2023-12-24 19:49:27');
INSERT INTO `sys_logininfor` VALUES (192, 'admin', '127.0.0.1', '内网IP', 'Chrome 12', 'Windows 10', '0', '登录成功', '2023-12-24 19:49:36');
INSERT INTO `sys_logininfor` VALUES (193, 'admin', '127.0.0.1', '内网IP', 'Chrome 12', 'Windows 10', '0', '退出成功', '2023-12-24 19:49:43');
INSERT INTO `sys_logininfor` VALUES (194, 'admin', '127.0.0.1', '内网IP', 'Chrome 12', 'Windows 10', '0', '登录成功', '2023-12-24 19:51:04');
INSERT INTO `sys_logininfor` VALUES (195, 'admin', '127.0.0.1', '内网IP', 'Chrome 12', 'Windows 10', '0', '登录成功', '2023-12-25 11:26:20');
INSERT INTO `sys_logininfor` VALUES (196, 'admin', '127.0.0.1', '内网IP', 'Chrome 12', 'Windows 10', '0', '登录成功', '2023-12-25 20:09:44');
INSERT INTO `sys_logininfor` VALUES (197, 'admin', '127.0.0.1', '内网IP', 'Chrome 12', 'Windows 10', '0', '登录成功', '2023-12-25 21:03:04');
INSERT INTO `sys_logininfor` VALUES (198, 'admin', '127.0.0.1', '内网IP', 'Chrome 12', 'Windows 10', '1', '验证码已失效', '2023-12-26 14:12:01');
INSERT INTO `sys_logininfor` VALUES (199, 'admin', '127.0.0.1', '内网IP', 'Chrome 12', 'Windows 10', '1', '验证码错误', '2023-12-26 14:12:05');
INSERT INTO `sys_logininfor` VALUES (200, 'admin', '127.0.0.1', '内网IP', 'Chrome 12', 'Windows 10', '0', '登录成功', '2023-12-26 14:12:08');
INSERT INTO `sys_logininfor` VALUES (201, 'admin', '127.0.0.1', '内网IP', 'Chrome 12', 'Windows 10', '0', '登录成功', '2023-12-26 18:46:18');
INSERT INTO `sys_logininfor` VALUES (202, 'admin', '127.0.0.1', '内网IP', 'Chrome 12', 'Windows 10', '0', '登录成功', '2023-12-26 20:12:00');
INSERT INTO `sys_logininfor` VALUES (203, 'admin', '127.0.0.1', '内网IP', 'Chrome 12', 'Windows 10', '1', '用户不存在/密码错误', '2023-12-30 15:43:24');
INSERT INTO `sys_logininfor` VALUES (204, 'admin', '127.0.0.1', '内网IP', 'Chrome 12', 'Windows 10', '1', '密码输入错误1次', '2023-12-30 15:43:24');
INSERT INTO `sys_logininfor` VALUES (205, 'admin', '127.0.0.1', '内网IP', 'Chrome 12', 'Windows 10', '1', '密码输入错误2次', '2023-12-30 15:43:29');
INSERT INTO `sys_logininfor` VALUES (206, 'admin', '127.0.0.1', '内网IP', 'Chrome 12', 'Windows 10', '1', '用户不存在/密码错误', '2023-12-30 15:43:29');
INSERT INTO `sys_logininfor` VALUES (207, 'admin', '127.0.0.1', '内网IP', 'Chrome 12', 'Windows 10', '1', '验证码错误', '2023-12-30 15:43:35');
INSERT INTO `sys_logininfor` VALUES (208, 'admin', '127.0.0.1', '内网IP', 'Chrome 12', 'Windows 10', '0', '登录成功', '2023-12-30 15:43:38');
INSERT INTO `sys_logininfor` VALUES (209, 'admin', '127.0.0.1', '内网IP', 'Chrome 12', 'Windows 10', '0', '登录成功', '2023-12-30 16:14:07');
INSERT INTO `sys_logininfor` VALUES (210, 'admin', '127.0.0.1', '内网IP', 'Chrome 12', 'Windows 10', '0', '退出成功', '2023-12-30 17:13:35');
INSERT INTO `sys_logininfor` VALUES (211, 'admin', '127.0.0.1', '内网IP', 'Chrome 12', 'Windows 10', '1', '密码输入错误1次', '2023-12-30 17:14:02');
INSERT INTO `sys_logininfor` VALUES (212, 'admin', '127.0.0.1', '内网IP', 'Chrome 12', 'Windows 10', '1', '用户不存在/密码错误', '2023-12-30 17:14:02');
INSERT INTO `sys_logininfor` VALUES (213, 'admin', '127.0.0.1', '内网IP', 'Chrome 12', 'Windows 10', '0', '登录成功', '2023-12-30 17:14:10');
INSERT INTO `sys_logininfor` VALUES (214, 'admin', '127.0.0.1', '内网IP', 'Chrome 12', 'Windows 10', '1', '用户不存在/密码错误', '2023-12-30 19:10:50');
INSERT INTO `sys_logininfor` VALUES (215, 'admin', '127.0.0.1', '内网IP', 'Chrome 12', 'Windows 10', '1', '密码输入错误1次', '2023-12-30 19:10:50');
INSERT INTO `sys_logininfor` VALUES (216, 'admin', '127.0.0.1', '内网IP', 'Chrome 12', 'Windows 10', '0', '登录成功', '2023-12-30 19:10:59');
INSERT INTO `sys_logininfor` VALUES (217, 'admin', '127.0.0.1', '内网IP', 'Chrome 12', 'Windows 10', '1', '验证码错误', '2023-12-30 21:28:47');
INSERT INTO `sys_logininfor` VALUES (218, 'admin', '127.0.0.1', '内网IP', 'Chrome 12', 'Windows 10', '0', '登录成功', '2023-12-30 21:28:51');
INSERT INTO `sys_logininfor` VALUES (219, 'admin', '127.0.0.1', '内网IP', 'Chrome 12', 'Windows 10', '0', '登录成功', '2023-12-31 10:41:42');
INSERT INTO `sys_logininfor` VALUES (220, 'admin', '127.0.0.1', '内网IP', 'Chrome 12', 'Windows 10', '0', '登录成功', '2023-12-31 11:44:04');
INSERT INTO `sys_logininfor` VALUES (221, 'admin', '127.0.0.1', '内网IP', 'Chrome 12', 'Windows 10', '0', '登录成功', '2023-12-31 13:05:23');
INSERT INTO `sys_logininfor` VALUES (222, 'admin', '127.0.0.1', '内网IP', 'Chrome 12', 'Windows 10', '0', '登录成功', '2023-12-31 17:11:00');
INSERT INTO `sys_logininfor` VALUES (223, 'admin', '127.0.0.1', '内网IP', 'Chrome 12', 'Windows 10', '0', '登录成功', '2024-01-01 13:02:09');
INSERT INTO `sys_logininfor` VALUES (224, 'admin', '127.0.0.1', '内网IP', 'Chrome 12', 'Windows 10', '0', '登录成功', '2024-01-06 09:58:44');
INSERT INTO `sys_logininfor` VALUES (225, 'admin', '127.0.0.1', '内网IP', 'Chrome 12', 'Windows 10', '1', '验证码错误', '2024-01-06 13:36:12');
INSERT INTO `sys_logininfor` VALUES (226, 'admin', '127.0.0.1', '内网IP', 'Chrome 12', 'Windows 10', '0', '登录成功', '2024-01-06 13:36:16');
INSERT INTO `sys_logininfor` VALUES (227, 'admin', '127.0.0.1', '内网IP', 'Chrome 12', 'Windows 10', '0', '登录成功', '2024-01-06 20:11:26');
INSERT INTO `sys_logininfor` VALUES (228, 'admin', '127.0.0.1', '内网IP', 'Chrome 12', 'Windows 10', '1', '验证码已失效', '2024-01-06 21:37:40');
INSERT INTO `sys_logininfor` VALUES (229, 'admin', '127.0.0.1', '内网IP', 'Chrome 12', 'Windows 10', '0', '登录成功', '2024-01-06 21:37:43');
INSERT INTO `sys_logininfor` VALUES (230, 'admin', '127.0.0.1', '内网IP', 'Chrome 12', 'Windows 10', '0', '登录成功', '2024-01-07 12:46:20');
INSERT INTO `sys_logininfor` VALUES (231, 'admin', '127.0.0.1', '内网IP', 'Chrome 12', 'Windows 10', '0', '登录成功', '2024-01-07 14:59:46');
INSERT INTO `sys_logininfor` VALUES (232, 'admin', '127.0.0.1', '内网IP', 'Chrome 12', 'Windows 10', '0', '登录成功', '2024-01-07 19:22:50');
INSERT INTO `sys_logininfor` VALUES (233, 'admin', '127.0.0.1', '内网IP', 'Chrome 12', 'Windows 10', '0', '登录成功', '2024-01-07 20:37:56');
INSERT INTO `sys_logininfor` VALUES (234, 'admin', '127.0.0.1', '内网IP', 'Chrome 12', 'Windows 10', '0', '登录成功', '2024-01-07 21:29:49');
INSERT INTO `sys_logininfor` VALUES (235, 'admin', '127.0.0.1', '内网IP', 'Chrome 12', 'Windows 10', '0', '登录成功', '2024-01-08 10:07:11');
INSERT INTO `sys_logininfor` VALUES (236, 'admin', '127.0.0.1', '内网IP', 'Chrome 12', 'Windows 10', '0', '登录成功', '2024-01-08 10:49:06');
INSERT INTO `sys_logininfor` VALUES (237, 'admin', '127.0.0.1', '内网IP', 'Chrome 12', 'Windows 10', '0', '登录成功', '2024-01-08 15:00:28');
INSERT INTO `sys_logininfor` VALUES (238, 'admin', '127.0.0.1', '内网IP', 'Chrome 12', 'Windows 10', '1', '验证码错误', '2024-01-08 15:04:25');
INSERT INTO `sys_logininfor` VALUES (239, 'admin', '127.0.0.1', '内网IP', 'Chrome 12', 'Windows 10', '1', '验证码错误', '2024-01-08 15:04:27');
INSERT INTO `sys_logininfor` VALUES (240, 'admin', '127.0.0.1', '内网IP', 'Chrome 12', 'Windows 10', '0', '登录成功', '2024-01-08 15:04:30');
INSERT INTO `sys_logininfor` VALUES (241, 'admin', '127.0.0.1', '内网IP', 'Chrome 12', 'Windows 10', '0', '登录成功', '2024-01-08 16:26:22');
INSERT INTO `sys_logininfor` VALUES (242, 'admin', '127.0.0.1', '内网IP', 'Chrome 12', 'Windows 10', '0', '登录成功', '2024-01-08 19:15:58');
INSERT INTO `sys_logininfor` VALUES (243, 'admin', '127.0.0.1', '内网IP', 'Chrome 12', 'Windows 10', '0', '登录成功', '2024-01-08 20:10:07');
INSERT INTO `sys_logininfor` VALUES (244, 'admin', '127.0.0.1', '内网IP', 'Chrome 12', 'Windows 10', '0', '登录成功', '2024-01-09 09:12:38');
INSERT INTO `sys_logininfor` VALUES (245, 'admin', '127.0.0.1', '内网IP', 'Chrome 12', 'Windows 10', '0', '登录成功', '2024-01-09 09:55:30');
INSERT INTO `sys_logininfor` VALUES (246, 'admin', '127.0.0.1', '内网IP', 'Chrome 12', 'Windows 10', '0', '登录成功', '2024-01-10 18:59:10');
INSERT INTO `sys_logininfor` VALUES (247, 'admin', '127.0.0.1', '内网IP', 'Chrome 12', 'Windows 10', '0', '登录成功', '2024-01-11 19:39:02');
INSERT INTO `sys_logininfor` VALUES (248, 'admin', '127.0.0.1', '内网IP', 'Chrome 12', 'Windows 10', '0', '登录成功', '2024-01-12 13:37:46');
INSERT INTO `sys_logininfor` VALUES (249, 'admin', '127.0.0.1', '内网IP', 'Chrome 12', 'Windows 10', '0', '登录成功', '2024-01-12 17:31:49');
INSERT INTO `sys_logininfor` VALUES (250, 'admin', '127.0.0.1', '内网IP', 'Chrome 12', 'Windows 10', '0', '登录成功', '2024-01-13 11:09:35');
INSERT INTO `sys_logininfor` VALUES (251, 'admin', '127.0.0.1', '内网IP', 'Chrome 12', 'Windows 10', '0', '登录成功', '2024-01-13 12:04:21');
INSERT INTO `sys_logininfor` VALUES (252, 'admin', '127.0.0.1', '内网IP', 'Chrome 12', 'Windows 10', '0', '登录成功', '2024-01-13 14:05:28');
INSERT INTO `sys_logininfor` VALUES (253, 'admin', '127.0.0.1', '内网IP', 'Chrome 12', 'Windows 10', '0', '登录成功', '2024-01-13 15:42:14');
INSERT INTO `sys_logininfor` VALUES (254, 'admin', '127.0.0.1', '内网IP', 'Chrome 12', 'Windows 10', '0', '登录成功', '2024-01-13 18:31:46');
INSERT INTO `sys_logininfor` VALUES (255, 'admin', '127.0.0.1', '内网IP', 'Chrome 12', 'Windows 10', '0', '登录成功', '2024-01-14 14:03:09');
INSERT INTO `sys_logininfor` VALUES (256, 'admin', '127.0.0.1', '内网IP', 'Chrome 12', 'Windows 10', '0', '登录成功', '2024-01-15 16:18:57');
INSERT INTO `sys_logininfor` VALUES (257, 'admin', '127.0.0.1', '内网IP', 'Chrome 12', 'Windows 10', '0', '登录成功', '2024-01-15 17:30:04');
INSERT INTO `sys_logininfor` VALUES (258, 'admin', '127.0.0.1', '内网IP', 'Chrome 12', 'Windows 10', '0', '登录成功', '2024-01-15 19:55:43');
INSERT INTO `sys_logininfor` VALUES (259, 'admin', '127.0.0.1', '内网IP', 'Chrome 12', 'Windows 10', '0', '登录成功', '2024-01-15 20:43:15');
INSERT INTO `sys_logininfor` VALUES (260, 'admin', '127.0.0.1', '内网IP', 'Chrome 12', 'Windows 10', '0', '登录成功', '2024-01-15 21:39:46');
INSERT INTO `sys_logininfor` VALUES (261, 'admin', '127.0.0.1', '内网IP', 'Chrome 12', 'Windows 10', '1', '验证码错误', '2024-01-16 09:13:07');
INSERT INTO `sys_logininfor` VALUES (262, 'admin', '127.0.0.1', '内网IP', 'Chrome 12', 'Windows 10', '0', '登录成功', '2024-01-16 09:13:09');
INSERT INTO `sys_logininfor` VALUES (263, 'admin', '127.0.0.1', '内网IP', 'Chrome 12', 'Windows 10', '0', '登录成功', '2024-01-17 10:12:39');
INSERT INTO `sys_logininfor` VALUES (264, 'admin', '127.0.0.1', '内网IP', 'Chrome 12', 'Windows 10', '0', '登录成功', '2024-01-17 11:38:30');
INSERT INTO `sys_logininfor` VALUES (265, 'admin', '127.0.0.1', '内网IP', 'Chrome 12', 'Windows 10', '0', '登录成功', '2024-01-17 13:27:27');
INSERT INTO `sys_logininfor` VALUES (266, 'admin', '127.0.0.1', '内网IP', 'Chrome 12', 'Windows 10', '1', '验证码错误', '2024-01-17 16:15:38');
INSERT INTO `sys_logininfor` VALUES (267, 'admin', '127.0.0.1', '内网IP', 'Chrome 12', 'Windows 10', '0', '登录成功', '2024-01-17 16:15:41');
INSERT INTO `sys_logininfor` VALUES (268, 'admin', '127.0.0.1', '内网IP', 'Chrome 12', 'Windows 10', '0', '登录成功', '2024-01-17 17:13:42');
INSERT INTO `sys_logininfor` VALUES (269, 'admin', '127.0.0.1', '内网IP', 'Chrome 12', 'Windows 10', '0', '登录成功', '2024-01-17 18:24:29');
INSERT INTO `sys_logininfor` VALUES (270, 'admin', '127.0.0.1', '内网IP', 'Chrome 12', 'Windows 10', '0', '登录成功', '2024-01-17 19:20:20');
INSERT INTO `sys_logininfor` VALUES (271, 'admin', '127.0.0.1', '内网IP', 'Chrome 12', 'Windows 10', '0', '登录成功', '2024-01-17 20:58:32');
INSERT INTO `sys_logininfor` VALUES (272, 'admin', '127.0.0.1', '内网IP', 'Chrome 12', 'Windows 10', '0', '登录成功', '2024-01-18 11:08:33');
INSERT INTO `sys_logininfor` VALUES (273, 'admin', '127.0.0.1', '内网IP', 'Chrome 12', 'Windows 10', '0', '登录成功', '2024-01-18 14:26:56');
INSERT INTO `sys_logininfor` VALUES (274, 'admin', '127.0.0.1', '内网IP', 'Chrome 12', 'Windows 10', '0', '登录成功', '2024-01-18 15:45:48');
INSERT INTO `sys_logininfor` VALUES (275, 'admin', '127.0.0.1', '内网IP', 'Chrome 12', 'Windows 10', '0', '登录成功', '2024-01-18 16:42:43');
INSERT INTO `sys_logininfor` VALUES (276, 'admin', '127.0.0.1', '内网IP', 'Chrome 12', 'Windows 10', '0', '登录成功', '2024-01-18 20:41:18');
INSERT INTO `sys_logininfor` VALUES (277, 'admin', '127.0.0.1', '内网IP', 'Chrome 12', 'Windows 10', '0', '登录成功', '2024-01-19 09:40:12');
INSERT INTO `sys_logininfor` VALUES (278, 'admin', '127.0.0.1', '内网IP', 'Chrome 12', 'Windows 10', '0', '登录成功', '2024-01-19 12:03:37');
INSERT INTO `sys_logininfor` VALUES (279, 'admin', '127.0.0.1', '内网IP', 'Chrome 12', 'Windows 10', '0', '登录成功', '2024-01-19 13:30:48');
INSERT INTO `sys_logininfor` VALUES (280, 'admin', '127.0.0.1', '内网IP', 'Chrome 12', 'Windows 10', '0', '登录成功', '2024-01-19 17:49:10');
INSERT INTO `sys_logininfor` VALUES (281, 'admin', '127.0.0.1', '内网IP', 'Chrome 12', 'Windows 10', '0', '登录成功', '2024-01-20 10:20:32');
INSERT INTO `sys_logininfor` VALUES (282, 'admin', '127.0.0.1', '内网IP', 'Chrome 12', 'Windows 10', '0', '登录成功', '2024-01-20 15:54:42');
INSERT INTO `sys_logininfor` VALUES (283, 'admin', '127.0.0.1', '内网IP', 'Chrome 12', 'Windows 10', '0', '登录成功', '2024-01-20 17:02:03');
INSERT INTO `sys_logininfor` VALUES (284, 'admin', '127.0.0.1', '内网IP', 'Chrome 12', 'Windows 10', '0', '登录成功', '2024-01-20 18:25:24');
INSERT INTO `sys_logininfor` VALUES (285, 'admin', '127.0.0.1', '内网IP', 'Chrome 12', 'Windows 10', '0', '登录成功', '2024-01-20 21:24:38');
INSERT INTO `sys_logininfor` VALUES (286, 'admin', '127.0.0.1', '内网IP', 'Chrome 12', 'Windows 10', '0', '登录成功', '2024-01-20 22:59:24');
INSERT INTO `sys_logininfor` VALUES (287, 'admin', '127.0.0.1', '内网IP', 'Chrome 12', 'Windows 10', '0', '登录成功', '2024-01-21 09:54:24');
INSERT INTO `sys_logininfor` VALUES (288, 'admin', '127.0.0.1', '内网IP', 'Chrome 12', 'Windows 10', '0', '登录成功', '2024-01-21 18:48:11');
INSERT INTO `sys_logininfor` VALUES (289, 'admin', '127.0.0.1', '内网IP', 'Chrome 12', 'Windows 10', '0', '登录成功', '2024-01-21 20:11:30');
INSERT INTO `sys_logininfor` VALUES (290, 'admin', '127.0.0.1', '内网IP', 'Chrome 12', 'Windows 10', '0', '登录成功', '2024-01-21 20:30:54');
INSERT INTO `sys_logininfor` VALUES (291, 'admin', '127.0.0.1', '内网IP', 'Chrome 12', 'Windows 10', '0', '登录成功', '2024-01-21 21:24:21');
INSERT INTO `sys_logininfor` VALUES (292, 'admin', '127.0.0.1', '内网IP', 'Chrome 12', 'Windows 10', '0', '登录成功', '2024-01-22 11:29:05');
INSERT INTO `sys_logininfor` VALUES (293, 'admin', '127.0.0.1', '内网IP', 'Chrome 12', 'Windows 10', '0', '登录成功', '2024-01-22 12:10:32');
INSERT INTO `sys_logininfor` VALUES (294, 'admin', '127.0.0.1', '内网IP', 'Chrome 12', 'Windows 10', '0', '登录成功', '2024-01-22 12:53:15');
INSERT INTO `sys_logininfor` VALUES (295, 'admin', '127.0.0.1', '内网IP', 'Chrome 12', 'Windows 10', '0', '登录成功', '2024-01-23 10:12:32');
INSERT INTO `sys_logininfor` VALUES (296, 'admin', '127.0.0.1', '内网IP', 'Chrome 12', 'Windows 10', '1', '验证码错误', '2024-01-23 15:42:19');
INSERT INTO `sys_logininfor` VALUES (297, 'admin', '127.0.0.1', '内网IP', 'Chrome 12', 'Windows 10', '0', '登录成功', '2024-01-23 15:42:22');
INSERT INTO `sys_logininfor` VALUES (298, 'admin', '127.0.0.1', '内网IP', 'Chrome 12', 'Windows 10', '0', '登录成功', '2024-01-23 16:43:10');
INSERT INTO `sys_logininfor` VALUES (299, 'admin', '127.0.0.1', '内网IP', 'Chrome 12', 'Windows 10', '1', '验证码错误', '2024-01-23 19:01:03');
INSERT INTO `sys_logininfor` VALUES (300, 'admin', '127.0.0.1', '内网IP', 'Chrome 12', 'Windows 10', '0', '登录成功', '2024-01-23 19:01:05');
INSERT INTO `sys_logininfor` VALUES (301, 'admin', '127.0.0.1', '内网IP', 'Chrome 12', 'Windows 10', '0', '登录成功', '2024-01-23 20:31:06');
INSERT INTO `sys_logininfor` VALUES (302, 'admin', '127.0.0.1', '内网IP', 'Chrome 12', 'Windows 10', '0', '登录成功', '2024-01-24 11:14:15');
INSERT INTO `sys_logininfor` VALUES (303, 'admin', '127.0.0.1', '内网IP', 'Chrome 12', 'Windows 10', '0', '登录成功', '2024-01-24 16:25:00');
INSERT INTO `sys_logininfor` VALUES (304, 'admin', '127.0.0.1', '内网IP', 'Chrome 12', 'Windows 10', '1', '验证码错误', '2024-01-24 17:17:55');
INSERT INTO `sys_logininfor` VALUES (305, 'admin', '127.0.0.1', '内网IP', 'Chrome 12', 'Windows 10', '0', '登录成功', '2024-01-24 17:17:59');
INSERT INTO `sys_logininfor` VALUES (306, 'admin', '127.0.0.1', '内网IP', 'Chrome 12', 'Windows 10', '1', '用户不存在/密码错误', '2024-01-24 19:50:07');
INSERT INTO `sys_logininfor` VALUES (307, 'admin', '127.0.0.1', '内网IP', 'Chrome 12', 'Windows 10', '1', '密码输入错误1次', '2024-01-24 19:50:07');
INSERT INTO `sys_logininfor` VALUES (308, 'admin', '127.0.0.1', '内网IP', 'Chrome 12', 'Windows 10', '1', '验证码错误', '2024-01-24 19:50:10');
INSERT INTO `sys_logininfor` VALUES (309, 'admin', '127.0.0.1', '内网IP', 'Chrome 12', 'Windows 10', '0', '登录成功', '2024-01-24 19:50:16');
INSERT INTO `sys_logininfor` VALUES (310, 'admin', '127.0.0.1', '内网IP', 'Chrome 12', 'Windows 10', '0', '登录成功', '2024-01-24 22:27:02');
INSERT INTO `sys_logininfor` VALUES (311, 'admin', '127.0.0.1', '内网IP', 'Chrome 12', 'Windows 10', '1', '用户不存在/密码错误', '2024-01-25 10:45:01');
INSERT INTO `sys_logininfor` VALUES (312, 'admin', '127.0.0.1', '内网IP', 'Chrome 12', 'Windows 10', '1', '密码输入错误1次', '2024-01-25 10:45:01');
INSERT INTO `sys_logininfor` VALUES (313, 'admin', '127.0.0.1', '内网IP', 'Chrome 12', 'Windows 10', '1', '验证码错误', '2024-01-25 10:45:02');
INSERT INTO `sys_logininfor` VALUES (314, 'admin', '127.0.0.1', '内网IP', 'Chrome 12', 'Windows 10', '1', '密码输入错误2次', '2024-01-25 10:45:04');
INSERT INTO `sys_logininfor` VALUES (315, 'admin', '127.0.0.1', '内网IP', 'Chrome 12', 'Windows 10', '1', '用户不存在/密码错误', '2024-01-25 10:45:04');
INSERT INTO `sys_logininfor` VALUES (316, 'admin', '127.0.0.1', '内网IP', 'Chrome 12', 'Windows 10', '1', '验证码错误', '2024-01-25 10:45:09');
INSERT INTO `sys_logininfor` VALUES (317, 'admin', '127.0.0.1', '内网IP', 'Chrome 12', 'Windows 10', '0', '登录成功', '2024-01-25 10:45:16');
INSERT INTO `sys_logininfor` VALUES (318, 'admin', '127.0.0.1', '内网IP', 'Chrome 12', 'Windows 10', '1', '验证码错误', '2024-01-25 11:37:18');
INSERT INTO `sys_logininfor` VALUES (319, 'admin', '127.0.0.1', '内网IP', 'Chrome 12', 'Windows 10', '1', '验证码错误', '2024-01-25 11:37:20');
INSERT INTO `sys_logininfor` VALUES (320, 'admin', '127.0.0.1', '内网IP', 'Chrome 12', 'Windows 10', '1', '密码输入错误1次', '2024-01-25 11:37:23');
INSERT INTO `sys_logininfor` VALUES (321, 'admin', '127.0.0.1', '内网IP', 'Chrome 12', 'Windows 10', '1', '用户不存在/密码错误', '2024-01-25 11:37:23');
INSERT INTO `sys_logininfor` VALUES (322, 'admin', '127.0.0.1', '内网IP', 'Chrome 12', 'Windows 10', '0', '登录成功', '2024-01-25 11:37:28');
INSERT INTO `sys_logininfor` VALUES (323, 'admin', '127.0.0.1', '内网IP', 'Chrome 12', 'Windows 10', '1', '密码输入错误1次', '2024-01-25 13:43:06');
INSERT INTO `sys_logininfor` VALUES (324, 'admin', '127.0.0.1', '内网IP', 'Chrome 12', 'Windows 10', '1', '用户不存在/密码错误', '2024-01-25 13:43:07');
INSERT INTO `sys_logininfor` VALUES (325, 'admin', '127.0.0.1', '内网IP', 'Chrome 12', 'Windows 10', '1', '验证码错误', '2024-01-25 13:43:15');
INSERT INTO `sys_logininfor` VALUES (326, 'admin', '127.0.0.1', '内网IP', 'Chrome 12', 'Windows 10', '0', '登录成功', '2024-01-25 13:43:19');
INSERT INTO `sys_logininfor` VALUES (327, 'admin', '127.0.0.1', '内网IP', 'Chrome 12', 'Windows 10', '0', '登录成功', '2024-01-25 13:46:25');
INSERT INTO `sys_logininfor` VALUES (328, 'admin', '127.0.0.1', '内网IP', 'Chrome 12', 'Windows 10', '0', '登录成功', '2024-01-25 15:29:59');
INSERT INTO `sys_logininfor` VALUES (329, 'admin', '127.0.0.1', '内网IP', 'Chrome 12', 'Windows 10', '0', '登录成功', '2024-01-27 14:11:38');
INSERT INTO `sys_logininfor` VALUES (330, 'admin', '127.0.0.1', '内网IP', 'Chrome 12', 'Windows 10', '0', '登录成功', '2024-01-27 21:39:14');
INSERT INTO `sys_logininfor` VALUES (331, 'admin', '127.0.0.1', '内网IP', 'Chrome 12', 'Windows 10', '0', '登录成功', '2024-01-28 11:48:13');
INSERT INTO `sys_logininfor` VALUES (332, 'admin', '127.0.0.1', '内网IP', 'Chrome 12', 'Windows 10', '0', '登录成功', '2024-01-28 12:34:16');
INSERT INTO `sys_logininfor` VALUES (333, 'admin', '127.0.0.1', '内网IP', 'Chrome 12', 'Windows 10', '0', '登录成功', '2024-01-28 16:02:46');
INSERT INTO `sys_logininfor` VALUES (334, 'admin', '127.0.0.1', '内网IP', 'Chrome 12', 'Windows 10', '0', '登录成功', '2024-01-29 12:10:15');
INSERT INTO `sys_logininfor` VALUES (335, 'admin', '127.0.0.1', '内网IP', 'Chrome 12', 'Windows 10', '0', '登录成功', '2024-01-29 14:06:50');
INSERT INTO `sys_logininfor` VALUES (336, 'admin', '127.0.0.1', '内网IP', 'Chrome 12', 'Windows 10', '0', '登录成功', '2024-01-29 15:50:19');
INSERT INTO `sys_logininfor` VALUES (337, 'admin', '127.0.0.1', '内网IP', 'Chrome 12', 'Windows 10', '0', '登录成功', '2024-01-30 12:21:30');
INSERT INTO `sys_logininfor` VALUES (338, 'admin', '127.0.0.1', '内网IP', 'Chrome 12', 'Windows 10', '0', '登录成功', '2024-01-30 15:23:21');
INSERT INTO `sys_logininfor` VALUES (339, 'admin', '127.0.0.1', '内网IP', 'Chrome 12', 'Windows 10', '0', '登录成功', '2024-01-30 16:38:35');
INSERT INTO `sys_logininfor` VALUES (340, 'admin', '127.0.0.1', '内网IP', 'Chrome 12', 'Windows 10', '1', '验证码错误', '2024-01-30 20:32:21');
INSERT INTO `sys_logininfor` VALUES (341, 'admin', '127.0.0.1', '内网IP', 'Chrome 12', 'Windows 10', '0', '登录成功', '2024-01-30 20:32:25');
INSERT INTO `sys_logininfor` VALUES (342, 'admin', '127.0.0.1', '内网IP', 'Chrome 12', 'Windows 10', '0', '登录成功', '2024-01-30 21:26:10');
INSERT INTO `sys_logininfor` VALUES (343, 'admin', '127.0.0.1', '内网IP', 'Chrome 12', 'Windows 10', '0', '登录成功', '2024-01-31 12:00:43');
INSERT INTO `sys_logininfor` VALUES (344, 'admin', '127.0.0.1', '内网IP', 'Chrome 12', 'Windows 10', '0', '登录成功', '2024-01-31 13:01:30');
INSERT INTO `sys_logininfor` VALUES (345, 'admin', '127.0.0.1', '内网IP', 'Chrome 12', 'Windows 10', '0', '登录成功', '2024-01-31 13:53:33');
INSERT INTO `sys_logininfor` VALUES (346, 'admin', '127.0.0.1', '内网IP', 'Chrome 12', 'Windows 10', '0', '登录成功', '2024-01-31 17:22:32');
INSERT INTO `sys_logininfor` VALUES (347, 'admin', '127.0.0.1', '内网IP', 'Chrome 12', 'Windows 10', '1', '验证码错误', '2024-02-01 15:02:46');
INSERT INTO `sys_logininfor` VALUES (348, 'admin', '127.0.0.1', '内网IP', 'Chrome 12', 'Windows 10', '0', '登录成功', '2024-02-01 15:02:49');
INSERT INTO `sys_logininfor` VALUES (349, 'admin', '127.0.0.1', '内网IP', 'Chrome 12', 'Windows 10', '0', '登录成功', '2024-02-01 16:15:33');
INSERT INTO `sys_logininfor` VALUES (350, 'admin', '127.0.0.1', '内网IP', 'Chrome 12', 'Windows 10', '0', '登录成功', '2024-02-01 18:03:21');
INSERT INTO `sys_logininfor` VALUES (351, 'admin', '127.0.0.1', '内网IP', 'Chrome 12', 'Windows 10', '0', '登录成功', '2024-02-03 15:53:09');
INSERT INTO `sys_logininfor` VALUES (352, 'admin', '127.0.0.1', '内网IP', 'Chrome 12', 'Windows 10', '0', '退出成功', '2024-02-03 16:12:56');
INSERT INTO `sys_logininfor` VALUES (353, 'admin', '127.0.0.1', '内网IP', 'Chrome 12', 'Windows 10', '0', '登录成功', '2024-02-03 16:12:59');
INSERT INTO `sys_logininfor` VALUES (354, 'admin', '127.0.0.1', '内网IP', 'Chrome 12', 'Windows 10', '0', '登录成功', '2024-02-03 23:26:35');
INSERT INTO `sys_logininfor` VALUES (355, 'admin', '127.0.0.1', '内网IP', 'Chrome 12', 'Windows 10', '0', '登录成功', '2024-02-04 09:54:06');
INSERT INTO `sys_logininfor` VALUES (356, 'admin', '127.0.0.1', '内网IP', 'Chrome 12', 'Windows 10', '0', '登录成功', '2024-02-04 11:11:59');
INSERT INTO `sys_logininfor` VALUES (357, 'admin', '127.0.0.1', '内网IP', 'Chrome 12', 'Windows 10', '0', '登录成功', '2024-02-04 12:17:17');
INSERT INTO `sys_logininfor` VALUES (358, 'admin', '127.0.0.1', '内网IP', 'Chrome 12', 'Windows 10', '0', '登录成功', '2024-02-04 13:08:44');
INSERT INTO `sys_logininfor` VALUES (359, 'admin', '127.0.0.1', '内网IP', 'Chrome 12', 'Windows 10', '0', '登录成功', '2024-02-04 17:24:00');
INSERT INTO `sys_logininfor` VALUES (360, 'admin', '127.0.0.1', '内网IP', 'Chrome 12', 'Windows 10', '0', '登录成功', '2024-02-06 11:13:43');
INSERT INTO `sys_logininfor` VALUES (361, 'admin', '127.0.0.1', '内网IP', 'Chrome 12', 'Windows 10', '0', '登录成功', '2024-02-06 12:52:51');
INSERT INTO `sys_logininfor` VALUES (362, 'admin', '127.0.0.1', '内网IP', 'Chrome 12', 'Windows 10', '0', '登录成功', '2024-02-06 21:08:20');
INSERT INTO `sys_logininfor` VALUES (363, 'admin', '127.0.0.1', '内网IP', 'Chrome 12', 'Windows 10', '0', '登录成功', '2024-02-07 10:58:25');
INSERT INTO `sys_logininfor` VALUES (364, 'admin', '127.0.0.1', '内网IP', 'Chrome 12', 'Windows 10', '0', '登录成功', '2024-02-07 13:05:59');
INSERT INTO `sys_logininfor` VALUES (365, 'admin', '127.0.0.1', '内网IP', 'Chrome 12', 'Windows 10', '0', '登录成功', '2024-02-07 15:49:45');
INSERT INTO `sys_logininfor` VALUES (366, 'admin', '127.0.0.1', '内网IP', 'Chrome 12', 'Windows 10', '0', '登录成功', '2024-02-07 18:10:59');
INSERT INTO `sys_logininfor` VALUES (367, 'admin', '127.0.0.1', '内网IP', 'Chrome 12', 'Windows 10', '0', '登录成功', '2024-02-07 18:58:14');
INSERT INTO `sys_logininfor` VALUES (368, 'admin', '127.0.0.1', '内网IP', 'Chrome 12', 'Windows 10', '0', '登录成功', '2024-02-07 20:13:28');
INSERT INTO `sys_logininfor` VALUES (369, 'admin', '127.0.0.1', '内网IP', 'Chrome 12', 'Windows 10', '0', '登录成功', '2024-02-08 10:08:32');
INSERT INTO `sys_logininfor` VALUES (370, 'admin', '127.0.0.1', '内网IP', 'Chrome 12', 'Windows 10', '0', '退出成功', '2024-02-08 11:58:56');
INSERT INTO `sys_logininfor` VALUES (371, 'admin', '127.0.0.1', '内网IP', 'Chrome 12', 'Windows 10', '0', '登录成功', '2024-02-08 11:59:00');
INSERT INTO `sys_logininfor` VALUES (372, 'admin', '127.0.0.1', '内网IP', 'Chrome 12', 'Windows 10', '0', '登录成功', '2024-02-08 12:45:19');
INSERT INTO `sys_logininfor` VALUES (373, 'admin', '127.0.0.1', '内网IP', 'Chrome 12', 'Windows 10', '0', '登录成功', '2024-02-08 14:21:38');
INSERT INTO `sys_logininfor` VALUES (374, 'admin', '127.0.0.1', '内网IP', 'Chrome 12', 'Windows 10', '0', '登录成功', '2024-02-08 19:45:29');
INSERT INTO `sys_logininfor` VALUES (375, 'admin', '127.0.0.1', '内网IP', 'Chrome 12', 'Windows 10', '0', '登录成功', '2024-02-12 09:41:31');
INSERT INTO `sys_logininfor` VALUES (376, 'admin', '127.0.0.1', '内网IP', 'Chrome 12', 'Windows 10', '0', '登录成功', '2024-02-12 14:53:03');
INSERT INTO `sys_logininfor` VALUES (377, 'admin', '127.0.0.1', '内网IP', 'Chrome 12', 'Windows 10', '0', '登录成功', '2024-02-12 15:50:24');
INSERT INTO `sys_logininfor` VALUES (378, 'admin', '127.0.0.1', '内网IP', 'Chrome 12', 'Windows 10', '0', '退出成功', '2024-02-12 17:10:47');
INSERT INTO `sys_logininfor` VALUES (379, 'admin', '127.0.0.1', '内网IP', 'Chrome 12', 'Windows 10', '0', '登录成功', '2024-02-12 17:11:28');
INSERT INTO `sys_logininfor` VALUES (380, 'admin', '127.0.0.1', '内网IP', 'Chrome 12', 'Windows 10', '0', '登录成功', '2024-02-12 21:40:49');
INSERT INTO `sys_logininfor` VALUES (381, 'admin', '127.0.0.1', '内网IP', 'Chrome 12', 'Windows 10', '0', '登录成功', '2024-02-13 09:42:45');

-- ----------------------------
-- Table structure for sys_menu
-- ----------------------------
DROP TABLE IF EXISTS `sys_menu`;
CREATE TABLE `sys_menu`  (
  `menu_id` bigint NOT NULL AUTO_INCREMENT COMMENT '菜单ID',
  `menu_name` varchar(50) CHARACTER SET utf8mb4 COLLATE utf8mb4_0900_ai_ci NOT NULL COMMENT '菜单名称',
  `parent_id` bigint NULL DEFAULT 0 COMMENT '父菜单ID',
  `order_num` int NULL DEFAULT 0 COMMENT '显示顺序',
  `path` varchar(200) CHARACTER SET utf8mb4 COLLATE utf8mb4_0900_ai_ci NULL DEFAULT '' COMMENT '路由地址',
  `component` varchar(255) CHARACTER SET utf8mb4 COLLATE utf8mb4_0900_ai_ci NULL DEFAULT NULL COMMENT '组件路径',
  `query` varchar(255) CHARACTER SET utf8mb4 COLLATE utf8mb4_0900_ai_ci NULL DEFAULT NULL COMMENT '路由参数',
  `is_frame` int NULL DEFAULT 1 COMMENT '是否为外链（0是 1否）',
  `is_cache` int NULL DEFAULT 0 COMMENT '是否缓存（0缓存 1不缓存）',
  `menu_type` char(1) CHARACTER SET utf8mb4 COLLATE utf8mb4_0900_ai_ci NULL DEFAULT '' COMMENT '菜单类型（M目录 C菜单 F按钮）',
  `visible` char(1) CHARACTER SET utf8mb4 COLLATE utf8mb4_0900_ai_ci NULL DEFAULT '0' COMMENT '菜单状态（0显示 1隐藏）',
  `status` char(1) CHARACTER SET utf8mb4 COLLATE utf8mb4_0900_ai_ci NULL DEFAULT '0' COMMENT '菜单状态（0正常 1停用）',
  `perms` varchar(100) CHARACTER SET utf8mb4 COLLATE utf8mb4_0900_ai_ci NULL DEFAULT NULL COMMENT '权限标识',
  `icon` varchar(100) CHARACTER SET utf8mb4 COLLATE utf8mb4_0900_ai_ci NULL DEFAULT '#' COMMENT '菜单图标',
  `create_by` varchar(64) CHARACTER SET utf8mb4 COLLATE utf8mb4_0900_ai_ci NULL DEFAULT '' COMMENT '创建者',
  `create_time` datetime NULL DEFAULT NULL COMMENT '创建时间',
  `update_by` varchar(64) CHARACTER SET utf8mb4 COLLATE utf8mb4_0900_ai_ci NULL DEFAULT '' COMMENT '更新者',
  `update_time` datetime NULL DEFAULT NULL COMMENT '更新时间',
  `remark` varchar(500) CHARACTER SET utf8mb4 COLLATE utf8mb4_0900_ai_ci NULL DEFAULT '' COMMENT '备注',
  PRIMARY KEY (`menu_id`) USING BTREE
) ENGINE = InnoDB AUTO_INCREMENT = 2076 CHARACTER SET = utf8mb4 COLLATE = utf8mb4_0900_ai_ci COMMENT = '菜单权限表' ROW_FORMAT = Dynamic;

-- ----------------------------
-- Records of sys_menu
-- ----------------------------
INSERT INTO `sys_menu` VALUES (1, '系统管理', 0, 98, 'system', NULL, '', 1, 0, 'M', '0', '0', '', 'system', 'admin', '2023-11-11 14:14:55', 'admin', '2023-12-15 20:48:04', '系统管理目录');
INSERT INTO `sys_menu` VALUES (2, '系统监控', 0, 97, 'monitor', NULL, '', 1, 0, 'M', '0', '0', '', 'monitor', 'admin', '2023-11-11 14:14:55', 'admin', '2023-12-15 20:48:11', '系统监控目录');
INSERT INTO `sys_menu` VALUES (3, '系统工具', 0, 100, 'tool', NULL, '', 1, 0, 'M', '0', '0', '', 'tool', 'admin', '2023-11-11 14:14:55', 'admin', '2024-02-13 10:09:12', '系统工具目录');
INSERT INTO `sys_menu` VALUES (4, '1', 0, 99, '1', NULL, '', 1, 0, 'M', '1', '1', '', 'guide', 'admin', '2023-11-11 14:14:55', 'admin', '2024-02-13 10:08:47', '若依官网地址');
INSERT INTO `sys_menu` VALUES (100, '用户管理', 1, 1, 'user', 'system/user/index', '', 1, 0, 'C', '0', '0', 'system:user:list', 'user', 'admin', '2023-11-11 14:14:55', '', NULL, '用户管理菜单');
INSERT INTO `sys_menu` VALUES (101, '角色管理', 1, 2, 'role', 'system/role/index', '', 1, 0, 'C', '0', '0', 'system:role:list', 'peoples', 'admin', '2023-11-11 14:14:55', '', NULL, '角色管理菜单');
INSERT INTO `sys_menu` VALUES (102, '菜单管理', 1, 3, 'menu', 'system/menu/index', '', 1, 0, 'C', '0', '0', 'system:menu:list', 'tree-table', 'admin', '2023-11-11 14:14:55', '', NULL, '菜单管理菜单');
INSERT INTO `sys_menu` VALUES (103, '部门管理', 1, 4, 'dept', 'system/dept/index', '', 1, 0, 'C', '0', '0', 'system:dept:list', 'tree', 'admin', '2023-11-11 14:14:55', '', NULL, '部门管理菜单');
INSERT INTO `sys_menu` VALUES (104, '岗位管理', 1, 5, 'post', 'system/post/index', '', 1, 0, 'C', '0', '0', 'system:post:list', 'post', 'admin', '2023-11-11 14:14:55', '', NULL, '岗位管理菜单');
INSERT INTO `sys_menu` VALUES (105, '字典管理', 1, 6, 'dict', 'system/dict/index', '', 1, 0, 'C', '0', '0', 'system:dict:list', 'dict', 'admin', '2023-11-11 14:14:55', '', NULL, '字典管理菜单');
INSERT INTO `sys_menu` VALUES (106, '参数设置', 1, 7, 'config', 'system/config/index', '', 1, 0, 'C', '0', '0', 'system:config:list', 'edit', 'admin', '2023-11-11 14:14:55', '', NULL, '参数设置菜单');
INSERT INTO `sys_menu` VALUES (107, '通知公告', 1, 8, 'notice', 'system/notice/index', '', 1, 0, 'C', '0', '0', 'system:notice:list', 'message', 'admin', '2023-11-11 14:14:55', '', NULL, '通知公告菜单');
INSERT INTO `sys_menu` VALUES (108, '日志管理', 1, 9, 'log', '', '', 1, 0, 'M', '0', '0', '', 'log', 'admin', '2023-11-11 14:14:55', '', NULL, '日志管理菜单');
INSERT INTO `sys_menu` VALUES (109, '在线用户', 2, 1, 'online', 'monitor/online/index', '', 1, 0, 'C', '0', '0', 'monitor:online:list', 'online', 'admin', '2023-11-11 14:14:55', '', NULL, '在线用户菜单');
INSERT INTO `sys_menu` VALUES (110, '定时任务', 2, 2, 'job', 'monitor/job/index', '', 1, 0, 'C', '0', '0', 'monitor:job:list', 'job', 'admin', '2023-11-11 14:14:55', '', NULL, '定时任务菜单');
INSERT INTO `sys_menu` VALUES (111, '数据监控', 2, 3, 'druid', 'monitor/druid/index', '', 1, 0, 'C', '0', '0', 'monitor:druid:list', 'druid', 'admin', '2023-11-11 14:14:55', '', NULL, '数据监控菜单');
INSERT INTO `sys_menu` VALUES (112, '服务监控', 2, 4, 'server', 'monitor/server/index', '', 1, 0, 'C', '0', '0', 'monitor:server:list', 'server', 'admin', '2023-11-11 14:14:55', '', NULL, '服务监控菜单');
INSERT INTO `sys_menu` VALUES (113, '缓存监控', 2, 5, 'cache', 'monitor/cache/index', '', 1, 0, 'C', '0', '0', 'monitor:cache:list', 'redis', 'admin', '2023-11-11 14:14:55', '', NULL, '缓存监控菜单');
INSERT INTO `sys_menu` VALUES (114, '缓存列表', 2, 6, 'cacheList', 'monitor/cache/list', '', 1, 0, 'C', '0', '0', 'monitor:cache:list', 'redis-list', 'admin', '2023-11-11 14:14:55', '', NULL, '缓存列表菜单');
INSERT INTO `sys_menu` VALUES (115, '表单构建', 3, 1, 'build', 'tool/build/index', '', 1, 0, 'C', '0', '0', 'tool:build:list', 'build', 'admin', '2023-11-11 14:14:55', '', NULL, '表单构建菜单');
INSERT INTO `sys_menu` VALUES (116, '代码生成', 3, 2, 'gen', 'tool/gen/index', '', 1, 0, 'C', '0', '0', 'tool:gen:list', 'code', 'admin', '2023-11-11 14:14:55', '', NULL, '代码生成菜单');
INSERT INTO `sys_menu` VALUES (117, '系统接口', 3, 3, 'swagger', 'tool/swagger/index', '', 1, 0, 'C', '0', '0', 'tool:swagger:list', 'swagger', 'admin', '2023-11-11 14:14:55', '', NULL, '系统接口菜单');
INSERT INTO `sys_menu` VALUES (500, '操作日志', 108, 1, 'operlog', 'monitor/operlog/index', '', 1, 0, 'C', '0', '0', 'monitor:operlog:list', 'form', 'admin', '2023-11-11 14:14:55', '', NULL, '操作日志菜单');
INSERT INTO `sys_menu` VALUES (501, '登录日志', 108, 2, 'logininfor', 'monitor/logininfor/index', '', 1, 0, 'C', '0', '0', 'monitor:logininfor:list', 'logininfor', 'admin', '2023-11-11 14:14:55', '', NULL, '登录日志菜单');
INSERT INTO `sys_menu` VALUES (1000, '用户查询', 100, 1, '', '', '', 1, 0, 'F', '0', '0', 'system:user:query', '#', 'admin', '2023-11-11 14:14:55', '', NULL, '');
INSERT INTO `sys_menu` VALUES (1001, '用户新增', 100, 2, '', '', '', 1, 0, 'F', '0', '0', 'system:user:add', '#', 'admin', '2023-11-11 14:14:55', '', NULL, '');
INSERT INTO `sys_menu` VALUES (1002, '用户修改', 100, 3, '', '', '', 1, 0, 'F', '0', '0', 'system:user:edit', '#', 'admin', '2023-11-11 14:14:55', '', NULL, '');
INSERT INTO `sys_menu` VALUES (1003, '用户删除', 100, 4, '', '', '', 1, 0, 'F', '0', '0', 'system:user:remove', '#', 'admin', '2023-11-11 14:14:55', '', NULL, '');
INSERT INTO `sys_menu` VALUES (1004, '用户导出', 100, 5, '', '', '', 1, 0, 'F', '0', '0', 'system:user:export', '#', 'admin', '2023-11-11 14:14:55', '', NULL, '');
INSERT INTO `sys_menu` VALUES (1005, '用户导入', 100, 6, '', '', '', 1, 0, 'F', '0', '0', 'system:user:import', '#', 'admin', '2023-11-11 14:14:55', '', NULL, '');
INSERT INTO `sys_menu` VALUES (1006, '重置密码', 100, 7, '', '', '', 1, 0, 'F', '0', '0', 'system:user:resetPwd', '#', 'admin', '2023-11-11 14:14:55', '', NULL, '');
INSERT INTO `sys_menu` VALUES (1007, '角色查询', 101, 1, '', '', '', 1, 0, 'F', '0', '0', 'system:role:query', '#', 'admin', '2023-11-11 14:14:55', '', NULL, '');
INSERT INTO `sys_menu` VALUES (1008, '角色新增', 101, 2, '', '', '', 1, 0, 'F', '0', '0', 'system:role:add', '#', 'admin', '2023-11-11 14:14:55', '', NULL, '');
INSERT INTO `sys_menu` VALUES (1009, '角色修改', 101, 3, '', '', '', 1, 0, 'F', '0', '0', 'system:role:edit', '#', 'admin', '2023-11-11 14:14:55', '', NULL, '');
INSERT INTO `sys_menu` VALUES (1010, '角色删除', 101, 4, '', '', '', 1, 0, 'F', '0', '0', 'system:role:remove', '#', 'admin', '2023-11-11 14:14:55', '', NULL, '');
INSERT INTO `sys_menu` VALUES (1011, '角色导出', 101, 5, '', '', '', 1, 0, 'F', '0', '0', 'system:role:export', '#', 'admin', '2023-11-11 14:14:55', '', NULL, '');
INSERT INTO `sys_menu` VALUES (1012, '菜单查询', 102, 1, '', '', '', 1, 0, 'F', '0', '0', 'system:menu:query', '#', 'admin', '2023-11-11 14:14:55', '', NULL, '');
INSERT INTO `sys_menu` VALUES (1013, '菜单新增', 102, 2, '', '', '', 1, 0, 'F', '0', '0', 'system:menu:add', '#', 'admin', '2023-11-11 14:14:55', '', NULL, '');
INSERT INTO `sys_menu` VALUES (1014, '菜单修改', 102, 3, '', '', '', 1, 0, 'F', '0', '0', 'system:menu:edit', '#', 'admin', '2023-11-11 14:14:55', '', NULL, '');
INSERT INTO `sys_menu` VALUES (1015, '菜单删除', 102, 4, '', '', '', 1, 0, 'F', '0', '0', 'system:menu:remove', '#', 'admin', '2023-11-11 14:14:55', '', NULL, '');
INSERT INTO `sys_menu` VALUES (1016, '部门查询', 103, 1, '', '', '', 1, 0, 'F', '0', '0', 'system:dept:query', '#', 'admin', '2023-11-11 14:14:55', '', NULL, '');
INSERT INTO `sys_menu` VALUES (1017, '部门新增', 103, 2, '', '', '', 1, 0, 'F', '0', '0', 'system:dept:add', '#', 'admin', '2023-11-11 14:14:55', '', NULL, '');
INSERT INTO `sys_menu` VALUES (1018, '部门修改', 103, 3, '', '', '', 1, 0, 'F', '0', '0', 'system:dept:edit', '#', 'admin', '2023-11-11 14:14:55', '', NULL, '');
INSERT INTO `sys_menu` VALUES (1019, '部门删除', 103, 4, '', '', '', 1, 0, 'F', '0', '0', 'system:dept:remove', '#', 'admin', '2023-11-11 14:14:55', '', NULL, '');
INSERT INTO `sys_menu` VALUES (1020, '岗位查询', 104, 1, '', '', '', 1, 0, 'F', '0', '0', 'system:post:query', '#', 'admin', '2023-11-11 14:14:55', '', NULL, '');
INSERT INTO `sys_menu` VALUES (1021, '岗位新增', 104, 2, '', '', '', 1, 0, 'F', '0', '0', 'system:post:add', '#', 'admin', '2023-11-11 14:14:55', '', NULL, '');
INSERT INTO `sys_menu` VALUES (1022, '岗位修改', 104, 3, '', '', '', 1, 0, 'F', '0', '0', 'system:post:edit', '#', 'admin', '2023-11-11 14:14:55', '', NULL, '');
INSERT INTO `sys_menu` VALUES (1023, '岗位删除', 104, 4, '', '', '', 1, 0, 'F', '0', '0', 'system:post:remove', '#', 'admin', '2023-11-11 14:14:55', '', NULL, '');
INSERT INTO `sys_menu` VALUES (1024, '岗位导出', 104, 5, '', '', '', 1, 0, 'F', '0', '0', 'system:post:export', '#', 'admin', '2023-11-11 14:14:55', '', NULL, '');
INSERT INTO `sys_menu` VALUES (1025, '字典查询', 105, 1, '#', '', '', 1, 0, 'F', '0', '0', 'system:dict:query', '#', 'admin', '2023-11-11 14:14:55', '', NULL, '');
INSERT INTO `sys_menu` VALUES (1026, '字典新增', 105, 2, '#', '', '', 1, 0, 'F', '0', '0', 'system:dict:add', '#', 'admin', '2023-11-11 14:14:55', '', NULL, '');
INSERT INTO `sys_menu` VALUES (1027, '字典修改', 105, 3, '#', '', '', 1, 0, 'F', '0', '0', 'system:dict:edit', '#', 'admin', '2023-11-11 14:14:55', '', NULL, '');
INSERT INTO `sys_menu` VALUES (1028, '字典删除', 105, 4, '#', '', '', 1, 0, 'F', '0', '0', 'system:dict:remove', '#', 'admin', '2023-11-11 14:14:55', '', NULL, '');
INSERT INTO `sys_menu` VALUES (1029, '字典导出', 105, 5, '#', '', '', 1, 0, 'F', '0', '0', 'system:dict:export', '#', 'admin', '2023-11-11 14:14:55', '', NULL, '');
INSERT INTO `sys_menu` VALUES (1030, '参数查询', 106, 1, '#', '', '', 1, 0, 'F', '0', '0', 'system:config:query', '#', 'admin', '2023-11-11 14:14:55', '', NULL, '');
INSERT INTO `sys_menu` VALUES (1031, '参数新增', 106, 2, '#', '', '', 1, 0, 'F', '0', '0', 'system:config:add', '#', 'admin', '2023-11-11 14:14:55', '', NULL, '');
INSERT INTO `sys_menu` VALUES (1032, '参数修改', 106, 3, '#', '', '', 1, 0, 'F', '0', '0', 'system:config:edit', '#', 'admin', '2023-11-11 14:14:55', '', NULL, '');
INSERT INTO `sys_menu` VALUES (1033, '参数删除', 106, 4, '#', '', '', 1, 0, 'F', '0', '0', 'system:config:remove', '#', 'admin', '2023-11-11 14:14:55', '', NULL, '');
INSERT INTO `sys_menu` VALUES (1034, '参数导出', 106, 5, '#', '', '', 1, 0, 'F', '0', '0', 'system:config:export', '#', 'admin', '2023-11-11 14:14:55', '', NULL, '');
INSERT INTO `sys_menu` VALUES (1035, '公告查询', 107, 1, '#', '', '', 1, 0, 'F', '0', '0', 'system:notice:query', '#', 'admin', '2023-11-11 14:14:55', '', NULL, '');
INSERT INTO `sys_menu` VALUES (1036, '公告新增', 107, 2, '#', '', '', 1, 0, 'F', '0', '0', 'system:notice:add', '#', 'admin', '2023-11-11 14:14:55', '', NULL, '');
INSERT INTO `sys_menu` VALUES (1037, '公告修改', 107, 3, '#', '', '', 1, 0, 'F', '0', '0', 'system:notice:edit', '#', 'admin', '2023-11-11 14:14:55', '', NULL, '');
INSERT INTO `sys_menu` VALUES (1038, '公告删除', 107, 4, '#', '', '', 1, 0, 'F', '0', '0', 'system:notice:remove', '#', 'admin', '2023-11-11 14:14:55', '', NULL, '');
INSERT INTO `sys_menu` VALUES (1039, '操作查询', 500, 1, '#', '', '', 1, 0, 'F', '0', '0', 'monitor:operlog:query', '#', 'admin', '2023-11-11 14:14:55', '', NULL, '');
INSERT INTO `sys_menu` VALUES (1040, '操作删除', 500, 2, '#', '', '', 1, 0, 'F', '0', '0', 'monitor:operlog:remove', '#', 'admin', '2023-11-11 14:14:55', '', NULL, '');
INSERT INTO `sys_menu` VALUES (1041, '日志导出', 500, 3, '#', '', '', 1, 0, 'F', '0', '0', 'monitor:operlog:export', '#', 'admin', '2023-11-11 14:14:55', '', NULL, '');
INSERT INTO `sys_menu` VALUES (1042, '登录查询', 501, 1, '#', '', '', 1, 0, 'F', '0', '0', 'monitor:logininfor:query', '#', 'admin', '2023-11-11 14:14:55', '', NULL, '');
INSERT INTO `sys_menu` VALUES (1043, '登录删除', 501, 2, '#', '', '', 1, 0, 'F', '0', '0', 'monitor:logininfor:remove', '#', 'admin', '2023-11-11 14:14:55', '', NULL, '');
INSERT INTO `sys_menu` VALUES (1044, '日志导出', 501, 3, '#', '', '', 1, 0, 'F', '0', '0', 'monitor:logininfor:export', '#', 'admin', '2023-11-11 14:14:55', '', NULL, '');
INSERT INTO `sys_menu` VALUES (1045, '账户解锁', 501, 4, '#', '', '', 1, 0, 'F', '0', '0', 'monitor:logininfor:unlock', '#', 'admin', '2023-11-11 14:14:55', '', NULL, '');
INSERT INTO `sys_menu` VALUES (1046, '在线查询', 109, 1, '#', '', '', 1, 0, 'F', '0', '0', 'monitor:online:query', '#', 'admin', '2023-11-11 14:14:55', '', NULL, '');
INSERT INTO `sys_menu` VALUES (1047, '批量强退', 109, 2, '#', '', '', 1, 0, 'F', '0', '0', 'monitor:online:batchLogout', '#', 'admin', '2023-11-11 14:14:55', '', NULL, '');
INSERT INTO `sys_menu` VALUES (1048, '单条强退', 109, 3, '#', '', '', 1, 0, 'F', '0', '0', 'monitor:online:forceLogout', '#', 'admin', '2023-11-11 14:14:55', '', NULL, '');
INSERT INTO `sys_menu` VALUES (1049, '任务查询', 110, 1, '#', '', '', 1, 0, 'F', '0', '0', 'monitor:job:query', '#', 'admin', '2023-11-11 14:14:55', '', NULL, '');
INSERT INTO `sys_menu` VALUES (1050, '任务新增', 110, 2, '#', '', '', 1, 0, 'F', '0', '0', 'monitor:job:add', '#', 'admin', '2023-11-11 14:14:55', '', NULL, '');
INSERT INTO `sys_menu` VALUES (1051, '任务修改', 110, 3, '#', '', '', 1, 0, 'F', '0', '0', 'monitor:job:edit', '#', 'admin', '2023-11-11 14:14:55', '', NULL, '');
INSERT INTO `sys_menu` VALUES (1052, '任务删除', 110, 4, '#', '', '', 1, 0, 'F', '0', '0', 'monitor:job:remove', '#', 'admin', '2023-11-11 14:14:55', '', NULL, '');
INSERT INTO `sys_menu` VALUES (1053, '状态修改', 110, 5, '#', '', '', 1, 0, 'F', '0', '0', 'monitor:job:changeStatus', '#', 'admin', '2023-11-11 14:14:55', '', NULL, '');
INSERT INTO `sys_menu` VALUES (1054, '任务导出', 110, 6, '#', '', '', 1, 0, 'F', '0', '0', 'monitor:job:export', '#', 'admin', '2023-11-11 14:14:55', '', NULL, '');
INSERT INTO `sys_menu` VALUES (1055, '生成查询', 116, 1, '#', '', '', 1, 0, 'F', '0', '0', 'tool:gen:query', '#', 'admin', '2023-11-11 14:14:55', '', NULL, '');
INSERT INTO `sys_menu` VALUES (1056, '生成修改', 116, 2, '#', '', '', 1, 0, 'F', '0', '0', 'tool:gen:edit', '#', 'admin', '2023-11-11 14:14:55', '', NULL, '');
INSERT INTO `sys_menu` VALUES (1057, '生成删除', 116, 3, '#', '', '', 1, 0, 'F', '0', '0', 'tool:gen:remove', '#', 'admin', '2023-11-11 14:14:55', '', NULL, '');
INSERT INTO `sys_menu` VALUES (1058, '导入代码', 116, 4, '#', '', '', 1, 0, 'F', '0', '0', 'tool:gen:import', '#', 'admin', '2023-11-11 14:14:55', '', NULL, '');
INSERT INTO `sys_menu` VALUES (1059, '预览代码', 116, 5, '#', '', '', 1, 0, 'F', '0', '0', 'tool:gen:preview', '#', 'admin', '2023-11-11 14:14:55', '', NULL, '');
INSERT INTO `sys_menu` VALUES (1060, '生成代码', 116, 6, '#', '', '', 1, 0, 'F', '0', '0', 'tool:gen:code', '#', 'admin', '2023-11-11 14:14:55', '', NULL, '');
INSERT INTO `sys_menu` VALUES (2000, '货物调度管理系统', 0, 4, 'cargoinfo', NULL, NULL, 1, 0, 'M', '0', '0', '', 'build', 'admin', '2023-11-12 10:39:28', 'admin', '2024-01-15 18:59:11', '');
INSERT INTO `sys_menu` VALUES (2001, '智慧航运管理系统', 0, 0, 'mobile', NULL, NULL, 1, 0, 'M', '0', '0', '', 'druid', 'admin', '2023-11-12 10:41:57', 'admin', '2024-01-15 18:57:38', '');
INSERT INTO `sys_menu` VALUES (2003, '智慧港口数字孪生可视化', 0, 8, 'visualization', 'visualization', NULL, 1, 0, 'C', '0', '0', '', 'chart', 'admin', '2023-11-12 10:59:19', 'admin', '2024-01-15 18:59:39', '');
INSERT INTO `sys_menu` VALUES (2004, '航线管理', 2001, 3, 'route', 'route', NULL, 1, 1, 'C', '0', '0', '', 'guide', 'admin', '2023-11-12 11:01:59', 'admin', '2024-01-16 11:30:04', '');
INSERT INTO `sys_menu` VALUES (2005, '货轮管理', 2001, 4, 'ship_info', 'shipinfo', NULL, 1, 1, 'C', '0', '0', '', 'message', 'admin', '2023-11-12 11:03:48', 'admin', '2024-01-16 11:30:10', '');
INSERT INTO `sys_menu` VALUES (2006, '用户反馈管理', 2001, 1, 'feed_info', 'feedbook', NULL, 1, 1, 'C', '0', '0', '', 'user', 'admin', '2023-11-12 11:05:39', 'admin', '2024-01-09 09:46:58', '');
INSERT INTO `sys_menu` VALUES (2007, '订单管理', 2001, 2, 'order_info', 'orderinfo', NULL, 1, 1, 'C', '0', '0', '', 'date-range', 'admin', '2023-11-12 11:07:57', 'admin', '2023-12-16 17:48:52', '');
INSERT INTO `sys_menu` VALUES (2008, '集装箱管理', 2001, 3, 'container_info', 'containerinfo', NULL, 1, 1, 'C', '0', '0', '', 'checkbox', 'admin', '2023-11-12 11:10:05', 'admin', '2024-01-18 11:09:07', '');
INSERT INTO `sys_menu` VALUES (2009, '航运计划管理', 2001, 5, 'freighter_scheduling', 'routeschedule', NULL, 1, 1, 'C', '0', '0', '', 'edit', 'admin', '2023-11-12 11:13:57', 'admin', '2024-01-16 11:30:19', '');
INSERT INTO `sys_menu` VALUES (2016, '港口', 2029, 0, 'port', 'port', NULL, 1, 1, 'C', '0', '0', '', 'build', 'admin', '2023-12-06 15:46:49', 'admin', '2023-12-17 13:54:49', '');
INSERT INTO `sys_menu` VALUES (2029, '用户管理', 2001, 0, 'userinfo', NULL, NULL, 1, 0, 'M', '0', '0', '', 'date-range', 'admin', '2023-12-08 12:28:51', 'admin', '2023-12-08 12:35:29', '');
INSERT INTO `sys_menu` VALUES (2037, '微信用户', 2029, 0, 'user', 'user', NULL, 1, 1, 'C', '0', '0', '', 'code', 'admin', '2023-12-08 14:08:18', 'admin', '2023-12-17 13:54:55', '');
INSERT INTO `sys_menu` VALUES (2038, '船运公司', 2029, 0, 'shipcom', 'shipcom', NULL, 1, 1, 'C', '0', '0', '', 'date-range', 'admin', '2023-12-08 14:57:05', 'admin', '2023-12-17 13:55:01', '');
INSERT INTO `sys_menu` VALUES (2039, '智慧港口管理系统', 0, 1, 'portmanage', NULL, NULL, 1, 0, 'M', '0', '0', '', 'cascader', 'admin', '2023-12-12 15:07:39', 'admin', '2024-01-15 18:57:30', '');
INSERT INTO `sys_menu` VALUES (2040, '货物管理', 2000, 1, 'cargo_info', 'cargoinfo', NULL, 1, 1, 'C', '0', '0', '', 'checkbox', 'admin', '2023-12-15 20:42:01', 'admin', '2023-12-15 20:46:20', '');
INSERT INTO `sys_menu` VALUES (2041, '货物分配', 2000, 1, 'allocation', 'allocation', NULL, 1, 1, 'C', '0', '0', '', 'component', 'admin', '2023-12-16 14:23:12', 'admin', '2024-01-19 09:55:56', '');
INSERT INTO `sys_menu` VALUES (2042, '港口用户管理', 2039, 0, 'portuser', 'portuser', NULL, 1, 1, 'C', '0', '0', NULL, 'button', 'admin', '2023-12-16 17:46:35', '', NULL, '');
INSERT INTO `sys_menu` VALUES (2043, '港口航运计划', 2039, 2, 'portschedule', 'portschedule', NULL, 1, 1, 'C', '0', '0', '', 'cascader', 'admin', '2023-12-16 17:47:14', 'admin', '2023-12-16 17:50:30', '');
INSERT INTO `sys_menu` VALUES (2044, '港口订单管理', 2039, 1, 'portorder', 'portorder', NULL, 1, 1, 'C', '0', '0', '', 'checkbox', 'admin', '2023-12-16 17:47:44', 'admin', '2023-12-31 11:46:26', '');
INSERT INTO `sys_menu` VALUES (2045, '智能环境监测系统', 0, 5, 'enviroment', NULL, NULL, 1, 0, 'M', '0', '0', '', 'clipboard', 'admin', '2023-12-17 10:08:56', 'admin', '2024-01-15 18:59:23', '');
INSERT INTO `sys_menu` VALUES (2046, '货车货堆寻址系统', 0, 6, 'findroad', NULL, NULL, 1, 0, 'M', '0', '0', '', 'documentation', 'admin', '2023-12-17 10:11:31', 'admin', '2024-01-15 18:59:27', '');
INSERT INTO `sys_menu` VALUES (2047, '货堆管理', 2046, 0, 'pile', 'pile', NULL, 1, 1, 'C', '0', '0', '', 'documentation', 'admin', '2023-12-17 13:52:50', 'admin', '2024-01-24 17:26:50', '');
INSERT INTO `sys_menu` VALUES (2048, '集装箱运输环境检测', 2045, 0, 'contanenviroment', 'contanenviroment', NULL, 1, 1, 'C', '0', '0', NULL, 'component', 'admin', '2023-12-24 13:21:57', '', NULL, '');
INSERT INTO `sys_menu` VALUES (2050, '危险品识别系统', 0, 7, 'danger', NULL, NULL, 1, 0, 'M', '0', '0', '', 'date-range', 'admin', '2023-12-24 13:28:27', 'admin', '2024-01-15 18:59:31', '');
INSERT INTO `sys_menu` VALUES (2051, '危险品识别信息管理', 2050, 0, 'dangerinfo', 'dangerinfo', NULL, 1, 1, 'C', '0', '0', NULL, 'component', 'admin', '2023-12-24 13:29:37', '', NULL, '');
INSERT INTO `sys_menu` VALUES (2052, '危险品检测知识库', 2050, 1, 'dangerknowledge', 'dangerknowledge', NULL, 1, 1, 'C', '0', '0', NULL, 'component', 'admin', '2023-12-24 13:30:40', '', NULL, '');
INSERT INTO `sys_menu` VALUES (2053, '货车货堆计划可视化', 2046, 1, 'findroad', 'findroad', NULL, 1, 1, 'C', '0', '0', '', 'component', 'admin', '2023-12-24 13:33:05', 'admin', '2024-01-30 15:40:39', '');
INSERT INTO `sys_menu` VALUES (2054, '危险品识别', 2050, 0, 'dangervisual', 'dangervisual', NULL, 1, 1, 'C', '0', '0', NULL, 'component', 'admin', '2024-01-06 20:12:28', '', NULL, '');
INSERT INTO `sys_menu` VALUES (2055, '货代公司', 2029, 0, 'ffcompany', 'ffcompany', NULL, 1, 1, 'C', '0', '0', '', 'build', 'admin', '2024-01-14 14:06:19', 'admin', '2024-01-15 18:18:42', '');
INSERT INTO `sys_menu` VALUES (2059, '航运公司管理系统', 0, 3, 'ship', NULL, NULL, 1, 0, 'M', '0', '0', NULL, 'color', 'admin', '2024-01-16 11:01:09', '', NULL, '');
INSERT INTO `sys_menu` VALUES (2060, '智慧货代管理系统', 0, 2, 'ff', NULL, NULL, 1, 0, 'M', '0', '0', NULL, 'date-range', 'admin', '2024-01-16 11:08:23', '', NULL, '');
INSERT INTO `sys_menu` VALUES (2061, '货轮管理', 2059, 0, 'ffship', 'ffship', NULL, 1, 1, 'C', '0', '0', NULL, 'color', 'admin', '2024-01-16 11:34:58', '', NULL, '');
INSERT INTO `sys_menu` VALUES (2062, '航运计划申请', 2059, 0, 'ffrouteschedule', 'ffrouteschedule', NULL, 1, 1, 'C', '0', '0', '', 'checkbox', 'admin', '2024-01-17 11:52:14', 'admin', '2024-01-17 11:52:19', '');
INSERT INTO `sys_menu` VALUES (2063, '航线查看', 2059, 0, 'ffroute', 'ffroute', NULL, 1, 1, 'C', '0', '0', NULL, 'date', 'admin', '2024-01-17 12:00:22', '', NULL, '');
INSERT INTO `sys_menu` VALUES (2064, '代理航运公司', 2060, 0, 'dlshipcompany', 'dlshipcompany', NULL, 1, 1, 'C', '0', '0', NULL, 'date', 'admin', '2024-01-17 17:25:04', '', NULL, '');
INSERT INTO `sys_menu` VALUES (2065, '货代公司订单', 2060, 0, 'hdorder', 'hdorder', NULL, 1, 1, 'C', '0', '0', NULL, 'color', 'admin', '2024-01-17 18:27:56', '', NULL, '');
INSERT INTO `sys_menu` VALUES (2066, '代理船运计划', 2060, 0, 'hdschedule', 'hdschedule', NULL, 1, 1, 'C', '0', '0', NULL, 'date', 'admin', '2024-01-17 18:31:34', '', NULL, '');
INSERT INTO `sys_menu` VALUES (2067, '船运公司订单', 2059, 0, 'fforder', 'fforder', NULL, 1, 1, 'C', '0', '0', NULL, 'date', 'admin', '2024-01-17 18:45:29', '', NULL, '');
INSERT INTO `sys_menu` VALUES (2068, '码头管理系统', 2039, 5, ' pier', NULL, NULL, 1, 0, 'M', '0', '0', NULL, 'date', 'admin', '2024-01-18 15:59:18', '', NULL, '');
INSERT INTO `sys_menu` VALUES (2069, '在港集装箱', 2068, 0, 'portcontainer', 'portcontainer', NULL, 1, 1, 'C', '0', '0', NULL, 'date', 'admin', '2024-01-18 15:59:54', '', NULL, '');
INSERT INTO `sys_menu` VALUES (2070, '在船集装箱', 2059, 0, 'shipcontainer', 'shipcontainer', NULL, 1, 1, 'C', '0', '0', NULL, 'date', 'admin', '2024-01-18 16:57:29', '', NULL, '');
INSERT INTO `sys_menu` VALUES (2071, '集装箱空间利用率', 2000, 4, 'spacenote', 'spacenote', NULL, 1, 1, 'C', '0', '0', NULL, 'date-range', 'admin', '2024-01-19 21:15:44', '', NULL, '');
INSERT INTO `sys_menu` VALUES (2072, '集装箱分配可视化', 2000, 5, 'containervisual', 'containervisual', NULL, 1, 1, 'C', '0', '0', NULL, 'date', 'admin', '2024-01-20 16:14:50', '', NULL, '');
INSERT INTO `sys_menu` VALUES (2073, '货车管理', 2046, 0, 'vehicle', 'vehicle', NULL, 1, 1, 'C', '0', '0', NULL, 'date', 'admin', '2024-01-24 11:15:02', '', NULL, '');
INSERT INTO `sys_menu` VALUES (2074, '货车计划管理', 2046, 0, 'task', 'task', NULL, 1, 1, 'C', '0', '0', NULL, 'date', 'admin', '2024-01-24 18:03:11', '', NULL, '');
INSERT INTO `sys_menu` VALUES (2075, '货车货堆寻址', 2046, 0, 'findroad1', 'findroad1', NULL, 1, 1, 'C', '0', '0', NULL, 'date', 'admin', '2024-01-30 16:39:33', '', NULL, '');
INSERT INTO `sys_menu` VALUES (2076, '箱位管理', 2001, 8, 'containerslot', 'containerslot', NULL, 1, 1, 'C', '0', '0', NULL, 'date', 'admin', '2024-02-12 15:57:03', '', NULL, '');
INSERT INTO `sys_menu` VALUES (2077, '集装箱装配', 2068, 1, 'containerassembly', 'containerassembly', NULL, 1, 1, 'C', '0', '0', NULL, 'date', 'admin', '2024-02-12 16:46:45', '', NULL, '');
INSERT INTO `sys_menu` VALUES (2078, '集装箱装卸', 2068, 2, 'containerunloading', 'containerunloading', NULL, 1, 1, 'C', '0', '0', NULL, 'date', 'admin', '2024-02-12 16:48:28', '', NULL, '');

-- ----------------------------
-- Table structure for sys_notice
-- ----------------------------
DROP TABLE IF EXISTS `sys_notice`;
CREATE TABLE `sys_notice`  (
  `notice_id` int NOT NULL AUTO_INCREMENT COMMENT '公告ID',
  `notice_title` varchar(50) CHARACTER SET utf8mb4 COLLATE utf8mb4_0900_ai_ci NOT NULL COMMENT '公告标题',
  `notice_type` char(1) CHARACTER SET utf8mb4 COLLATE utf8mb4_0900_ai_ci NOT NULL COMMENT '公告类型（1通知 2公告）',
  `notice_content` longblob NULL COMMENT '公告内容',
  `status` char(1) CHARACTER SET utf8mb4 COLLATE utf8mb4_0900_ai_ci NULL DEFAULT '0' COMMENT '公告状态（0正常 1关闭）',
  `create_by` varchar(64) CHARACTER SET utf8mb4 COLLATE utf8mb4_0900_ai_ci NULL DEFAULT '' COMMENT '创建者',
  `create_time` datetime NULL DEFAULT NULL COMMENT '创建时间',
  `update_by` varchar(64) CHARACTER SET utf8mb4 COLLATE utf8mb4_0900_ai_ci NULL DEFAULT '' COMMENT '更新者',
  `update_time` datetime NULL DEFAULT NULL COMMENT '更新时间',
  `remark` varchar(255) CHARACTER SET utf8mb4 COLLATE utf8mb4_0900_ai_ci NULL DEFAULT NULL COMMENT '备注',
  PRIMARY KEY (`notice_id`) USING BTREE
) ENGINE = InnoDB AUTO_INCREMENT = 2 CHARACTER SET = utf8mb4 COLLATE = utf8mb4_0900_ai_ci COMMENT = '通知公告表' ROW_FORMAT = Dynamic;

-- ----------------------------
-- Records of sys_notice
-- ----------------------------
INSERT INTO `sys_notice` VALUES (10, '系统完善', '1', NULL, '0', 'admin', '2024-02-13 10:07:30', '', NULL, NULL);

-- ----------------------------
-- Table structure for sys_oper_log
-- ----------------------------
DROP TABLE IF EXISTS `sys_oper_log`;
CREATE TABLE `sys_oper_log`  (
  `oper_id` bigint NOT NULL AUTO_INCREMENT COMMENT '日志主键',
  `title` varchar(50) CHARACTER SET utf8mb4 COLLATE utf8mb4_0900_ai_ci NULL DEFAULT '' COMMENT '模块标题',
  `business_type` int NULL DEFAULT 0 COMMENT '业务类型（0其它 1新增 2修改 3删除）',
  `method` varchar(100) CHARACTER SET utf8mb4 COLLATE utf8mb4_0900_ai_ci NULL DEFAULT '' COMMENT '方法名称',
  `request_method` varchar(10) CHARACTER SET utf8mb4 COLLATE utf8mb4_0900_ai_ci NULL DEFAULT '' COMMENT '请求方式',
  `operator_type` int NULL DEFAULT 0 COMMENT '操作类别（0其它 1后台用户 2手机端用户）',
  `oper_name` varchar(50) CHARACTER SET utf8mb4 COLLATE utf8mb4_0900_ai_ci NULL DEFAULT '' COMMENT '操作人员',
  `dept_name` varchar(50) CHARACTER SET utf8mb4 COLLATE utf8mb4_0900_ai_ci NULL DEFAULT '' COMMENT '部门名称',
  `oper_url` varchar(255) CHARACTER SET utf8mb4 COLLATE utf8mb4_0900_ai_ci NULL DEFAULT '' COMMENT '请求URL',
  `oper_ip` varchar(128) CHARACTER SET utf8mb4 COLLATE utf8mb4_0900_ai_ci NULL DEFAULT '' COMMENT '主机地址',
  `oper_location` varchar(255) CHARACTER SET utf8mb4 COLLATE utf8mb4_0900_ai_ci NULL DEFAULT '' COMMENT '操作地点',
  `oper_param` varchar(2000) CHARACTER SET utf8mb4 COLLATE utf8mb4_0900_ai_ci NULL DEFAULT '' COMMENT '请求参数',
  `json_result` varchar(2000) CHARACTER SET utf8mb4 COLLATE utf8mb4_0900_ai_ci NULL DEFAULT '' COMMENT '返回参数',
  `status` int NULL DEFAULT 0 COMMENT '操作状态（0正常 1异常）',
  `error_msg` varchar(2000) CHARACTER SET utf8mb4 COLLATE utf8mb4_0900_ai_ci NULL DEFAULT '' COMMENT '错误消息',
  `oper_time` datetime NULL DEFAULT NULL COMMENT '操作时间',
  `cost_time` bigint NULL DEFAULT 0 COMMENT '消耗时间',
  PRIMARY KEY (`oper_id`) USING BTREE,
  INDEX `idx_sys_oper_log_bt`(`business_type` ASC) USING BTREE,
  INDEX `idx_sys_oper_log_s`(`status` ASC) USING BTREE,
  INDEX `idx_sys_oper_log_ot`(`oper_time` ASC) USING BTREE
) ENGINE = InnoDB AUTO_INCREMENT = 876 CHARACTER SET = utf8mb4 COLLATE = utf8mb4_0900_ai_ci COMMENT = '操作日志记录' ROW_FORMAT = Dynamic;

-- ----------------------------
-- Records of sys_oper_log
-- ----------------------------
INSERT INTO `sys_oper_log` VALUES (100, '菜单管理', 3, 'com.ruoyi.web.controller.system.SysMenuController.remove()', 'DELETE', 1, 'admin', NULL, '/system/menu/4', '127.0.0.1', '内网IP', '{}', '{\"msg\":\"菜单已分配,不允许删除\",\"code\":601}', 0, NULL, '2023-11-11 14:56:53', 11);
INSERT INTO `sys_oper_log` VALUES (101, '菜单管理', 3, 'com.ruoyi.web.controller.system.SysMenuController.remove()', 'DELETE', 1, 'admin', NULL, '/system/menu/4', '127.0.0.1', '内网IP', '{}', '{\"msg\":\"菜单已分配,不允许删除\",\"code\":601}', 0, NULL, '2023-11-11 14:57:05', 6);
INSERT INTO `sys_oper_log` VALUES (102, '菜单管理', 2, 'com.ruoyi.web.controller.system.SysMenuController.edit()', 'PUT', 1, 'admin', NULL, '/system/menu', '127.0.0.1', '内网IP', '{\"children\":[],\"createTime\":\"2023-11-11 14:14:55\",\"icon\":\"guide\",\"isCache\":\"0\",\"isFrame\":\"0\",\"menuId\":4,\"menuName\":\"若依官网\",\"menuType\":\"M\",\"orderNum\":4,\"params\":{},\"parentId\":0,\"path\":\"http://ruoyi.vip\",\"perms\":\"\",\"query\":\"\",\"status\":\"1\",\"updateBy\":\"admin\",\"visible\":\"0\"}', '{\"msg\":\"操作成功\",\"code\":200}', 0, NULL, '2023-11-11 14:57:23', 16);
INSERT INTO `sys_oper_log` VALUES (103, '菜单管理', 3, 'com.ruoyi.web.controller.system.SysMenuController.remove()', 'DELETE', 1, 'admin', NULL, '/system/menu/4', '127.0.0.1', '内网IP', '{}', '{\"msg\":\"菜单已分配,不允许删除\",\"code\":601}', 0, NULL, '2023-11-11 14:57:28', 6);
INSERT INTO `sys_oper_log` VALUES (104, '菜单管理', 2, 'com.ruoyi.web.controller.system.SysMenuController.edit()', 'PUT', 1, 'admin', NULL, '/system/menu', '127.0.0.1', '内网IP', '{\"children\":[],\"createTime\":\"2023-11-11 14:14:55\",\"icon\":\"guide\",\"isCache\":\"0\",\"isFrame\":\"0\",\"menuId\":4,\"menuName\":\"若依官网\",\"menuType\":\"M\",\"orderNum\":4,\"params\":{},\"parentId\":0,\"path\":\"http://ruoyi.vip\",\"perms\":\"\",\"query\":\"\",\"status\":\"1\",\"updateBy\":\"admin\",\"visible\":\"1\"}', '{\"msg\":\"操作成功\",\"code\":200}', 0, NULL, '2023-11-11 14:57:33', 10);
INSERT INTO `sys_oper_log` VALUES (105, '参数管理', 2, 'com.ruoyi.web.controller.system.SysConfigController.edit()', 'PUT', 1, 'admin', NULL, '/system/config', '127.0.0.1', '内网IP', '{\"configId\":3,\"configKey\":\"sys.index.sideTheme\",\"configName\":\"主框架页-侧边栏主题\",\"configType\":\"Y\",\"configValue\":\"theme-light\",\"createBy\":\"admin\",\"createTime\":\"2023-11-11 14:14:55\",\"params\":{},\"remark\":\"深色主题theme-dark，浅色主题theme-light\",\"updateBy\":\"admin\"}', '{\"msg\":\"操作成功\",\"code\":200}', 0, NULL, '2023-11-11 14:59:52', 14);
INSERT INTO `sys_oper_log` VALUES (106, '参数管理', 2, 'com.ruoyi.web.controller.system.SysConfigController.edit()', 'PUT', 1, 'admin', NULL, '/system/config', '127.0.0.1', '内网IP', '{\"configId\":3,\"configKey\":\"sys.index.sideTheme\",\"configName\":\"主框架页-侧边栏主题\",\"configType\":\"Y\",\"configValue\":\"theme-dark\",\"createBy\":\"admin\",\"createTime\":\"2023-11-11 14:14:55\",\"params\":{},\"remark\":\"深色主题theme-dark，浅色主题theme-light\",\"updateBy\":\"admin\",\"updateTime\":\"2023-11-11 14:59:52\"}', '{\"msg\":\"操作成功\",\"code\":200}', 0, NULL, '2023-11-11 15:00:03', 13);
INSERT INTO `sys_oper_log` VALUES (107, '用户头像', 2, 'com.ruoyi.web.controller.system.SysProfileController.avatar()', 'POST', 1, 'admin', NULL, '/system/user/profile/avatar', '127.0.0.1', '内网IP', '', '{\"msg\":\"操作成功\",\"imgUrl\":\"/profile/avatar/2023/11/11/blob_20231111150126A001.png\",\"code\":200}', 0, NULL, '2023-11-11 15:01:26', 84);
INSERT INTO `sys_oper_log` VALUES (108, '用户头像', 2, 'com.ruoyi.web.controller.system.SysProfileController.avatar()', 'POST', 1, 'admin', NULL, '/system/user/profile/avatar', '127.0.0.1', '内网IP', '', '{\"msg\":\"操作成功\",\"imgUrl\":\"/profile/avatar/2023/11/11/blob_20231111152043A002.png\",\"code\":200}', 0, NULL, '2023-11-11 15:20:43', 10);
INSERT INTO `sys_oper_log` VALUES (109, '菜单管理', 1, 'com.ruoyi.web.controller.system.SysMenuController.add()', 'POST', 1, 'admin', NULL, '/system/menu', '127.0.0.1', '内网IP', '{\"children\":[],\"createBy\":\"admin\",\"icon\":\"build\",\"isCache\":\"0\",\"isFrame\":\"1\",\"menuName\":\"货轮承载管理系统\",\"menuType\":\"M\",\"orderNum\":1,\"params\":{},\"parentId\":0,\"path\":\"system\",\"status\":\"0\",\"visible\":\"0\"}', '{\"msg\":\"操作成功\",\"code\":200}', 0, NULL, '2023-11-12 10:39:28', 20);
INSERT INTO `sys_oper_log` VALUES (110, '菜单管理', 2, 'com.ruoyi.web.controller.system.SysMenuController.edit()', 'PUT', 1, 'admin', NULL, '/system/menu', '127.0.0.1', '内网IP', '{\"children\":[],\"createTime\":\"2023-11-12 10:39:28\",\"icon\":\"build\",\"isCache\":\"0\",\"isFrame\":\"1\",\"menuId\":2000,\"menuName\":\"货轮承载管理系统\",\"menuType\":\"M\",\"orderNum\":0,\"params\":{},\"parentId\":0,\"path\":\"system\",\"perms\":\"\",\"status\":\"0\",\"updateBy\":\"admin\",\"visible\":\"0\"}', '{\"msg\":\"操作成功\",\"code\":200}', 0, NULL, '2023-11-12 10:39:58', 15);
INSERT INTO `sys_oper_log` VALUES (111, '菜单管理', 1, 'com.ruoyi.web.controller.system.SysMenuController.add()', 'POST', 1, 'admin', NULL, '/system/menu', '127.0.0.1', '内网IP', '{\"children\":[],\"createBy\":\"admin\",\"icon\":\"druid\",\"isCache\":\"0\",\"isFrame\":\"1\",\"menuName\":\"智慧航运管理系统\",\"menuType\":\"M\",\"orderNum\":1,\"params\":{},\"parentId\":0,\"path\":\"mobile\",\"status\":\"0\",\"visible\":\"0\"}', '{\"msg\":\"操作成功\",\"code\":200}', 0, NULL, '2023-11-12 10:41:57', 6);
INSERT INTO `sys_oper_log` VALUES (112, '菜单管理', 2, 'com.ruoyi.web.controller.system.SysMenuController.edit()', 'PUT', 1, 'admin', NULL, '/system/menu', '127.0.0.1', '内网IP', '{\"children\":[],\"createTime\":\"2023-11-12 10:41:57\",\"icon\":\"druid\",\"isCache\":\"0\",\"isFrame\":\"1\",\"menuId\":2001,\"menuName\":\"智慧航运管理系统\",\"menuType\":\"M\",\"orderNum\":0,\"params\":{},\"parentId\":0,\"path\":\"mobile\",\"perms\":\"\",\"status\":\"0\",\"updateBy\":\"admin\",\"visible\":\"0\"}', '{\"msg\":\"操作成功\",\"code\":200}', 0, NULL, '2023-11-12 10:42:10', 7);
INSERT INTO `sys_oper_log` VALUES (113, '菜单管理', 1, 'com.ruoyi.web.controller.system.SysMenuController.add()', 'POST', 1, 'admin', NULL, '/system/menu', '127.0.0.1', '内网IP', '{\"children\":[],\"component\":\"userinfo\",\"createBy\":\"admin\",\"icon\":\"logininfor\",\"isCache\":\"1\",\"isFrame\":\"1\",\"menuName\":\"用户管理\",\"menuType\":\"C\",\"orderNum\":0,\"params\":{},\"parentId\":2001,\"path\":\"user_info\",\"status\":\"0\",\"visible\":\"0\"}', '{\"msg\":\"操作成功\",\"code\":200}', 0, NULL, '2023-11-12 10:53:44', 8);
INSERT INTO `sys_oper_log` VALUES (114, '菜单管理', 1, 'com.ruoyi.web.controller.system.SysMenuController.add()', 'POST', 1, 'admin', NULL, '/system/menu', '127.0.0.1', '内网IP', '{\"children\":[],\"component\":\"visualization\",\"createBy\":\"admin\",\"icon\":\"chart\",\"isCache\":\"0\",\"isFrame\":\"1\",\"menuName\":\"货物调配数字孪生可视化\",\"menuType\":\"C\",\"orderNum\":0,\"params\":{},\"parentId\":0,\"path\":\"visualization\",\"status\":\"0\",\"visible\":\"0\"}', '{\"msg\":\"操作成功\",\"code\":200}', 0, NULL, '2023-11-12 10:59:19', 17);
INSERT INTO `sys_oper_log` VALUES (115, '菜单管理', 1, 'com.ruoyi.web.controller.system.SysMenuController.add()', 'POST', 1, 'admin', NULL, '/system/menu', '127.0.0.1', '内网IP', '{\"children\":[],\"component\":\"route\",\"createBy\":\"admin\",\"icon\":\"guide\",\"isCache\":\"1\",\"isFrame\":\"1\",\"menuName\":\"航线管理\",\"menuType\":\"C\",\"orderNum\":0,\"params\":{},\"parentId\":2001,\"path\":\"route\",\"status\":\"0\",\"visible\":\"0\"}', '{\"msg\":\"操作成功\",\"code\":200}', 0, NULL, '2023-11-12 11:01:59', 5);
INSERT INTO `sys_oper_log` VALUES (116, '菜单管理', 1, 'com.ruoyi.web.controller.system.SysMenuController.add()', 'POST', 1, 'admin', NULL, '/system/menu', '127.0.0.1', '内网IP', '{\"children\":[],\"component\":\"cargoinfo\",\"createBy\":\"admin\",\"icon\":\"message\",\"isCache\":\"1\",\"isFrame\":\"1\",\"menuName\":\"货轮管理\",\"menuType\":\"C\",\"orderNum\":0,\"params\":{},\"parentId\":2001,\"path\":\"cargo_info\",\"status\":\"0\",\"visible\":\"0\"}', '{\"msg\":\"操作成功\",\"code\":200}', 0, NULL, '2023-11-12 11:03:48', 11);
INSERT INTO `sys_oper_log` VALUES (117, '菜单管理', 1, 'com.ruoyi.web.controller.system.SysMenuController.add()', 'POST', 1, 'admin', NULL, '/system/menu', '127.0.0.1', '内网IP', '{\"children\":[],\"component\":\"feedinfo\",\"createBy\":\"admin\",\"icon\":\"user\",\"isCache\":\"1\",\"isFrame\":\"1\",\"menuName\":\"用户反馈管理\",\"menuType\":\"C\",\"orderNum\":0,\"params\":{},\"parentId\":2001,\"path\":\"feed_info\",\"status\":\"0\",\"visible\":\"0\"}', '{\"msg\":\"操作成功\",\"code\":200}', 0, NULL, '2023-11-12 11:05:39', 9);
INSERT INTO `sys_oper_log` VALUES (118, '菜单管理', 1, 'com.ruoyi.web.controller.system.SysMenuController.add()', 'POST', 1, 'admin', NULL, '/system/menu', '127.0.0.1', '内网IP', '{\"children\":[],\"component\":\"orderinfo\",\"createBy\":\"admin\",\"icon\":\"date-range\",\"isCache\":\"1\",\"isFrame\":\"1\",\"menuName\":\"订单管理\",\"menuType\":\"C\",\"orderNum\":0,\"params\":{},\"parentId\":2001,\"path\":\"order_info\",\"status\":\"0\",\"visible\":\"0\"}', '{\"msg\":\"操作成功\",\"code\":200}', 0, NULL, '2023-11-12 11:07:57', 5);
INSERT INTO `sys_oper_log` VALUES (119, '菜单管理', 1, 'com.ruoyi.web.controller.system.SysMenuController.add()', 'POST', 1, 'admin', NULL, '/system/menu', '127.0.0.1', '内网IP', '{\"children\":[],\"component\":\"containerinfo\",\"createBy\":\"admin\",\"icon\":\"checkbox\",\"isCache\":\"1\",\"isFrame\":\"1\",\"menuName\":\"集装箱管理\",\"menuType\":\"C\",\"orderNum\":0,\"params\":{},\"parentId\":2001,\"path\":\"container_info\",\"status\":\"0\",\"visible\":\"0\"}', '{\"msg\":\"操作成功\",\"code\":200}', 0, NULL, '2023-11-12 11:10:05', 6);
INSERT INTO `sys_oper_log` VALUES (120, '菜单管理', 1, 'com.ruoyi.web.controller.system.SysMenuController.add()', 'POST', 1, 'admin', NULL, '/system/menu', '127.0.0.1', '内网IP', '{\"children\":[],\"component\":\"freighterscheduling\",\"createBy\":\"admin\",\"icon\":\"edit\",\"isCache\":\"1\",\"isFrame\":\"1\",\"menuName\":\"货轮调度管理\",\"menuType\":\"C\",\"orderNum\":0,\"params\":{},\"parentId\":2001,\"path\":\"freighter_scheduling\",\"status\":\"0\",\"visible\":\"0\"}', '{\"msg\":\"操作成功\",\"code\":200}', 0, NULL, '2023-11-12 11:13:57', 5);
INSERT INTO `sys_oper_log` VALUES (121, '代码生成', 6, 'com.ruoyi.generator.controller.GenController.importTableSave()', 'POST', 1, 'admin', NULL, '/tool/gen/importTable', '127.0.0.1', '内网IP', '{\"tables\":\"wx_user\"}', '{\"msg\":\"操作成功\",\"code\":200}', 0, NULL, '2023-12-03 18:33:27', 62);
INSERT INTO `sys_oper_log` VALUES (122, '代码生成', 2, 'com.ruoyi.generator.controller.GenController.editSave()', 'PUT', 1, 'admin', NULL, '/tool/gen', '127.0.0.1', '内网IP', '{\"businessName\":\"user\",\"className\":\"WxUser\",\"columns\":[{\"capJavaField\":\"OpenId\",\"columnComment\":\"用户id\",\"columnId\":1,\"columnName\":\"open_id\",\"columnType\":\"varchar(255)\",\"createBy\":\"admin\",\"createTime\":\"2023-12-03 18:33:27\",\"dictType\":\"\",\"edit\":false,\"htmlType\":\"input\",\"increment\":false,\"insert\":true,\"isIncrement\":\"0\",\"isInsert\":\"1\",\"isPk\":\"1\",\"javaField\":\"openId\",\"javaType\":\"String\",\"list\":false,\"params\":{},\"pk\":true,\"query\":false,\"queryType\":\"EQ\",\"required\":false,\"sort\":1,\"superColumn\":false,\"tableId\":1,\"updateBy\":\"\",\"usableColumn\":false},{\"capJavaField\":\"UserName\",\"columnComment\":\"用户名\\r\\n\",\"columnId\":2,\"columnName\":\"user_name\",\"columnType\":\"varchar(255)\",\"createBy\":\"admin\",\"createTime\":\"2023-12-03 18:33:27\",\"dictType\":\"\",\"edit\":true,\"htmlType\":\"input\",\"increment\":false,\"insert\":true,\"isEdit\":\"1\",\"isIncrement\":\"0\",\"isInsert\":\"1\",\"isList\":\"1\",\"isPk\":\"0\",\"isQuery\":\"1\",\"isRequired\":\"1\",\"javaField\":\"userName\",\"javaType\":\"String\",\"list\":true,\"params\":{},\"pk\":false,\"query\":true,\"queryType\":\"LIKE\",\"required\":true,\"sort\":2,\"superColumn\":false,\"tableId\":1,\"updateBy\":\"\",\"usableColumn\":false},{\"capJavaField\":\"PhoneNumber\",\"columnComment\":\"手机号\",\"columnId\":3,\"columnName\":\"phone_number\",\"columnType\":\"varchar(255)\",\"createBy\":\"admin\",\"createTime\":\"2023-12-03 18:33:27\",\"dictType\":\"\",\"edit\":true,\"htmlType\":\"input\",\"increment\":false,\"insert\":true,\"isEdit\":\"1\",\"isIncrement\":\"0\",\"isInsert\":\"1\",\"isList\":\"1\",\"isPk\":\"0\",\"isQuery\":\"1\",\"javaField\":\"phoneNumber\",\"javaType\":\"String\",\"list\":true,\"params\":{},\"pk\":false,\"query\":true,\"queryType\":\"EQ\",\"required\":false,\"sort\":3,\"superColumn\":false,\"tableId\":1,\"updateBy\":\"\",\"usableColumn\":false},{\"capJavaField\":\"WalletBalance\",\"columnComment\":\"余额\",\"columnId\":4,\"columnName\":\"wallet_balance\",\"columnType\":\"double\",\"createBy\":\"admin\",\"createTime\":\"2023-12-03 18:33:27\",\"dictType\":\"\",\"edit\":true,\"htmlType\":\"input\",\"increment\":false,\"insert\":true,\"isEdit\":\"1\",\"isIncrement\":\"0\",\"isInsert\":\"1\",\"isList\":\"1\",\"isPk\":\"0\",\"isQuery\":\"1\",\"javaField\":\"walletBalance\",', '{\"msg\":\"操作成功\",\"code\":200}', 0, NULL, '2023-12-03 18:37:10', 28);
INSERT INTO `sys_oper_log` VALUES (123, '代码生成', 8, 'com.ruoyi.generator.controller.GenController.batchGenCode()', 'GET', 1, 'admin', NULL, '/tool/gen/batchGenCode', '127.0.0.1', '内网IP', '{\"tables\":\"wx_user\"}', NULL, 0, NULL, '2023-12-03 18:37:12', 195);
INSERT INTO `sys_oper_log` VALUES (124, '菜单管理', 2, 'com.ruoyi.web.controller.system.SysMenuController.edit()', 'PUT', 1, 'admin', NULL, '/system/menu', '127.0.0.1', '内网IP', '{\"children\":[],\"component\":\"userinfo\",\"createTime\":\"2023-11-12 10:53:44\",\"icon\":\"logininfor\",\"isCache\":\"1\",\"isFrame\":\"1\",\"menuId\":2002,\"menuName\":\"用户管理\",\"menuType\":\"C\",\"orderNum\":0,\"params\":{},\"parentId\":2001,\"path\":\"user\",\"perms\":\"\",\"status\":\"0\",\"updateBy\":\"admin\",\"visible\":\"0\"}', '{\"msg\":\"操作成功\",\"code\":200}', 0, NULL, '2023-12-04 21:59:07', 22);
INSERT INTO `sys_oper_log` VALUES (125, '菜单管理', 2, 'com.ruoyi.web.controller.system.SysMenuController.edit()', 'PUT', 1, 'admin', NULL, '/system/menu', '127.0.0.1', '内网IP', '{\"children\":[],\"component\":\"use\",\"createTime\":\"2023-11-12 10:53:44\",\"icon\":\"logininfor\",\"isCache\":\"1\",\"isFrame\":\"1\",\"menuId\":2002,\"menuName\":\"用户管理\",\"menuType\":\"C\",\"orderNum\":0,\"params\":{},\"parentId\":2001,\"path\":\"user\",\"perms\":\"\",\"status\":\"0\",\"updateBy\":\"admin\",\"visible\":\"0\"}', '{\"msg\":\"操作成功\",\"code\":200}', 0, NULL, '2023-12-04 22:03:22', 24);
INSERT INTO `sys_oper_log` VALUES (126, '菜单管理', 2, 'com.ruoyi.web.controller.system.SysMenuController.edit()', 'PUT', 1, 'admin', NULL, '/system/menu', '127.0.0.1', '内网IP', '{\"children\":[],\"component\":\"user\",\"createTime\":\"2023-11-12 10:53:44\",\"icon\":\"logininfor\",\"isCache\":\"1\",\"isFrame\":\"1\",\"menuId\":2002,\"menuName\":\"用户管理\",\"menuType\":\"C\",\"orderNum\":0,\"params\":{},\"parentId\":2001,\"path\":\"user\",\"perms\":\"\",\"status\":\"0\",\"updateBy\":\"admin\",\"visible\":\"0\"}', '{\"msg\":\"操作成功\",\"code\":200}', 0, NULL, '2023-12-04 22:03:27', 7);
INSERT INTO `sys_oper_log` VALUES (127, 'wxuser', 1, 'com.ruoyi.web.controller.user.WxUserController.add()', 'POST', 1, 'admin', NULL, '/user/user', '127.0.0.1', '内网IP', '{\"params\":{},\"phoneNumber\":\"213123\",\"userName\":\"Victrr\",\"walletBalance\":20}', NULL, 1, '\r\n### Error updating database.  Cause: java.sql.SQLException: Field \'open_id\' doesn\'t have a default value\r\n### The error may exist in file [C:\\Users\\16789\\Desktop\\总文件\\项目\\Cargo-ship-carrying-visualization-platform-system1\\cargo-user\\target\\classes\\mapper\\user\\WxUserMapper.xml]\r\n### The error may involve com.ruoyi.user.mapper.WxUserMapper.insertWxUser-Inline\r\n### The error occurred while setting parameters\r\n### SQL: insert into wx_user          ( user_name,             phone_number,             wallet_balance )           values ( ?,             ?,             ? )\r\n### Cause: java.sql.SQLException: Field \'open_id\' doesn\'t have a default value\n; Field \'open_id\' doesn\'t have a default value; nested exception is java.sql.SQLException: Field \'open_id\' doesn\'t have a default value', '2023-12-04 22:04:23', 39);
INSERT INTO `sys_oper_log` VALUES (128, 'wxuser', 3, 'com.ruoyi.web.controller.user.WxUserController.remove()', 'DELETE', 1, 'admin', NULL, '/user/user/wdwadawd', '127.0.0.1', '内网IP', '{}', '{\"msg\":\"操作成功\",\"code\":200}', 0, NULL, '2023-12-04 22:04:51', 6);
INSERT INTO `sys_oper_log` VALUES (129, 'wxuser', 2, 'com.ruoyi.web.controller.user.WxUserController.edit()', 'PUT', 1, 'admin', NULL, '/user/user', '127.0.0.1', '内网IP', '{\"openId\":\"ogj5Q6VEG1HHJMqTEebwUtIPlGBs\",\"params\":{},\"phoneNumber\":\"13236310189\",\"userName\":\"微信用户\",\"walletBalance\":0}', '{\"msg\":\"操作成功\",\"code\":200}', 0, NULL, '2023-12-06 15:25:45', 12);
INSERT INTO `sys_oper_log` VALUES (130, '菜单管理', 1, 'com.ruoyi.web.controller.system.SysMenuController.add()', 'POST', 1, 'admin', NULL, '/system/menu', '127.0.0.1', '内网IP', '{\"children\":[],\"component\":\"port\",\"createBy\":\"admin\",\"icon\":\"build\",\"isCache\":\"1\",\"isFrame\":\"1\",\"menuName\":\"港口管理\",\"menuType\":\"C\",\"orderNum\":0,\"params\":{},\"parentId\":2001,\"path\":\"port\",\"status\":\"0\",\"visible\":\"0\"}', '{\"msg\":\"操作成功\",\"code\":200}', 0, NULL, '2023-12-06 15:46:49', 115);
INSERT INTO `sys_oper_log` VALUES (131, '代码生成', 6, 'com.ruoyi.generator.controller.GenController.importTableSave()', 'POST', 1, 'admin', NULL, '/tool/gen/importTable', '127.0.0.1', '内网IP', '{\"tables\":\"b_port\"}', '{\"msg\":\"操作成功\",\"code\":200}', 0, NULL, '2023-12-06 15:47:28', 53);
INSERT INTO `sys_oper_log` VALUES (132, '代码生成', 2, 'com.ruoyi.generator.controller.GenController.editSave()', 'PUT', 1, 'admin', NULL, '/tool/gen', '127.0.0.1', '内网IP', '{\"businessName\":\"port\",\"className\":\"BPort\",\"columns\":[{\"capJavaField\":\"PortId\",\"columnComment\":\"港口id\",\"columnId\":5,\"columnName\":\"port_id\",\"columnType\":\"int\",\"createBy\":\"admin\",\"createTime\":\"2023-12-06 15:47:28\",\"dictType\":\"\",\"edit\":false,\"htmlType\":\"input\",\"increment\":false,\"insert\":true,\"isIncrement\":\"0\",\"isInsert\":\"1\",\"isPk\":\"1\",\"javaField\":\"portId\",\"javaType\":\"Long\",\"list\":false,\"params\":{},\"pk\":true,\"query\":false,\"queryType\":\"EQ\",\"required\":false,\"sort\":1,\"superColumn\":false,\"tableId\":2,\"updateBy\":\"\",\"usableColumn\":false},{\"capJavaField\":\"PortName\",\"columnComment\":\"港口名称\",\"columnId\":6,\"columnName\":\"port_name\",\"columnType\":\"varchar(255)\",\"createBy\":\"admin\",\"createTime\":\"2023-12-06 15:47:28\",\"dictType\":\"\",\"edit\":true,\"htmlType\":\"input\",\"increment\":false,\"insert\":true,\"isEdit\":\"1\",\"isIncrement\":\"0\",\"isInsert\":\"1\",\"isList\":\"1\",\"isPk\":\"0\",\"isQuery\":\"1\",\"javaField\":\"portName\",\"javaType\":\"String\",\"list\":true,\"params\":{},\"pk\":false,\"query\":true,\"queryType\":\"LIKE\",\"required\":false,\"sort\":2,\"superColumn\":false,\"tableId\":2,\"updateBy\":\"\",\"usableColumn\":false},{\"capJavaField\":\"PortLocation\",\"columnComment\":\"港口位置\",\"columnId\":7,\"columnName\":\"port_location\",\"columnType\":\"varchar(255)\",\"createBy\":\"admin\",\"createTime\":\"2023-12-06 15:47:28\",\"dictType\":\"\",\"edit\":true,\"htmlType\":\"input\",\"increment\":false,\"insert\":true,\"isEdit\":\"1\",\"isIncrement\":\"0\",\"isInsert\":\"1\",\"isList\":\"1\",\"isPk\":\"0\",\"isQuery\":\"1\",\"javaField\":\"portLocation\",\"javaType\":\"String\",\"list\":true,\"params\":{},\"pk\":false,\"query\":true,\"queryType\":\"EQ\",\"required\":false,\"sort\":3,\"superColumn\":false,\"tableId\":2,\"updateBy\":\"\",\"usableColumn\":false},{\"capJavaField\":\"PortFacilities\",\"columnComment\":\"港口设施描述\",\"columnId\":8,\"columnName\":\"port_facilities\",\"columnType\":\"varchar(255)\",\"createBy\":\"admin\",\"createTime\":\"2023-12-06 15:47:28\",\"dictType\":\"\",\"edit\":true,\"htmlType\":\"input\",\"increment\":false,\"insert\":true,\"isEdit\":\"1\",\"isIncrement\":\"0\",\"isInsert\":\"1\",\"isList\":\"1\",\"isPk\":\"0\",\"isQuery\":\"1\",\"javaField\":\"portFacilities\",\"javaType\":\"St', '{\"msg\":\"操作成功\",\"code\":200}', 0, NULL, '2023-12-06 15:49:10', 32);
INSERT INTO `sys_oper_log` VALUES (133, '代码生成', 8, 'com.ruoyi.generator.controller.GenController.batchGenCode()', 'GET', 1, 'admin', NULL, '/tool/gen/batchGenCode', '127.0.0.1', '内网IP', '{\"tables\":\"b_port\"}', NULL, 0, NULL, '2023-12-06 15:49:13', 184);
INSERT INTO `sys_oper_log` VALUES (134, '菜单管理', 3, 'com.ruoyi.web.controller.system.SysMenuController.remove()', 'DELETE', 1, 'admin', NULL, '/system/menu/2017', '127.0.0.1', '内网IP', '{}', '{\"msg\":\"存在子菜单,不允许删除\",\"code\":601}', 0, NULL, '2023-12-06 15:59:34', 10);
INSERT INTO `sys_oper_log` VALUES (135, '菜单管理', 3, 'com.ruoyi.web.controller.system.SysMenuController.remove()', 'DELETE', 1, 'admin', NULL, '/system/menu/2018', '127.0.0.1', '内网IP', '{}', '{\"msg\":\"操作成功\",\"code\":200}', 0, NULL, '2023-12-06 15:59:41', 15);
INSERT INTO `sys_oper_log` VALUES (136, '菜单管理', 3, 'com.ruoyi.web.controller.system.SysMenuController.remove()', 'DELETE', 1, 'admin', NULL, '/system/menu/2019', '127.0.0.1', '内网IP', '{}', '{\"msg\":\"操作成功\",\"code\":200}', 0, NULL, '2023-12-06 15:59:44', 15);
INSERT INTO `sys_oper_log` VALUES (137, '菜单管理', 3, 'com.ruoyi.web.controller.system.SysMenuController.remove()', 'DELETE', 1, 'admin', NULL, '/system/menu/2020', '127.0.0.1', '内网IP', '{}', '{\"msg\":\"操作成功\",\"code\":200}', 0, NULL, '2023-12-06 15:59:47', 12);
INSERT INTO `sys_oper_log` VALUES (138, '菜单管理', 3, 'com.ruoyi.web.controller.system.SysMenuController.remove()', 'DELETE', 1, 'admin', NULL, '/system/menu/2021', '127.0.0.1', '内网IP', '{}', '{\"msg\":\"操作成功\",\"code\":200}', 0, NULL, '2023-12-06 15:59:50', 11);
INSERT INTO `sys_oper_log` VALUES (139, '菜单管理', 3, 'com.ruoyi.web.controller.system.SysMenuController.remove()', 'DELETE', 1, 'admin', NULL, '/system/menu/2022', '127.0.0.1', '内网IP', '{}', '{\"msg\":\"操作成功\",\"code\":200}', 0, NULL, '2023-12-06 15:59:53', 12);
INSERT INTO `sys_oper_log` VALUES (140, '菜单管理', 3, 'com.ruoyi.web.controller.system.SysMenuController.remove()', 'DELETE', 1, 'admin', NULL, '/system/menu/2017', '127.0.0.1', '内网IP', '{}', '{\"msg\":\"操作成功\",\"code\":200}', 0, NULL, '2023-12-06 15:59:56', 10);
INSERT INTO `sys_oper_log` VALUES (141, '菜单管理', 2, 'com.ruoyi.web.controller.system.SysMenuController.edit()', 'PUT', 1, 'admin', NULL, '/system/menu', '127.0.0.1', '内网IP', '{\"children\":[],\"component\":\"port\",\"createTime\":\"2023-12-06 15:46:49\",\"icon\":\"build\",\"isCache\":\"1\",\"isFrame\":\"1\",\"menuId\":2016,\"menuName\":\"港口管理\",\"menuType\":\"C\",\"orderNum\":0,\"params\":{},\"parentId\":2001,\"path\":\"port\",\"perms\":\"\",\"status\":\"0\",\"updateBy\":\"admin\",\"visible\":\"0\"}', '{\"msg\":\"操作成功\",\"code\":200}', 0, NULL, '2023-12-06 16:00:04', 22);
INSERT INTO `sys_oper_log` VALUES (142, 'port', 1, 'com.ruoyi.web.controller.port.BPortController.add()', 'POST', 1, 'admin', NULL, '/port/port', '127.0.0.1', '内网IP', '{\"params\":{},\"portContact\":\"400-0518-999\",\"portFacilities\":\"- **航道**  30万吨级航道水深超过20米，辟有3条远洋干线、27条近洋航线、8条内支线、16条内贸线、4条海河线、2条客货班轮航线和20条杂货班轮航线，与全球150多个国家和地区、近千个港口进行通航往来；辟有至阿拉木图等中亚班列、至伊斯坦布尔等中欧班列2条精品通道和至中西部地区10条海铁联运班列，海河江、铁公水的综合交通运输体系完备，多式联运发展水平位居全国前列。   - **泊位**  1985年，连云港港有生产泊位9个，其中1万吨级以上泊位5个；仓库和堆场货物总容量23万吨；装卸机械444台，完成[货物吞吐量](https://baike.baidu.com/item/货物吞吐量/7040946?fromModule=lemma_inlink)929万吨，其中外贸货物523万吨，主要货种为煤炭。  截止2003年末，连云港港拥有生产性泊位30个，其中万吨级以上泊位25个，包括煤炭、集装箱、木材、粮食、危险品等专业码头，泊位岸线6 273米，年设计吞吐能力2 265万吨；目前已形成老港区、庙岭港区、墟沟港区三大港区，已经成为一个初具规模，大中小泊位配套，散杂货、集装箱并举，运输功能齐全，内外贸兼顾，以外贸运输为主的综合性国际贸易运输枢纽港。  截至2011年底，连云港港拥有生产性泊位59个（万吨级以上泊位40个，货物通过能力达到5803万吨，集装箱能力达341万TEU。  截至2013年末，连云港港拥有集装箱、矿石、焦炭、煤炭、散粮、液体化工等万吨级以上泊位48个，港口吞吐能力达1.1亿吨，集装箱吞吐能力达340万标箱。\",\"portImage\":\"/profile/upload/2023/12/06/连云港港_20231206160842A001.jpeg\",\"portLocation\":\"中国沿海中部的海州湾西南岸、江苏省的东北端，位于北纬34°44\'，东经119°27\'（主要港区）\",\"portName\":\"连云港港口\"}', NULL, 1, '\r\n### Error updating database.  Cause: com.mysql.cj.jdbc.exceptions.MysqlDataTruncation: Data truncation: Data too long for column \'port_facilities\' at row 1\r\n### The error may exist in file [C:\\Users\\16789\\Desktop\\总文件\\项目\\Cargo-ship-carrying-visualization-platform-system1\\cargo-port\\target\\classes\\mapper\\port\\BPortMapper.xml]\r\n### The error may involve com.ruoyi.port.mapper.BPortMapper.insertBPort-Inline\r\n### The error occurred while setting parameters\r\n### SQL: insert into b_port          ( port_name,             port_location,             port_facilities,             port_contact,             port_image )           values ( ?,             ?,             ?,             ?,             ? )\r\n### Cause: com.mysql.cj.jdbc.exceptions.MysqlDataTruncation: Data truncation: Data too long for column \'port_facilities\' at row 1\n; Data truncation: Data too long for column \'port_facilities\' at row 1; nested exception is com.mysql.cj.jdbc.exceptions.MysqlDataTruncation: Data truncation: Data too long for column \'port_facilities\' at row 1', '2023-12-06 16:08:45', 42);
INSERT INTO `sys_oper_log` VALUES (143, 'port', 1, 'com.ruoyi.web.controller.port.BPortController.add()', 'POST', 1, 'admin', NULL, '/port/port', '127.0.0.1', '内网IP', '{\"params\":{},\"portContact\":\"400-0518-999\",\"portFacilities\":\"213\",\"portImage\":\"/profile/upload/2023/12/06/连云港港_20231206160842A001.jpeg\",\"portLocation\":\"中国沿海中部的海州湾西南岸、江苏省的东北端，位于北纬34°44\'，东经119°27\'（主要港区）\",\"portName\":\"连云港港口\"}', NULL, 1, '\r\n### Error updating database.  Cause: java.sql.SQLException: Field \'port_id\' doesn\'t have a default value\r\n### The error may exist in file [C:\\Users\\16789\\Desktop\\总文件\\项目\\Cargo-ship-carrying-visualization-platform-system1\\cargo-port\\target\\classes\\mapper\\port\\BPortMapper.xml]\r\n### The error may involve com.ruoyi.port.mapper.BPortMapper.insertBPort-Inline\r\n### The error occurred while setting parameters\r\n### SQL: insert into b_port          ( port_name,             port_location,             port_facilities,             port_contact,             port_image )           values ( ?,             ?,             ?,             ?,             ? )\r\n### Cause: java.sql.SQLException: Field \'port_id\' doesn\'t have a default value\n; Field \'port_id\' doesn\'t have a default value; nested exception is java.sql.SQLException: Field \'port_id\' doesn\'t have a default value', '2023-12-06 16:08:57', 7);
INSERT INTO `sys_oper_log` VALUES (144, 'port', 1, 'com.ruoyi.web.controller.port.BPortController.add()', 'POST', 1, 'admin', NULL, '/port/port', '127.0.0.1', '内网IP', '{\"params\":{},\"portContact\":\"400-0518-999\",\"portFacilities\":\"213\",\"portImage\":\"/profile/upload/2023/12/06/连云港港_20231206160842A001.jpeg\",\"portLocation\":\"中国沿海中部的海州湾西南岸、江苏省的东北端，位于北纬34°44\'，东经119°27\'（主要港区）\",\"portName\":\"连云港港口\"}', NULL, 1, '\r\n### Error updating database.  Cause: java.sql.SQLException: Field \'port_id\' doesn\'t have a default value\r\n### The error may exist in file [C:\\Users\\16789\\Desktop\\总文件\\项目\\Cargo-ship-carrying-visualization-platform-system1\\cargo-port\\target\\classes\\mapper\\port\\BPortMapper.xml]\r\n### The error may involve com.ruoyi.port.mapper.BPortMapper.insertBPort-Inline\r\n### The error occurred while setting parameters\r\n### SQL: insert into b_port          ( port_name,             port_location,             port_facilities,             port_contact,             port_image )           values ( ?,             ?,             ?,             ?,             ? )\r\n### Cause: java.sql.SQLException: Field \'port_id\' doesn\'t have a default value\n; Field \'port_id\' doesn\'t have a default value; nested exception is java.sql.SQLException: Field \'port_id\' doesn\'t have a default value', '2023-12-06 16:09:04', 8);
INSERT INTO `sys_oper_log` VALUES (145, 'port', 1, 'com.ruoyi.web.controller.port.BPortController.add()', 'POST', 1, 'admin', NULL, '/port/port', '127.0.0.1', '内网IP', '{\"params\":{},\"portContact\":\"400-0518-999\",\"portFacilities\":\"- **航道**  30万吨级航道水深超过20米，辟有3条远洋干线、27条近洋航线、8条内支线、16条内贸线、4条海河线、2条客货班轮航线和20条杂货班轮航线，与全球150多个国家和地区、近千个港口进行通航往来；辟有至阿拉木图等中亚班列、至伊斯坦布尔等中欧班列2条精品通道和至中西部地区10条海铁联运班列，海河江、铁公水的综合交通运输体系完备，多式联运发展水平位居全国前列。   - **泊位**  1985年，连云港港有生产泊位9个，其中1万吨级以上泊位5个；仓库和堆场货物总容量23万吨；装卸机械444台，完成[货物吞吐量](https://baike.baidu.com/item/货物吞吐量/7040946?fromModule=lemma_inlink)929万吨，其中外贸货物523万吨，主要货种为煤炭。  截止2003年末，连云港港拥有生产性泊位30个，其中万吨级以上泊位25个，包括煤炭、集装箱、木材、粮食、危险品等专业码头，泊位岸线6 273米，年设计吞吐能力2 265万吨；目前已形成老港区、庙岭港区、墟沟港区三大港区，已经成为一个初具规模，大中小泊位配套，散杂货、集装箱并举，运输功能齐全，内外贸兼顾，以外贸运输为主的综合性国际贸易运输枢纽港。  截至2011年底，连云港港拥有生产性泊位59个（万吨级以上泊位40个，货物通过能力达到5803万吨，集装箱能力达341万TEU。  截至2013年末，连云港港拥有集装箱、矿石、焦炭、煤炭、散粮、液体化工等万吨级以上泊位48个，港口吞吐能力达1.1亿吨，集装箱吞吐能力达340万标箱。\",\"portImage\":\"/profile/upload/2023/12/06/连云港港_20231206160842A001.jpeg\",\"portLocation\":\"中国沿海中部的海州湾西南岸、江苏省的东北端，位于北纬34°44\'，东经119°27\'（主要港区）\",\"portName\":\"连云港港口\"}', NULL, 1, '\r\n### Error updating database.  Cause: com.mysql.cj.jdbc.exceptions.MysqlDataTruncation: Data truncation: Data too long for column \'port_facilities\' at row 1\r\n### The error may exist in file [C:\\Users\\16789\\Desktop\\总文件\\项目\\Cargo-ship-carrying-visualization-platform-system1\\cargo-port\\target\\classes\\mapper\\port\\BPortMapper.xml]\r\n### The error may involve com.ruoyi.port.mapper.BPortMapper.insertBPort-Inline\r\n### The error occurred while setting parameters\r\n### SQL: insert into b_port          ( port_name,             port_location,             port_facilities,             port_contact,             port_image )           values ( ?,             ?,             ?,             ?,             ? )\r\n### Cause: com.mysql.cj.jdbc.exceptions.MysqlDataTruncation: Data truncation: Data too long for column \'port_facilities\' at row 1\n; Data truncation: Data too long for column \'port_facilities\' at row 1; nested exception is com.mysql.cj.jdbc.exceptions.MysqlDataTruncation: Data truncation: Data too long for column \'port_facilities\' at row 1', '2023-12-06 16:10:57', 6);
INSERT INTO `sys_oper_log` VALUES (146, 'port', 1, 'com.ruoyi.web.controller.port.BPortController.add()', 'POST', 1, 'admin', NULL, '/port/port', '127.0.0.1', '内网IP', '{\"params\":{},\"portContact\":\"400-0518-999\",\"portFacilities\":\"131\",\"portImage\":\"/profile/upload/2023/12/06/连云港港_20231206161237A002.jpeg\",\"portLocation\":\"中国江苏省连云港市港口，位于太平洋西海岸、中国黄海之滨，与韩国、日本等国家主要港口相距在500海里的近洋扇面内。\",\"portName\":\"连云港港\"}', '{\"msg\":\"操作成功\",\"code\":200}', 0, NULL, '2023-12-06 16:12:41', 6);
INSERT INTO `sys_oper_log` VALUES (147, 'port', 2, 'com.ruoyi.web.controller.port.BPortController.edit()', 'PUT', 1, 'admin', NULL, '/port/port', '127.0.0.1', '内网IP', '{\"params\":{},\"portContact\":\"400-0518-999\",\"portFacilities\":\"- **航道**  30万吨级航道水深超过20米，辟有3条远洋干线、27条近洋航线、8条内支线、16条内贸线、4条海河线、2条客货班轮航线和20条杂货班轮航线，与全球150多个国家和地区、近千个港口进行通航往来；辟有至阿拉木图等中亚班列、至伊斯坦布尔等中欧班列2条精品通道和至中西部地区10条海铁联运班列，海河江、铁公水的综合交通运输体系完备，多式联运发展水平位居全国前列。   - **泊位**  截至2013年末，连云港港拥有集装箱、矿石、焦炭、煤炭、散粮、液体化工等万吨级以上泊位48个，港口吞吐能力达1.1亿吨，集装箱吞吐能力达340万标箱。\",\"portId\":1,\"portImage\":\"/profile/upload/2023/12/06/连云港港_20231206161237A002.jpeg\",\"portLocation\":\"中国江苏省连云港市港口，位于太平洋西海岸、中国黄海之滨，与韩国、日本等国家主要港口相距在500海里的近洋扇面内。\",\"portName\":\"连云港港\"}', NULL, 1, '\r\n### Error updating database.  Cause: com.mysql.cj.jdbc.exceptions.MysqlDataTruncation: Data truncation: Data too long for column \'port_facilities\' at row 1\r\n### The error may exist in file [C:\\Users\\16789\\Desktop\\总文件\\项目\\Cargo-ship-carrying-visualization-platform-system1\\cargo-port\\target\\classes\\mapper\\port\\BPortMapper.xml]\r\n### The error may involve com.ruoyi.port.mapper.BPortMapper.updateBPort-Inline\r\n### The error occurred while setting parameters\r\n### SQL: update b_port          SET port_name = ?,             port_location = ?,             port_facilities = ?,             port_contact = ?,             port_image = ?          where port_id = ?\r\n### Cause: com.mysql.cj.jdbc.exceptions.MysqlDataTruncation: Data truncation: Data too long for column \'port_facilities\' at row 1\n; Data truncation: Data too long for column \'port_facilities\' at row 1; nested exception is com.mysql.cj.jdbc.exceptions.MysqlDataTruncation: Data truncation: Data too long for column \'port_facilities\' at row 1', '2023-12-06 16:14:46', 3);
INSERT INTO `sys_oper_log` VALUES (148, '代码生成', 2, 'com.ruoyi.generator.controller.GenController.editSave()', 'PUT', 1, 'admin', NULL, '/tool/gen', '127.0.0.1', '内网IP', '{\"businessName\":\"port\",\"className\":\"BPort\",\"columns\":[{\"capJavaField\":\"PortId\",\"columnComment\":\"港口id\",\"columnId\":5,\"columnName\":\"port_id\",\"columnType\":\"int\",\"createBy\":\"admin\",\"createTime\":\"2023-12-06 15:47:28\",\"dictType\":\"\",\"edit\":false,\"htmlType\":\"input\",\"increment\":false,\"insert\":true,\"isIncrement\":\"0\",\"isInsert\":\"1\",\"isPk\":\"1\",\"javaField\":\"portId\",\"javaType\":\"Long\",\"list\":false,\"params\":{},\"pk\":true,\"query\":false,\"queryType\":\"EQ\",\"required\":false,\"sort\":1,\"superColumn\":false,\"tableId\":2,\"updateBy\":\"\",\"updateTime\":\"2023-12-06 15:49:10\",\"usableColumn\":false},{\"capJavaField\":\"PortName\",\"columnComment\":\"港口名称\",\"columnId\":6,\"columnName\":\"port_name\",\"columnType\":\"varchar(255)\",\"createBy\":\"admin\",\"createTime\":\"2023-12-06 15:47:28\",\"dictType\":\"\",\"edit\":true,\"htmlType\":\"input\",\"increment\":false,\"insert\":true,\"isEdit\":\"1\",\"isIncrement\":\"0\",\"isInsert\":\"1\",\"isList\":\"1\",\"isPk\":\"0\",\"isQuery\":\"1\",\"javaField\":\"portName\",\"javaType\":\"String\",\"list\":true,\"params\":{},\"pk\":false,\"query\":true,\"queryType\":\"LIKE\",\"required\":false,\"sort\":2,\"superColumn\":false,\"tableId\":2,\"updateBy\":\"\",\"updateTime\":\"2023-12-06 15:49:10\",\"usableColumn\":false},{\"capJavaField\":\"PortLocation\",\"columnComment\":\"港口位置\",\"columnId\":7,\"columnName\":\"port_location\",\"columnType\":\"varchar(255)\",\"createBy\":\"admin\",\"createTime\":\"2023-12-06 15:47:28\",\"dictType\":\"\",\"edit\":true,\"htmlType\":\"textarea\",\"increment\":false,\"insert\":true,\"isEdit\":\"1\",\"isIncrement\":\"0\",\"isInsert\":\"1\",\"isList\":\"1\",\"isPk\":\"0\",\"isQuery\":\"1\",\"javaField\":\"portLocation\",\"javaType\":\"String\",\"list\":true,\"params\":{},\"pk\":false,\"query\":true,\"queryType\":\"EQ\",\"required\":false,\"sort\":3,\"superColumn\":false,\"tableId\":2,\"updateBy\":\"\",\"updateTime\":\"2023-12-06 15:49:10\",\"usableColumn\":false},{\"capJavaField\":\"PortFacilities\",\"columnComment\":\"港口设施描述\",\"columnId\":8,\"columnName\":\"port_facilities\",\"columnType\":\"varchar(255)\",\"createBy\":\"admin\",\"createTime\":\"2023-12-06 15:47:28\",\"dictType\":\"\",\"edit\":true,\"htmlType\":\"textarea\",\"increment\":false,\"insert\":true,\"isEdit\":\"1\",\"is', '{\"msg\":\"操作成功\",\"code\":200}', 0, NULL, '2023-12-06 16:15:46', 34);
INSERT INTO `sys_oper_log` VALUES (149, '代码生成', 8, 'com.ruoyi.generator.controller.GenController.batchGenCode()', 'GET', 1, 'admin', NULL, '/tool/gen/batchGenCode', '127.0.0.1', '内网IP', '{\"tables\":\"b_port\"}', NULL, 0, NULL, '2023-12-06 16:15:50', 190);
INSERT INTO `sys_oper_log` VALUES (150, 'port', 2, 'com.ruoyi.web.controller.port.BPortController.edit()', 'PUT', 1, 'admin', NULL, '/port/port', '127.0.0.1', '内网IP', '{\"params\":{},\"portContact\":\"400-0518-999\",\"portFacilities\":\"- **航道**\\n\\n30万吨级航道水深超过20米，辟有3条远洋干线、27条近洋航线、8条内支线、16条内贸线、4条海河线、2条客货班轮航线和20条杂货班轮航线，与全球150多个国家和地区、近千个港口进行通航往来；辟有至阿拉木图等中亚班列、至伊斯坦布尔等中欧班列2条精品通道和至中西部地区10条海铁联运班列，海河江、铁公水的综合交通运输体系完备，多式联运发展水平位居全国前列。 \\n\\n- **泊位**\\n\\n截至2013年末，连云港港拥有集装箱、矿石、焦炭、煤炭、散粮、液体化工等万吨级以上泊位48个，港口吞吐能力达1.1亿吨，集装箱吞吐能力达340万标箱。\",\"portId\":1,\"portImage\":\"/profile/upload/2023/12/06/连云港港_20231206161237A002.jpeg\",\"portLocation\":\"中国江苏省连云港市港口，位于太平洋西海岸、中国黄海之滨，与韩国、日本等国家主要港口相距在500海里的近洋扇面内。\",\"portName\":\"连云港港\"}', NULL, 1, '\r\n### Error updating database.  Cause: com.mysql.cj.jdbc.exceptions.MysqlDataTruncation: Data truncation: Data too long for column \'port_facilities\' at row 1\r\n### The error may exist in file [C:\\Users\\16789\\Desktop\\总文件\\项目\\Cargo-ship-carrying-visualization-platform-system1\\cargo-port\\target\\classes\\mapper\\port\\BPortMapper.xml]\r\n### The error may involve com.ruoyi.port.mapper.BPortMapper.updateBPort-Inline\r\n### The error occurred while setting parameters\r\n### SQL: update b_port          SET port_name = ?,             port_location = ?,             port_facilities = ?,             port_contact = ?,             port_image = ?          where port_id = ?\r\n### Cause: com.mysql.cj.jdbc.exceptions.MysqlDataTruncation: Data truncation: Data too long for column \'port_facilities\' at row 1\n; Data truncation: Data too long for column \'port_facilities\' at row 1; nested exception is com.mysql.cj.jdbc.exceptions.MysqlDataTruncation: Data truncation: Data too long for column \'port_facilities\' at row 1', '2023-12-06 16:17:32', 5);
INSERT INTO `sys_oper_log` VALUES (151, 'port', 2, 'com.ruoyi.web.controller.port.BPortController.edit()', 'PUT', 1, 'admin', NULL, '/port/port', '127.0.0.1', '内网IP', '{\"params\":{},\"portContact\":\"400-0518-999\",\"portFacilities\":\"- **航道**\\n\\n30万吨级航道水深超过20米，辟有3条远洋干线、27条近洋航线、8条内支线、16条内贸线、4条海河线、2条客货班轮航线和20条杂货班轮航线，与全球150多个国家和地区、近千个港口进行通航往来；辟有至阿拉木图等中亚班列、至伊斯坦布尔等中欧班列2条精品通道和至中西部地区10条海铁联运班列，海河江、铁公水的综合交通运输体系完备，多式联运发展水平位居全国前列。 \\n\\n- **泊位**\\n\\n截至2013年末，连云港港拥有集装箱、矿石、焦炭、煤炭、散粮、液体化工等万吨级以上泊位48个，港口吞吐能力达1.1亿吨，集装箱吞吐能力达340万标箱。\",\"portId\":1,\"portImage\":\"/profile/upload/2023/12/06/连云港港_20231206161237A002.jpeg\",\"portLocation\":\"中国江苏省连云港市港口，位于太平洋西海岸、中国黄海之滨，与韩国、日本等国家主要港口相距在500海里的近洋扇面内。\",\"portName\":\"连云港港\"}', NULL, 1, '\r\n### Error updating database.  Cause: com.mysql.cj.jdbc.exceptions.MysqlDataTruncation: Data truncation: Data too long for column \'port_facilities\' at row 1\r\n### The error may exist in file [C:\\Users\\16789\\Desktop\\总文件\\项目\\Cargo-ship-carrying-visualization-platform-system1\\cargo-port\\target\\classes\\mapper\\port\\BPortMapper.xml]\r\n### The error may involve com.ruoyi.port.mapper.BPortMapper.updateBPort-Inline\r\n### The error occurred while setting parameters\r\n### SQL: update b_port          SET port_name = ?,             port_location = ?,             port_facilities = ?,             port_contact = ?,             port_image = ?          where port_id = ?\r\n### Cause: com.mysql.cj.jdbc.exceptions.MysqlDataTruncation: Data truncation: Data too long for column \'port_facilities\' at row 1\n; Data truncation: Data too long for column \'port_facilities\' at row 1; nested exception is com.mysql.cj.jdbc.exceptions.MysqlDataTruncation: Data truncation: Data too long for column \'port_facilities\' at row 1', '2023-12-06 16:19:11', 83);
INSERT INTO `sys_oper_log` VALUES (152, 'port', 2, 'com.ruoyi.web.controller.port.BPortController.edit()', 'PUT', 1, 'admin', NULL, '/port/port', '127.0.0.1', '内网IP', '{\"params\":{},\"portContact\":\"400-0518-999\",\"portFacilities\":\"达瓦达瓦大\",\"portId\":1,\"portImage\":\"/profile/upload/2023/12/06/连云港港_20231206161237A002.jpeg\",\"portLocation\":\"中国江苏省连云港市港口，位于太平洋西海岸、中国黄海之滨，与韩国、日本等国家主要港口相距在500海里的近洋扇面内。\",\"portName\":\"连云港港\"}', '{\"msg\":\"操作成功\",\"code\":200}', 0, NULL, '2023-12-06 16:19:26', 9);
INSERT INTO `sys_oper_log` VALUES (153, 'port', 2, 'com.ruoyi.web.controller.port.BPortController.edit()', 'PUT', 1, 'admin', NULL, '/port/port', '127.0.0.1', '内网IP', '{\"params\":{},\"portContact\":\"400-0518-999\",\"portFacilities\":\"- **航道**\\n\\n30万吨级航道水深超过20米，辟有3条远洋干线、27条近洋航线、8条内支线、16条内贸线、4条海河线、2条客货班轮航线和20条杂货班轮航线，与全球150多个国家和地区、近千个港口进行通航往来；辟有至阿拉木图等中亚班列、至伊斯坦布尔等中欧班列2条精品通道和至中西部地区10条海铁联运班列，海河江、铁公水的综合交通运输体系完备，多式联运发展水平位居全国前列。 \\n\\n- **泊位**\\n\\n截至2013年末，连云港港拥有集装箱、矿石、焦炭、煤炭、散粮、液体化工等万吨级以上泊位48个，港口吞吐能力达1.1亿吨，集装箱吞吐能力达340万标箱。\",\"portId\":1,\"portImage\":\"/profile/upload/2023/12/06/连云港港_20231206161237A002.jpeg\",\"portLocation\":\"中国江苏省连云港市港口，位于太平洋西海岸、中国黄海之滨，与韩国、日本等国家主要港口相距在500海里的近洋扇面内。\",\"portName\":\"连云港港\"}', NULL, 1, '\r\n### Error updating database.  Cause: com.mysql.cj.jdbc.exceptions.MysqlDataTruncation: Data truncation: Data too long for column \'port_facilities\' at row 1\r\n### The error may exist in file [C:\\Users\\16789\\Desktop\\总文件\\项目\\Cargo-ship-carrying-visualization-platform-system1\\cargo-port\\target\\classes\\mapper\\port\\BPortMapper.xml]\r\n### The error may involve com.ruoyi.port.mapper.BPortMapper.updateBPort-Inline\r\n### The error occurred while setting parameters\r\n### SQL: update b_port          SET port_name = ?,             port_location = ?,             port_facilities = ?,             port_contact = ?,             port_image = ?          where port_id = ?\r\n### Cause: com.mysql.cj.jdbc.exceptions.MysqlDataTruncation: Data truncation: Data too long for column \'port_facilities\' at row 1\n; Data truncation: Data too long for column \'port_facilities\' at row 1; nested exception is com.mysql.cj.jdbc.exceptions.MysqlDataTruncation: Data truncation: Data too long for column \'port_facilities\' at row 1', '2023-12-06 16:19:32', 6);
INSERT INTO `sys_oper_log` VALUES (154, 'port', 2, 'com.ruoyi.web.controller.port.BPortController.edit()', 'PUT', 1, 'admin', NULL, '/port/port', '127.0.0.1', '内网IP', '{\"params\":{},\"portContact\":\"400-0518-999\",\"portFacilities\":\"- **航道**\\n\\n30万吨级航道水深超过20米，辟有3条远洋干线、27条近洋航线、8条内支线、16条内贸线、4条海河线、2条客货班轮航线和20条杂货班轮航线，与全球150多个国家和地区、近千个港口进行通航往来；辟有至阿拉木图等中亚班列、至伊斯坦布尔等中欧班列2条精品通道和至中西部地区10条海铁联运班列，海河江、铁公水的综合交通运输体系完备，多式联运发展水平位居全国前列。 \\n\\n- **泊位**\\n\\n截至2013年末，连云港港拥有集装箱、矿石、焦炭、煤炭、散粮、液体化工等万吨级以上泊位48个，港口吞吐能力达1.1亿吨，集装箱吞吐能力达340万标箱。\",\"portId\":1,\"portImage\":\"/profile/upload/2023/12/06/连云港港_20231206161237A002.jpeg\",\"portLocation\":\"中国江苏省连云港市港口，位于太平洋西海岸、中国黄海之滨，与韩国、日本等国家主要港口相距在500海里的近洋扇面内。\",\"portName\":\"连云港港\"}', NULL, 1, '\r\n### Error updating database.  Cause: com.mysql.cj.jdbc.exceptions.MysqlDataTruncation: Data truncation: Data too long for column \'port_facilities\' at row 1\r\n### The error may exist in file [C:\\Users\\16789\\Desktop\\总文件\\项目\\Cargo-ship-carrying-visualization-platform-system1\\cargo-port\\target\\classes\\mapper\\port\\BPortMapper.xml]\r\n### The error may involve com.ruoyi.port.mapper.BPortMapper.updateBPort-Inline\r\n### The error occurred while setting parameters\r\n### SQL: update b_port          SET port_name = ?,             port_location = ?,             port_facilities = ?,             port_contact = ?,             port_image = ?          where port_id = ?\r\n### Cause: com.mysql.cj.jdbc.exceptions.MysqlDataTruncation: Data truncation: Data too long for column \'port_facilities\' at row 1\n; Data truncation: Data too long for column \'port_facilities\' at row 1; nested exception is com.mysql.cj.jdbc.exceptions.MysqlDataTruncation: Data truncation: Data too long for column \'port_facilities\' at row 1', '2023-12-06 16:19:39', 3);
INSERT INTO `sys_oper_log` VALUES (155, 'port', 2, 'com.ruoyi.web.controller.port.BPortController.edit()', 'PUT', 1, 'admin', NULL, '/port/port', '127.0.0.1', '内网IP', '{\"params\":{},\"portContact\":\"400-0518-999\",\"portFacilities\":\"30万吨级航道水深超过20米，辟有3条远洋干线、27条近洋航线、8条内支线、16条内贸线、4条海河线、2条客货班轮航线和20条杂货班轮航线，与全球150多个国家和地区、近千个港口进行通航往来；辟有至阿拉木图等中亚班列、至伊斯坦布尔等中欧班列2条精品通道和至中西部地区10条海铁联运班列，海河江、铁公水的综合交通运输体系完备，多式联运发展水平位居全国前列。截至2013年末，连云港港拥有集装箱、矿石、焦炭、煤炭、散粮、液体化工等万吨级以上泊位48个，港口吞吐能力达1.1亿吨，集装箱吞吐能力达340万标箱。\",\"portId\":1,\"portImage\":\"/profile/upload/2023/12/06/连云港港_20231206161237A002.jpeg\",\"portLocation\":\"中国江苏省连云港市港口，位于太平洋西海岸、中国黄海之滨，与韩国、日本等国家主要港口相距在500海里的近洋扇面内。\",\"portName\":\"连云港港\"}', '{\"msg\":\"操作成功\",\"code\":200}', 0, NULL, '2023-12-06 16:20:33', 14);
INSERT INTO `sys_oper_log` VALUES (156, 'port', 2, 'com.ruoyi.web.controller.port.BPortController.edit()', 'PUT', 1, 'admin', NULL, '/port/port', '127.0.0.1', '内网IP', '{\"params\":{},\"portContact\":\"400-0518-999\",\"portFacilities\":\"截至2013年末，连云港港拥有集装箱、矿石、焦炭、煤炭、散粮、液体化工等万吨级以上泊位48个，港口吞吐能力达1.1亿吨，集装箱吞吐能力达340万标箱。\",\"portId\":1,\"portImage\":\"/profile/upload/2023/12/06/连云港港_20231206161237A002.jpeg\",\"portLocation\":\"中国江苏省连云港市港口，位于太平洋西海岸、中国黄海之滨，与韩国、日本等国家主要港口相距在500海里的近洋扇面内。\",\"portName\":\"连云港港\"}', '{\"msg\":\"操作成功\",\"code\":200}', 0, NULL, '2023-12-06 16:21:02', 8);
INSERT INTO `sys_oper_log` VALUES (157, 'port', 2, 'com.ruoyi.web.controller.port.BPortController.edit()', 'PUT', 1, 'admin', NULL, '/port/port', '127.0.0.1', '内网IP', '{\"params\":{},\"portContact\":\"400-0518-999\",\"portFacilities\":\"截至2013年末，连云港港拥有集装箱、矿石、焦炭、煤炭、散粮、液体化工等万吨级以上泊位48个，港口吞吐能力达1.1亿吨，集装箱吞吐能力达340万标箱。\",\"portId\":1,\"portImage\":\"/profile/upload/2023/12/06/连云港港_20231206161237A002.jpeg\",\"portLocation\":\"连云港港位于中国沿海中部的海州湾西南岸、江苏省的东北端，位于北纬34°44\'，东经119°27\'（主要港区）。\",\"portName\":\"连云港港\"}', '{\"msg\":\"操作成功\",\"code\":200}', 0, NULL, '2023-12-06 16:22:02', 13);
INSERT INTO `sys_oper_log` VALUES (158, '代码生成', 6, 'com.ruoyi.generator.controller.GenController.importTableSave()', 'POST', 1, 'admin', NULL, '/tool/gen/importTable', '127.0.0.1', '内网IP', '{\"tables\":\"b_route\"}', '{\"msg\":\"操作成功\",\"code\":200}', 0, NULL, '2023-12-06 16:37:43', 46);
INSERT INTO `sys_oper_log` VALUES (159, '代码生成', 2, 'com.ruoyi.generator.controller.GenController.editSave()', 'PUT', 1, 'admin', NULL, '/tool/gen', '127.0.0.1', '内网IP', '{\"businessName\":\"route\",\"className\":\"BRoute\",\"columns\":[{\"capJavaField\":\"RouteId\",\"columnComment\":\"航线id\",\"columnId\":11,\"columnName\":\"route_id\",\"columnType\":\"int\",\"createBy\":\"admin\",\"createTime\":\"2023-12-06 16:37:43\",\"dictType\":\"\",\"edit\":false,\"htmlType\":\"input\",\"increment\":true,\"insert\":true,\"isIncrement\":\"1\",\"isInsert\":\"1\",\"isPk\":\"1\",\"javaField\":\"routeId\",\"javaType\":\"Long\",\"list\":false,\"params\":{},\"pk\":true,\"query\":false,\"queryType\":\"EQ\",\"required\":false,\"sort\":1,\"superColumn\":false,\"tableId\":3,\"updateBy\":\"\",\"usableColumn\":false},{\"capJavaField\":\"DeparturePort\",\"columnComment\":\"出发港口\",\"columnId\":12,\"columnName\":\"departure_port\",\"columnType\":\"varchar(255)\",\"createBy\":\"admin\",\"createTime\":\"2023-12-06 16:37:43\",\"dictType\":\"\",\"edit\":true,\"htmlType\":\"input\",\"increment\":false,\"insert\":true,\"isEdit\":\"1\",\"isIncrement\":\"0\",\"isInsert\":\"1\",\"isList\":\"1\",\"isPk\":\"0\",\"isQuery\":\"1\",\"javaField\":\"departurePort\",\"javaType\":\"String\",\"list\":true,\"params\":{},\"pk\":false,\"query\":true,\"queryType\":\"EQ\",\"required\":false,\"sort\":2,\"superColumn\":false,\"tableId\":3,\"updateBy\":\"\",\"usableColumn\":false},{\"capJavaField\":\"DestinationPort\",\"columnComment\":\"目的港口\",\"columnId\":13,\"columnName\":\"destination_port\",\"columnType\":\"varchar(255)\",\"createBy\":\"admin\",\"createTime\":\"2023-12-06 16:37:43\",\"dictType\":\"\",\"edit\":true,\"htmlType\":\"input\",\"increment\":false,\"insert\":true,\"isEdit\":\"1\",\"isIncrement\":\"0\",\"isInsert\":\"1\",\"isList\":\"1\",\"isPk\":\"0\",\"isQuery\":\"1\",\"javaField\":\"destinationPort\",\"javaType\":\"String\",\"list\":true,\"params\":{},\"pk\":false,\"query\":true,\"queryType\":\"EQ\",\"required\":false,\"sort\":3,\"superColumn\":false,\"tableId\":3,\"updateBy\":\"\",\"usableColumn\":false},{\"capJavaField\":\"RouteDistance\",\"columnComment\":\"航线距离\",\"columnId\":14,\"columnName\":\"route_distance\",\"columnType\":\"double\",\"createBy\":\"admin\",\"createTime\":\"2023-12-06 16:37:43\",\"dictType\":\"\",\"edit\":true,\"htmlType\":\"input\",\"increment\":false,\"insert\":true,\"isEdit\":\"1\",\"isIncrement\":\"0\",\"isInsert\":\"1\",\"isList\":\"1\",\"isPk\":\"0\",\"isQuery\":\"1\",\"javaField\":\"routeDista', '{\"msg\":\"操作成功\",\"code\":200}', 0, NULL, '2023-12-06 16:39:23', 28);
INSERT INTO `sys_oper_log` VALUES (160, '代码生成', 8, 'com.ruoyi.generator.controller.GenController.batchGenCode()', 'GET', 1, 'admin', NULL, '/tool/gen/batchGenCode', '127.0.0.1', '内网IP', '{\"tables\":\"b_route\"}', NULL, 0, NULL, '2023-12-06 16:39:27', 145);
INSERT INTO `sys_oper_log` VALUES (161, '代码生成', 2, 'com.ruoyi.generator.controller.GenController.editSave()', 'PUT', 1, 'admin', NULL, '/tool/gen', '127.0.0.1', '内网IP', '{\"businessName\":\"route\",\"className\":\"BRoute\",\"columns\":[{\"capJavaField\":\"RouteId\",\"columnComment\":\"航线id\",\"columnId\":11,\"columnName\":\"route_id\",\"columnType\":\"int\",\"createBy\":\"admin\",\"createTime\":\"2023-12-06 16:37:43\",\"dictType\":\"\",\"edit\":false,\"htmlType\":\"input\",\"increment\":true,\"insert\":true,\"isIncrement\":\"1\",\"isInsert\":\"1\",\"isPk\":\"1\",\"javaField\":\"routeId\",\"javaType\":\"Long\",\"list\":false,\"params\":{},\"pk\":true,\"query\":false,\"queryType\":\"EQ\",\"required\":false,\"sort\":1,\"superColumn\":false,\"tableId\":3,\"updateBy\":\"\",\"updateTime\":\"2023-12-06 16:39:23\",\"usableColumn\":false},{\"capJavaField\":\"DeparturePort\",\"columnComment\":\"出发港口\",\"columnId\":12,\"columnName\":\"departure_port\",\"columnType\":\"varchar(255)\",\"createBy\":\"admin\",\"createTime\":\"2023-12-06 16:37:43\",\"dictType\":\"\",\"edit\":true,\"htmlType\":\"input\",\"increment\":false,\"insert\":true,\"isEdit\":\"1\",\"isIncrement\":\"0\",\"isInsert\":\"1\",\"isList\":\"1\",\"isPk\":\"0\",\"isQuery\":\"1\",\"javaField\":\"departurePort\",\"javaType\":\"String\",\"list\":true,\"params\":{},\"pk\":false,\"query\":true,\"queryType\":\"EQ\",\"required\":false,\"sort\":2,\"superColumn\":false,\"tableId\":3,\"updateBy\":\"\",\"updateTime\":\"2023-12-06 16:39:23\",\"usableColumn\":false},{\"capJavaField\":\"DestinationPort\",\"columnComment\":\"目的港口\",\"columnId\":13,\"columnName\":\"destination_port\",\"columnType\":\"varchar(255)\",\"createBy\":\"admin\",\"createTime\":\"2023-12-06 16:37:43\",\"dictType\":\"\",\"edit\":true,\"htmlType\":\"input\",\"increment\":false,\"insert\":true,\"isEdit\":\"1\",\"isIncrement\":\"0\",\"isInsert\":\"1\",\"isList\":\"1\",\"isPk\":\"0\",\"isQuery\":\"1\",\"javaField\":\"destinationPort\",\"javaType\":\"String\",\"list\":true,\"params\":{},\"pk\":false,\"query\":true,\"queryType\":\"EQ\",\"required\":false,\"sort\":3,\"superColumn\":false,\"tableId\":3,\"updateBy\":\"\",\"updateTime\":\"2023-12-06 16:39:23\",\"usableColumn\":false},{\"capJavaField\":\"RouteDistance\",\"columnComment\":\"航线距离\",\"columnId\":14,\"columnName\":\"route_distance\",\"columnType\":\"double\",\"createBy\":\"admin\",\"createTime\":\"2023-12-06 16:37:43\",\"dictType\":\"\",\"edit\":true,\"htmlType\":\"input\",\"increment\":false,\"insert\":true,\"i', '{\"msg\":\"操作成功\",\"code\":200}', 0, NULL, '2023-12-06 16:41:07', 15);
INSERT INTO `sys_oper_log` VALUES (162, '代码生成', 8, 'com.ruoyi.generator.controller.GenController.batchGenCode()', 'GET', 1, 'admin', NULL, '/tool/gen/batchGenCode', '127.0.0.1', '内网IP', '{\"tables\":\"b_route\"}', NULL, 0, NULL, '2023-12-06 16:41:09', 38);
INSERT INTO `sys_oper_log` VALUES (163, '代码生成', 8, 'com.ruoyi.generator.controller.GenController.batchGenCode()', 'GET', 1, 'admin', NULL, '/tool/gen/batchGenCode', '127.0.0.1', '内网IP', '{\"tables\":\"b_route\"}', NULL, 0, NULL, '2023-12-06 16:41:37', 29);
INSERT INTO `sys_oper_log` VALUES (164, 'route', 1, 'com.ruoyi.web.controller.route.BRouteController.add()', 'POST', 1, 'admin', NULL, '/route/route', '127.0.0.1', '内网IP', '{\"departurePort\":\"连云港港\",\"destinationPort\":\"上海港\",\"estimatedDuration\":20,\"params\":{},\"routeDistance\":10,\"routeId\":1}', '{\"msg\":\"操作成功\",\"code\":200}', 0, NULL, '2023-12-06 16:49:16', 104);
INSERT INTO `sys_oper_log` VALUES (165, 'port', 2, 'com.ruoyi.web.controller.port.BPortController.edit()', 'PUT', 1, 'admin', NULL, '/port/port', '127.0.0.1', '内网IP', '{\"params\":{},\"portContact\":\"400-0518-999\",\"portFacilities\":\"截至2013年末，连云港港拥有集装箱、矿石、焦炭、煤炭、散粮、液体化工等万吨级以上泊位48个，港口吞吐能力达1.1亿吨，集装箱吞吐能力达340万标箱。\",\"portId\":1,\"portImage\":\"/profile/upload/2023/12/06/连云港港_20231206161237A002.jpeg\",\"portLocation\":\"连云港港位于中国沿海中部的海州湾西南岸、江苏省的东北端，位于北纬34°44\'，东经119°27\'（主要港区）。\",\"portName\":\"连云港港\"}', '{\"msg\":\"操作成功\",\"code\":200}', 0, NULL, '2023-12-06 22:37:27', 10);
INSERT INTO `sys_oper_log` VALUES (166, '菜单管理', 1, 'com.ruoyi.web.controller.system.SysMenuController.add()', 'POST', 1, 'admin', NULL, '/system/menu', '127.0.0.1', '内网IP', '{\"children\":[],\"icon\":\"date-range\",\"isCache\":\"0\",\"isFrame\":\"1\",\"menuName\":\"用户管理\",\"menuType\":\"M\",\"orderNum\":0,\"params\":{},\"parentId\":2001,\"path\":\"userinfo\",\"status\":\"0\",\"visible\":\"0\"}', '{\"msg\":\"新增菜单\'用户管理\'失败，菜单名称已存在\",\"code\":500}', 0, NULL, '2023-12-08 12:28:37', 26);
INSERT INTO `sys_oper_log` VALUES (167, '菜单管理', 1, 'com.ruoyi.web.controller.system.SysMenuController.add()', 'POST', 1, 'admin', NULL, '/system/menu', '127.0.0.1', '内网IP', '{\"children\":[],\"createBy\":\"admin\",\"icon\":\"date-range\",\"isCache\":\"0\",\"isFrame\":\"1\",\"menuName\":\"用户的管理\",\"menuType\":\"M\",\"orderNum\":0,\"params\":{},\"parentId\":2001,\"path\":\"userinfo\",\"status\":\"0\",\"visible\":\"0\"}', '{\"msg\":\"操作成功\",\"code\":200}', 0, NULL, '2023-12-08 12:28:51', 22);
INSERT INTO `sys_oper_log` VALUES (168, '菜单管理', 1, 'com.ruoyi.web.controller.system.SysMenuController.add()', 'POST', 1, 'admin', NULL, '/system/menu', '127.0.0.1', '内网IP', '{\"children\":[],\"component\":\"shippcom\",\"createBy\":\"admin\",\"icon\":\"example\",\"isCache\":\"1\",\"isFrame\":\"1\",\"menuName\":\"船舶公司管理\",\"menuType\":\"C\",\"orderNum\":0,\"params\":{},\"parentId\":2029,\"path\":\"shippcom\",\"query\":\"shippcompany\",\"status\":\"0\",\"visible\":\"0\"}', '{\"msg\":\"操作成功\",\"code\":200}', 0, NULL, '2023-12-08 12:32:47', 16);
INSERT INTO `sys_oper_log` VALUES (169, '菜单管理', 2, 'com.ruoyi.web.controller.system.SysMenuController.edit()', 'PUT', 1, 'admin', NULL, '/system/menu', '127.0.0.1', '内网IP', '{\"children\":[],\"component\":\"user\",\"createTime\":\"2023-11-12 10:53:44\",\"icon\":\"logininfor\",\"isCache\":\"1\",\"isFrame\":\"1\",\"menuId\":2002,\"menuName\":\"微信用户管理\",\"menuType\":\"C\",\"orderNum\":0,\"params\":{},\"parentId\":2029,\"path\":\"user\",\"perms\":\"\",\"status\":\"0\",\"updateBy\":\"admin\",\"visible\":\"0\"}', '{\"msg\":\"操作成功\",\"code\":200}', 0, NULL, '2023-12-08 12:34:43', 10);
INSERT INTO `sys_oper_log` VALUES (170, '菜单管理', 2, 'com.ruoyi.web.controller.system.SysMenuController.edit()', 'PUT', 1, 'admin', NULL, '/system/menu', '127.0.0.1', '内网IP', '{\"children\":[],\"createTime\":\"2023-12-08 12:28:51\",\"icon\":\"date-range\",\"isCache\":\"0\",\"isFrame\":\"1\",\"menuId\":2029,\"menuName\":\"用户管理\",\"menuType\":\"M\",\"orderNum\":0,\"params\":{},\"parentId\":2001,\"path\":\"userinfo\",\"perms\":\"\",\"status\":\"0\",\"updateBy\":\"admin\",\"visible\":\"0\"}', '{\"msg\":\"操作成功\",\"code\":200}', 0, NULL, '2023-12-08 12:35:29', 12);
INSERT INTO `sys_oper_log` VALUES (171, '代码生成', 3, 'com.ruoyi.generator.controller.GenController.remove()', 'DELETE', 1, 'admin', NULL, '/tool/gen/1', '127.0.0.1', '内网IP', '{}', '{\"msg\":\"操作成功\",\"code\":200}', 0, NULL, '2023-12-08 14:01:48', 43);
INSERT INTO `sys_oper_log` VALUES (172, '代码生成', 6, 'com.ruoyi.generator.controller.GenController.importTableSave()', 'POST', 1, 'admin', NULL, '/tool/gen/importTable', '127.0.0.1', '内网IP', '{\"tables\":\"wx_user\"}', '{\"msg\":\"操作成功\",\"code\":200}', 0, NULL, '2023-12-08 14:01:54', 68);
INSERT INTO `sys_oper_log` VALUES (173, '代码生成', 2, 'com.ruoyi.generator.controller.GenController.editSave()', 'PUT', 1, 'admin', NULL, '/tool/gen', '127.0.0.1', '内网IP', '{\"businessName\":\"user\",\"className\":\"WxUser\",\"columns\":[{\"capJavaField\":\"OpenId\",\"columnComment\":\"用户id\",\"columnId\":16,\"columnName\":\"open_id\",\"columnType\":\"varchar(255)\",\"createBy\":\"admin\",\"createTime\":\"2023-12-08 14:01:54\",\"dictType\":\"\",\"edit\":false,\"htmlType\":\"input\",\"increment\":false,\"insert\":true,\"isIncrement\":\"0\",\"isInsert\":\"1\",\"isPk\":\"1\",\"javaField\":\"openId\",\"javaType\":\"String\",\"list\":false,\"params\":{},\"pk\":true,\"query\":false,\"queryType\":\"EQ\",\"required\":false,\"sort\":1,\"superColumn\":false,\"tableId\":4,\"updateBy\":\"\",\"usableColumn\":false},{\"capJavaField\":\"UserName\",\"columnComment\":\"用户名\\r\\n\",\"columnId\":17,\"columnName\":\"user_name\",\"columnType\":\"varchar(255)\",\"createBy\":\"admin\",\"createTime\":\"2023-12-08 14:01:54\",\"dictType\":\"\",\"edit\":true,\"htmlType\":\"input\",\"increment\":false,\"insert\":true,\"isEdit\":\"1\",\"isIncrement\":\"0\",\"isInsert\":\"1\",\"isList\":\"1\",\"isPk\":\"0\",\"isQuery\":\"1\",\"isRequired\":\"0\",\"javaField\":\"userName\",\"javaType\":\"String\",\"list\":true,\"params\":{},\"pk\":false,\"query\":true,\"queryType\":\"LIKE\",\"required\":false,\"sort\":2,\"superColumn\":false,\"tableId\":4,\"updateBy\":\"\",\"usableColumn\":false},{\"capJavaField\":\"UserIdentity\",\"columnComment\":\"身份\",\"columnId\":18,\"columnName\":\"user_identity\",\"columnType\":\"varchar(255)\",\"createBy\":\"admin\",\"createTime\":\"2023-12-08 14:01:54\",\"dictType\":\"\",\"edit\":true,\"htmlType\":\"input\",\"increment\":false,\"insert\":true,\"isEdit\":\"1\",\"isIncrement\":\"0\",\"isInsert\":\"1\",\"isList\":\"1\",\"isPk\":\"0\",\"isQuery\":\"1\",\"javaField\":\"userIdentity\",\"javaType\":\"String\",\"list\":true,\"params\":{},\"pk\":false,\"query\":true,\"queryType\":\"EQ\",\"required\":false,\"sort\":3,\"superColumn\":false,\"tableId\":4,\"updateBy\":\"\",\"usableColumn\":false},{\"capJavaField\":\"PhoneNumber\",\"columnComment\":\"手机号\",\"columnId\":19,\"columnName\":\"phone_number\",\"columnType\":\"varchar(255)\",\"createBy\":\"admin\",\"createTime\":\"2023-12-08 14:01:54\",\"dictType\":\"\",\"edit\":true,\"htmlType\":\"input\",\"increment\":false,\"insert\":true,\"isEdit\":\"1\",\"isIncrement\":\"0\",\"isInsert\":\"1\",\"isList\":\"1\",\"isPk\":\"0\",\"isQuery\":\"1\",\"javaField\":\"phone', '{\"msg\":\"操作成功\",\"code\":200}', 0, NULL, '2023-12-08 14:03:20', 36);
INSERT INTO `sys_oper_log` VALUES (174, '菜单管理', 3, 'com.ruoyi.web.controller.system.SysMenuController.remove()', 'DELETE', 1, 'admin', NULL, '/system/menu/2010', '127.0.0.1', '内网IP', '{}', '{\"msg\":\"存在子菜单,不允许删除\",\"code\":601}', 0, NULL, '2023-12-08 14:03:38', 4);
INSERT INTO `sys_oper_log` VALUES (175, '菜单管理', 3, 'com.ruoyi.web.controller.system.SysMenuController.remove()', 'DELETE', 1, 'admin', NULL, '/system/menu/2015', '127.0.0.1', '内网IP', '{}', '{\"msg\":\"操作成功\",\"code\":200}', 0, NULL, '2023-12-08 14:03:45', 17);
INSERT INTO `sys_oper_log` VALUES (176, '菜单管理', 3, 'com.ruoyi.web.controller.system.SysMenuController.remove()', 'DELETE', 1, 'admin', NULL, '/system/menu/2014', '127.0.0.1', '内网IP', '{}', '{\"msg\":\"操作成功\",\"code\":200}', 0, NULL, '2023-12-08 14:03:48', 13);
INSERT INTO `sys_oper_log` VALUES (177, '菜单管理', 3, 'com.ruoyi.web.controller.system.SysMenuController.remove()', 'DELETE', 1, 'admin', NULL, '/system/menu/2013', '127.0.0.1', '内网IP', '{}', '{\"msg\":\"操作成功\",\"code\":200}', 0, NULL, '2023-12-08 14:03:51', 16);
INSERT INTO `sys_oper_log` VALUES (178, '菜单管理', 3, 'com.ruoyi.web.controller.system.SysMenuController.remove()', 'DELETE', 1, 'admin', NULL, '/system/menu/2012', '127.0.0.1', '内网IP', '{}', '{\"msg\":\"操作成功\",\"code\":200}', 0, NULL, '2023-12-08 14:03:54', 13);
INSERT INTO `sys_oper_log` VALUES (179, '菜单管理', 3, 'com.ruoyi.web.controller.system.SysMenuController.remove()', 'DELETE', 1, 'admin', NULL, '/system/menu/2011', '127.0.0.1', '内网IP', '{}', '{\"msg\":\"操作成功\",\"code\":200}', 0, NULL, '2023-12-08 14:03:58', 13);
INSERT INTO `sys_oper_log` VALUES (180, '菜单管理', 3, 'com.ruoyi.web.controller.system.SysMenuController.remove()', 'DELETE', 1, 'admin', NULL, '/system/menu/2010', '127.0.0.1', '内网IP', '{}', '{\"msg\":\"操作成功\",\"code\":200}', 0, NULL, '2023-12-08 14:04:01', 9);
INSERT INTO `sys_oper_log` VALUES (181, '菜单管理', 3, 'com.ruoyi.web.controller.system.SysMenuController.remove()', 'DELETE', 1, 'admin', NULL, '/system/menu/2002', '127.0.0.1', '内网IP', '{}', '{\"msg\":\"操作成功\",\"code\":200}', 0, NULL, '2023-12-08 14:04:57', 12);
INSERT INTO `sys_oper_log` VALUES (182, '代码生成', 8, 'com.ruoyi.generator.controller.GenController.batchGenCode()', 'GET', 1, 'admin', NULL, '/tool/gen/batchGenCode', '127.0.0.1', '内网IP', '{\"tables\":\"wx_user\"}', NULL, 0, NULL, '2023-12-08 14:05:10', 389);
INSERT INTO `sys_oper_log` VALUES (183, '菜单管理', 1, 'com.ruoyi.web.controller.system.SysMenuController.add()', 'POST', 1, 'admin', NULL, '/system/menu', '127.0.0.1', '内网IP', '{\"children\":[],\"component\":\"user\",\"createBy\":\"admin\",\"icon\":\"code\",\"isCache\":\"1\",\"isFrame\":\"1\",\"menuName\":\"微信用户管理\",\"menuType\":\"C\",\"orderNum\":0,\"params\":{},\"parentId\":2029,\"path\":\"user\",\"status\":\"0\",\"visible\":\"0\"}', '{\"msg\":\"操作成功\",\"code\":200}', 0, NULL, '2023-12-08 14:08:18', 8);
INSERT INTO `sys_oper_log` VALUES (184, '菜单管理', 3, 'com.ruoyi.web.controller.system.SysMenuController.remove()', 'DELETE', 1, 'admin', NULL, '/system/menu/2031', '127.0.0.1', '内网IP', '{}', '{\"msg\":\"存在子菜单,不允许删除\",\"code\":601}', 0, NULL, '2023-12-08 14:08:30', 4);
INSERT INTO `sys_oper_log` VALUES (185, '菜单管理', 3, 'com.ruoyi.web.controller.system.SysMenuController.remove()', 'DELETE', 1, 'admin', NULL, '/system/menu/2031', '127.0.0.1', '内网IP', '{}', '{\"msg\":\"存在子菜单,不允许删除\",\"code\":601}', 0, NULL, '2023-12-08 14:08:37', 6);
INSERT INTO `sys_oper_log` VALUES (186, '菜单管理', 3, 'com.ruoyi.web.controller.system.SysMenuController.remove()', 'DELETE', 1, 'admin', NULL, '/system/menu/2032', '127.0.0.1', '内网IP', '{}', '{\"msg\":\"操作成功\",\"code\":200}', 0, NULL, '2023-12-08 14:08:41', 11);
INSERT INTO `sys_oper_log` VALUES (187, '菜单管理', 3, 'com.ruoyi.web.controller.system.SysMenuController.remove()', 'DELETE', 1, 'admin', NULL, '/system/menu/2033', '127.0.0.1', '内网IP', '{}', '{\"msg\":\"操作成功\",\"code\":200}', 0, NULL, '2023-12-08 14:08:44', 11);
INSERT INTO `sys_oper_log` VALUES (188, '菜单管理', 3, 'com.ruoyi.web.controller.system.SysMenuController.remove()', 'DELETE', 1, 'admin', NULL, '/system/menu/2034', '127.0.0.1', '内网IP', '{}', '{\"msg\":\"操作成功\",\"code\":200}', 0, NULL, '2023-12-08 14:08:47', 12);
INSERT INTO `sys_oper_log` VALUES (189, '菜单管理', 3, 'com.ruoyi.web.controller.system.SysMenuController.remove()', 'DELETE', 1, 'admin', NULL, '/system/menu/2035', '127.0.0.1', '内网IP', '{}', '{\"msg\":\"操作成功\",\"code\":200}', 0, NULL, '2023-12-08 14:08:50', 10);
INSERT INTO `sys_oper_log` VALUES (190, '菜单管理', 3, 'com.ruoyi.web.controller.system.SysMenuController.remove()', 'DELETE', 1, 'admin', NULL, '/system/menu/2036', '127.0.0.1', '内网IP', '{}', '{\"msg\":\"操作成功\",\"code\":200}', 0, NULL, '2023-12-08 14:08:53', 13);
INSERT INTO `sys_oper_log` VALUES (191, '菜单管理', 3, 'com.ruoyi.web.controller.system.SysMenuController.remove()', 'DELETE', 1, 'admin', NULL, '/system/menu/2031', '127.0.0.1', '内网IP', '{}', '{\"msg\":\"操作成功\",\"code\":200}', 0, NULL, '2023-12-08 14:08:56', 13);
INSERT INTO `sys_oper_log` VALUES (192, 'wxuser', 2, 'com.ruoyi.web.controller.user.WxUserController.edit()', 'PUT', 1, 'admin', NULL, '/user/user', '127.0.0.1', '内网IP', '{\"openId\":\"ogj5Q6VEG1HHJMqTEebwUtIPlGBs\",\"params\":{},\"phoneNumber\":\"13236310189\",\"userIdentity\":\"用户\",\"userName\":\"微信用户\",\"walletBalance\":0}', '{\"msg\":\"操作成功\",\"code\":200}', 0, NULL, '2023-12-08 14:15:59', 18);
INSERT INTO `sys_oper_log` VALUES (193, '菜单管理', 2, 'com.ruoyi.web.controller.system.SysMenuController.edit()', 'PUT', 1, 'admin', NULL, '/system/menu', '127.0.0.1', '内网IP', '{\"children\":[],\"component\":\"shipcom\",\"createTime\":\"2023-12-08 12:32:47\",\"icon\":\"example\",\"isCache\":\"1\",\"isFrame\":\"1\",\"menuId\":2030,\"menuName\":\"船舶公司管理\",\"menuType\":\"C\",\"orderNum\":0,\"params\":{},\"parentId\":2029,\"path\":\"shipcom\",\"perms\":\"\",\"query\":\"shipcompany\",\"status\":\"0\",\"updateBy\":\"admin\",\"visible\":\"0\"}', '{\"msg\":\"操作成功\",\"code\":200}', 0, NULL, '2023-12-08 14:29:54', 17);
INSERT INTO `sys_oper_log` VALUES (194, '代码生成', 6, 'com.ruoyi.generator.controller.GenController.importTableSave()', 'POST', 1, 'admin', NULL, '/tool/gen/importTable', '127.0.0.1', '内网IP', '{\"tables\":\"b_ship_companies\"}', '{\"msg\":\"操作成功\",\"code\":200}', 0, NULL, '2023-12-08 14:38:35', 50);
INSERT INTO `sys_oper_log` VALUES (195, '代码生成', 2, 'com.ruoyi.generator.controller.GenController.editSave()', 'PUT', 1, 'admin', NULL, '/tool/gen', '127.0.0.1', '内网IP', '{\"businessName\":\"shipcompany\",\"className\":\"BShipCompanies\",\"columns\":[{\"capJavaField\":\"CompanyId\",\"columnComment\":\"船舶公司id\",\"columnId\":21,\"columnName\":\"company_id\",\"columnType\":\"int\",\"createBy\":\"admin\",\"createTime\":\"2023-12-08 14:38:35\",\"dictType\":\"\",\"edit\":false,\"htmlType\":\"input\",\"increment\":true,\"insert\":true,\"isIncrement\":\"1\",\"isInsert\":\"1\",\"isPk\":\"1\",\"javaField\":\"companyId\",\"javaType\":\"Long\",\"list\":false,\"params\":{},\"pk\":true,\"query\":false,\"queryType\":\"EQ\",\"required\":false,\"sort\":1,\"superColumn\":false,\"tableId\":5,\"updateBy\":\"\",\"usableColumn\":false},{\"capJavaField\":\"ConpanyName\",\"columnComment\":\"船舶公司名称\",\"columnId\":22,\"columnName\":\"conpany_name\",\"columnType\":\"varchar(255)\",\"createBy\":\"admin\",\"createTime\":\"2023-12-08 14:38:35\",\"dictType\":\"\",\"edit\":true,\"htmlType\":\"input\",\"increment\":false,\"insert\":true,\"isEdit\":\"1\",\"isIncrement\":\"0\",\"isInsert\":\"1\",\"isList\":\"1\",\"isPk\":\"0\",\"isQuery\":\"1\",\"javaField\":\"conpanyName\",\"javaType\":\"String\",\"list\":true,\"params\":{},\"pk\":false,\"query\":true,\"queryType\":\"LIKE\",\"required\":false,\"sort\":2,\"superColumn\":false,\"tableId\":5,\"updateBy\":\"\",\"usableColumn\":false},{\"capJavaField\":\"CompanyAddress\",\"columnComment\":\"公司地址\",\"columnId\":23,\"columnName\":\"company_address\",\"columnType\":\"varchar(255)\",\"createBy\":\"admin\",\"createTime\":\"2023-12-08 14:38:35\",\"dictType\":\"\",\"edit\":true,\"htmlType\":\"input\",\"increment\":false,\"insert\":true,\"isEdit\":\"1\",\"isIncrement\":\"0\",\"isInsert\":\"1\",\"isList\":\"1\",\"isPk\":\"0\",\"isQuery\":\"1\",\"javaField\":\"companyAddress\",\"javaType\":\"String\",\"list\":true,\"params\":{},\"pk\":false,\"query\":true,\"queryType\":\"EQ\",\"required\":false,\"sort\":3,\"superColumn\":false,\"tableId\":5,\"updateBy\":\"\",\"usableColumn\":false},{\"capJavaField\":\"CompanyPhone\",\"columnComment\":\"公司电话\",\"columnId\":24,\"columnName\":\"company_phone\",\"columnType\":\"varchar(255)\",\"createBy\":\"admin\",\"createTime\":\"2023-12-08 14:38:35\",\"dictType\":\"\",\"edit\":true,\"htmlType\":\"input\",\"increment\":false,\"insert\":true,\"isEdit\":\"1\",\"isIncrement\":\"0\",\"isInsert\":\"1\",\"isList\":\"1\",\"isPk\":\"0\",\"isQuery\":\"1\",\"j', '{\"msg\":\"操作成功\",\"code\":200}', 0, NULL, '2023-12-08 14:40:58', 32);
INSERT INTO `sys_oper_log` VALUES (196, '代码生成', 8, 'com.ruoyi.generator.controller.GenController.batchGenCode()', 'GET', 1, 'admin', NULL, '/tool/gen/batchGenCode', '127.0.0.1', '内网IP', '{\"tables\":\"b_ship_companies\"}', NULL, 0, NULL, '2023-12-08 14:41:01', 77);
INSERT INTO `sys_oper_log` VALUES (197, '菜单管理', 2, 'com.ruoyi.web.controller.system.SysMenuController.edit()', 'PUT', 1, 'admin', NULL, '/system/menu', '127.0.0.1', '内网IP', '{\"children\":[],\"component\":\"shipcom\",\"createTime\":\"2023-12-08 12:32:47\",\"icon\":\"example\",\"isCache\":\"1\",\"isFrame\":\"1\",\"menuId\":2030,\"menuName\":\"船舶公司管理\",\"menuType\":\"C\",\"orderNum\":0,\"params\":{},\"parentId\":2029,\"path\":\"shipcom\",\"perms\":\"\",\"query\":\"shipcom\",\"status\":\"0\",\"updateBy\":\"admin\",\"visible\":\"0\"}', '{\"msg\":\"操作成功\",\"code\":200}', 0, NULL, '2023-12-08 14:53:02', 26);
INSERT INTO `sys_oper_log` VALUES (198, '菜单管理', 3, 'com.ruoyi.web.controller.system.SysMenuController.remove()', 'DELETE', 1, 'admin', NULL, '/system/menu/2030', '127.0.0.1', '内网IP', '{}', '{\"msg\":\"操作成功\",\"code\":200}', 0, NULL, '2023-12-08 14:56:08', 12);
INSERT INTO `sys_oper_log` VALUES (199, '菜单管理', 1, 'com.ruoyi.web.controller.system.SysMenuController.add()', 'POST', 1, 'admin', NULL, '/system/menu', '127.0.0.1', '内网IP', '{\"children\":[],\"component\":\"shipcom\",\"createBy\":\"admin\",\"icon\":\"date-range\",\"isCache\":\"1\",\"isFrame\":\"1\",\"menuName\":\"船舶公司管理\",\"menuType\":\"C\",\"orderNum\":0,\"params\":{},\"parentId\":2029,\"path\":\"shipcom\",\"status\":\"0\",\"visible\":\"0\"}', '{\"msg\":\"操作成功\",\"code\":200}', 0, NULL, '2023-12-08 14:57:05', 13);
INSERT INTO `sys_oper_log` VALUES (200, 'shipcompany', 1, 'com.ruoyi.web.controller.shipcompany.BShipCompaniesController.add()', 'POST', 1, 'admin', NULL, '/shipcompany/shipcompany', '127.0.0.1', '内网IP', '{\"companyAddress\":\"中国\",\"companyDescription\":\"达娃大\",\"companyEmail\":\"3242342313\",\"companyId\":1,\"companyPhone\":\"2134213421\",\"conpanyName\":\"中远海控\",\"contactEmail\":\"2132132131\",\"contactPerson\":\"dwa大\",\"params\":{},\"vesselsManaged\":20}', '{\"msg\":\"操作成功\",\"code\":200}', 0, NULL, '2023-12-08 14:59:05', 16);
INSERT INTO `sys_oper_log` VALUES (201, 'shipcompany', 2, 'com.ruoyi.web.controller.shipcompany.BShipCompaniesController.edit()', 'PUT', 1, 'admin', NULL, '/shipcompany/shipcompany', '127.0.0.1', '内网IP', '{\"companyAddress\":\"中国\",\"companyDescription\":\"\",\"companyEmail\":\"\",\"companyId\":1,\"companyPhone\":\"\",\"conpanyName\":\"中远海控\",\"contactEmail\":\"\",\"contactPerson\":\"\",\"params\":{}}', '{\"msg\":\"操作成功\",\"code\":200}', 0, NULL, '2023-12-08 14:59:43', 5);
INSERT INTO `sys_oper_log` VALUES (202, '菜单管理', 2, 'com.ruoyi.web.controller.system.SysMenuController.edit()', 'PUT', 1, 'admin', NULL, '/system/menu', '127.0.0.1', '内网IP', '{\"children\":[],\"component\":\"port\",\"createTime\":\"2023-12-06 15:46:49\",\"icon\":\"build\",\"isCache\":\"1\",\"isFrame\":\"1\",\"menuId\":2016,\"menuName\":\"港口管理\",\"menuType\":\"C\",\"orderNum\":0,\"params\":{},\"parentId\":2029,\"path\":\"port\",\"perms\":\"\",\"status\":\"0\",\"updateBy\":\"admin\",\"visible\":\"0\"}', '{\"msg\":\"操作成功\",\"code\":200}', 0, NULL, '2023-12-08 15:00:29', 12);
INSERT INTO `sys_oper_log` VALUES (203, 'shipcompany', 1, 'com.ruoyi.web.controller.shipcompany.BShipCompaniesController.add()', 'POST', 1, 'admin', NULL, '/shipcompany/shipcompany', '127.0.0.1', '内网IP', '{\"companyId\":2,\"conpanyName\":\"郁州海运\",\"params\":{}}', '{\"msg\":\"操作成功\",\"code\":200}', 0, NULL, '2023-12-08 15:05:41', 5);
INSERT INTO `sys_oper_log` VALUES (204, 'shipcompany', 2, 'com.ruoyi.web.controller.shipcompany.BShipCompaniesController.edit()', 'PUT', 1, 'admin', NULL, '/shipcompany/shipcompany', '127.0.0.1', '内网IP', '{\"companyAddress\":\"中国\",\"companyId\":2,\"conpanyName\":\"郁州海运\",\"params\":{}}', '{\"msg\":\"操作成功\",\"code\":200}', 0, NULL, '2023-12-08 15:05:53', 9);
INSERT INTO `sys_oper_log` VALUES (205, '菜单管理', 3, 'com.ruoyi.web.controller.system.SysMenuController.remove()', 'DELETE', 1, 'admin', NULL, '/system/menu/2028', '127.0.0.1', '内网IP', '{}', '{\"msg\":\"操作成功\",\"code\":200}', 0, NULL, '2023-12-08 20:54:02', 29);
INSERT INTO `sys_oper_log` VALUES (206, '菜单管理', 3, 'com.ruoyi.web.controller.system.SysMenuController.remove()', 'DELETE', 1, 'admin', NULL, '/system/menu/2027', '127.0.0.1', '内网IP', '{}', '{\"msg\":\"操作成功\",\"code\":200}', 0, NULL, '2023-12-08 20:54:05', 13);
INSERT INTO `sys_oper_log` VALUES (207, '菜单管理', 3, 'com.ruoyi.web.controller.system.SysMenuController.remove()', 'DELETE', 1, 'admin', NULL, '/system/menu/2026', '127.0.0.1', '内网IP', '{}', '{\"msg\":\"操作成功\",\"code\":200}', 0, NULL, '2023-12-08 20:54:10', 11);
INSERT INTO `sys_oper_log` VALUES (208, '菜单管理', 3, 'com.ruoyi.web.controller.system.SysMenuController.remove()', 'DELETE', 1, 'admin', NULL, '/system/menu/2025', '127.0.0.1', '内网IP', '{}', '{\"msg\":\"操作成功\",\"code\":200}', 0, NULL, '2023-12-08 20:54:15', 13);
INSERT INTO `sys_oper_log` VALUES (209, '菜单管理', 3, 'com.ruoyi.web.controller.system.SysMenuController.remove()', 'DELETE', 1, 'admin', NULL, '/system/menu/2024', '127.0.0.1', '内网IP', '{}', '{\"msg\":\"操作成功\",\"code\":200}', 0, NULL, '2023-12-08 20:54:18', 16);
INSERT INTO `sys_oper_log` VALUES (210, '菜单管理', 3, 'com.ruoyi.web.controller.system.SysMenuController.remove()', 'DELETE', 1, 'admin', NULL, '/system/menu/2023', '127.0.0.1', '内网IP', '{}', '{\"msg\":\"操作成功\",\"code\":200}', 0, NULL, '2023-12-08 20:54:24', 9);
INSERT INTO `sys_oper_log` VALUES (211, '代码生成', 3, 'com.ruoyi.generator.controller.GenController.remove()', 'DELETE', 1, 'admin', NULL, '/tool/gen/3', '127.0.0.1', '内网IP', '{}', '{\"msg\":\"操作成功\",\"code\":200}', 0, NULL, '2023-12-08 20:55:31', 45);
INSERT INTO `sys_oper_log` VALUES (212, '代码生成', 6, 'com.ruoyi.generator.controller.GenController.importTableSave()', 'POST', 1, 'admin', NULL, '/tool/gen/importTable', '127.0.0.1', '内网IP', '{\"tables\":\"b_route\"}', '{\"msg\":\"操作成功\",\"code\":200}', 0, NULL, '2023-12-08 20:55:36', 62);
INSERT INTO `sys_oper_log` VALUES (213, '代码生成', 3, 'com.ruoyi.generator.controller.GenController.remove()', 'DELETE', 1, 'admin', NULL, '/tool/gen/6', '127.0.0.1', '内网IP', '{}', '{\"msg\":\"操作成功\",\"code\":200}', 0, NULL, '2023-12-08 20:57:38', 9);
INSERT INTO `sys_oper_log` VALUES (214, '代码生成', 6, 'com.ruoyi.generator.controller.GenController.importTableSave()', 'POST', 1, 'admin', NULL, '/tool/gen/importTable', '127.0.0.1', '内网IP', '{\"tables\":\"b_route\"}', '{\"msg\":\"操作成功\",\"code\":200}', 0, NULL, '2023-12-08 20:57:43', 23);
INSERT INTO `sys_oper_log` VALUES (215, '代码生成', 2, 'com.ruoyi.generator.controller.GenController.editSave()', 'PUT', 1, 'admin', NULL, '/tool/gen', '127.0.0.1', '内网IP', '{\"businessName\":\"route\",\"className\":\"BRoute\",\"columns\":[{\"capJavaField\":\"RouteId\",\"columnComment\":\"航线id\",\"columnId\":33,\"columnName\":\"route_id\",\"columnType\":\"int\",\"createBy\":\"admin\",\"createTime\":\"2023-12-08 20:57:43\",\"dictType\":\"\",\"edit\":false,\"htmlType\":\"input\",\"increment\":true,\"insert\":true,\"isIncrement\":\"1\",\"isInsert\":\"1\",\"isPk\":\"1\",\"javaField\":\"routeId\",\"javaType\":\"Long\",\"list\":false,\"params\":{},\"pk\":true,\"query\":false,\"queryType\":\"EQ\",\"required\":false,\"sort\":1,\"superColumn\":false,\"tableId\":7,\"updateBy\":\"\",\"usableColumn\":false},{\"capJavaField\":\"RouteName\",\"columnComment\":\"航线名称\",\"columnId\":34,\"columnName\":\"route_name\",\"columnType\":\"varchar(255)\",\"createBy\":\"admin\",\"createTime\":\"2023-12-08 20:57:43\",\"dictType\":\"\",\"edit\":true,\"htmlType\":\"input\",\"increment\":false,\"insert\":true,\"isEdit\":\"1\",\"isIncrement\":\"0\",\"isInsert\":\"1\",\"isList\":\"1\",\"isPk\":\"0\",\"isQuery\":\"1\",\"javaField\":\"routeName\",\"javaType\":\"String\",\"list\":true,\"params\":{},\"pk\":false,\"query\":true,\"queryType\":\"LIKE\",\"required\":false,\"sort\":2,\"superColumn\":false,\"tableId\":7,\"updateBy\":\"\",\"usableColumn\":false},{\"capJavaField\":\"RouteContent\",\"columnComment\":\"挂靠港口\",\"columnId\":35,\"columnName\":\"route_content\",\"columnType\":\"varchar(255)\",\"createBy\":\"admin\",\"createTime\":\"2023-12-08 20:57:43\",\"dictType\":\"\",\"edit\":true,\"htmlType\":\"editor\",\"increment\":false,\"insert\":true,\"isEdit\":\"1\",\"isIncrement\":\"0\",\"isInsert\":\"1\",\"isList\":\"1\",\"isPk\":\"0\",\"isQuery\":\"1\",\"javaField\":\"routeContent\",\"javaType\":\"String\",\"list\":true,\"params\":{},\"pk\":false,\"query\":true,\"queryType\":\"EQ\",\"required\":false,\"sort\":3,\"superColumn\":false,\"tableId\":7,\"updateBy\":\"\",\"usableColumn\":false}],\"crud\":true,\"functionAuthor\":\"victorzl\",\"functionName\":\"route\",\"genPath\":\"/\",\"genType\":\"0\",\"moduleName\":\"route\",\"options\":\"{\\\"parentMenuId\\\":2004}\",\"packageName\":\"com.ruoyi.route\",\"params\":{\"parentMenuId\":2004},\"parentMenuId\":\"2004\",\"sub\":false,\"tableComment\":\"航线管理\",\"tableId\":7,\"tableName\":\"b_route\",\"tplCategory\":\"crud\",\"tree\":false}', '{\"msg\":\"操作成功\",\"code\":200}', 0, NULL, '2023-12-08 20:58:38', 39);
INSERT INTO `sys_oper_log` VALUES (216, '代码生成', 8, 'com.ruoyi.generator.controller.GenController.batchGenCode()', 'GET', 1, 'admin', NULL, '/tool/gen/batchGenCode', '127.0.0.1', '内网IP', '{\"tables\":\"b_route\"}', NULL, 0, NULL, '2023-12-08 20:58:42', 340);
INSERT INTO `sys_oper_log` VALUES (217, 'route', 2, 'com.ruoyi.web.controller.route.BRouteController.edit()', 'PUT', 1, 'admin', NULL, '/route/route', '127.0.0.1', '内网IP', '{\"params\":{},\"routeContent\":\"<p><span style=\\\"color: rgb(51, 51, 51);\\\">连云港—青岛—上海—宁波—盐田—盖梅—新加坡—苏伊士—比雷埃弗斯—纽约—萨凡纳—比雷埃弗斯—苏伊士—巴生—林查班—海防—上海—宁波—长滩—奥克兰</span></p>\",\"routeId\":1,\"routeName\":\"美东航线\"}', '{\"msg\":\"操作成功\",\"code\":200}', 0, NULL, '2023-12-08 21:03:35', 23);
INSERT INTO `sys_oper_log` VALUES (218, 'route', 2, 'com.ruoyi.web.controller.route.BRouteController.edit()', 'PUT', 1, 'admin', NULL, '/route/route', '127.0.0.1', '内网IP', '{\"params\":{},\"routeContent\":\"<p><br></p><p><span style=\\\"color: rgb(51, 51, 51);\\\">连云港—青岛—上海—宁波—盐田—盖梅—新加坡—苏伊士—比雷埃弗斯—纽约—萨凡纳—比雷埃弗斯—苏伊士—巴生—林查班—海防—上海—宁波—长滩—奥克兰</span></p>\",\"routeId\":1,\"routeName\":\"美东航线\"}', '{\"msg\":\"操作成功\",\"code\":200}', 0, NULL, '2023-12-08 21:03:49', 12);
INSERT INTO `sys_oper_log` VALUES (219, 'route', 2, 'com.ruoyi.web.controller.route.BRouteController.edit()', 'PUT', 1, 'admin', NULL, '/route/route', '127.0.0.1', '内网IP', '{\"params\":{},\"routeContent\":\"<p><span style=\\\"color: rgb(51, 51, 51);\\\">连云港—青岛—上海—宁波—盐田—盖梅—新加坡—苏伊士—比雷埃弗斯—纽约—萨凡纳—比雷埃弗斯—苏伊士—巴生—林查班—海防—上海—宁波—长滩—奥克兰</span></p>\",\"routeId\":1,\"routeName\":\"美东航线\"}', '{\"msg\":\"操作成功\",\"code\":200}', 0, NULL, '2023-12-08 21:03:57', 12);
INSERT INTO `sys_oper_log` VALUES (220, '代码生成', 2, 'com.ruoyi.generator.controller.GenController.editSave()', 'PUT', 1, 'admin', NULL, '/tool/gen', '127.0.0.1', '内网IP', '{\"businessName\":\"route\",\"className\":\"BRoute\",\"columns\":[{\"capJavaField\":\"RouteId\",\"columnComment\":\"航线id\",\"columnId\":33,\"columnName\":\"route_id\",\"columnType\":\"int\",\"createBy\":\"admin\",\"createTime\":\"2023-12-08 20:57:43\",\"dictType\":\"\",\"edit\":false,\"htmlType\":\"input\",\"increment\":true,\"insert\":true,\"isIncrement\":\"1\",\"isInsert\":\"1\",\"isPk\":\"1\",\"javaField\":\"routeId\",\"javaType\":\"Long\",\"list\":false,\"params\":{},\"pk\":true,\"query\":false,\"queryType\":\"EQ\",\"required\":false,\"sort\":1,\"superColumn\":false,\"tableId\":7,\"updateBy\":\"\",\"updateTime\":\"2023-12-08 20:58:38\",\"usableColumn\":false},{\"capJavaField\":\"RouteName\",\"columnComment\":\"航线名称\",\"columnId\":34,\"columnName\":\"route_name\",\"columnType\":\"varchar(255)\",\"createBy\":\"admin\",\"createTime\":\"2023-12-08 20:57:43\",\"dictType\":\"\",\"edit\":true,\"htmlType\":\"input\",\"increment\":false,\"insert\":true,\"isEdit\":\"1\",\"isIncrement\":\"0\",\"isInsert\":\"1\",\"isList\":\"1\",\"isPk\":\"0\",\"isQuery\":\"1\",\"javaField\":\"routeName\",\"javaType\":\"String\",\"list\":true,\"params\":{},\"pk\":false,\"query\":true,\"queryType\":\"LIKE\",\"required\":false,\"sort\":2,\"superColumn\":false,\"tableId\":7,\"updateBy\":\"\",\"updateTime\":\"2023-12-08 20:58:38\",\"usableColumn\":false},{\"capJavaField\":\"RouteContent\",\"columnComment\":\"挂靠港口\",\"columnId\":35,\"columnName\":\"route_content\",\"columnType\":\"varchar(255)\",\"createBy\":\"admin\",\"createTime\":\"2023-12-08 20:57:43\",\"dictType\":\"\",\"edit\":true,\"htmlType\":\"textarea\",\"increment\":false,\"insert\":true,\"isEdit\":\"1\",\"isIncrement\":\"0\",\"isInsert\":\"1\",\"isList\":\"1\",\"isPk\":\"0\",\"isQuery\":\"1\",\"javaField\":\"routeContent\",\"javaType\":\"String\",\"list\":true,\"params\":{},\"pk\":false,\"query\":true,\"queryType\":\"EQ\",\"required\":false,\"sort\":3,\"superColumn\":false,\"tableId\":7,\"updateBy\":\"\",\"updateTime\":\"2023-12-08 20:58:38\",\"usableColumn\":false}],\"crud\":true,\"functionAuthor\":\"victorzl\",\"functionName\":\"route\",\"genPath\":\"/\",\"genType\":\"0\",\"moduleName\":\"route\",\"options\":\"{\\\"parentMenuId\\\":\\\"2004\\\"}\",\"packageName\":\"com.ruoyi.route\",\"params\":{\"parentMenuId\":\"2004\"},\"parentMenuId\":\"2004\",\"sub\":false,\"tableComment\":\"航线', '{\"msg\":\"操作成功\",\"code\":200}', 0, NULL, '2023-12-08 21:08:22', 25);
INSERT INTO `sys_oper_log` VALUES (221, '代码生成', 8, 'com.ruoyi.generator.controller.GenController.batchGenCode()', 'GET', 1, 'admin', NULL, '/tool/gen/batchGenCode', '127.0.0.1', '内网IP', '{\"tables\":\"b_route\"}', NULL, 0, NULL, '2023-12-08 21:08:25', 62);
INSERT INTO `sys_oper_log` VALUES (222, 'route', 2, 'com.ruoyi.web.controller.route.BRouteController.edit()', 'PUT', 1, 'admin', NULL, '/route/route', '127.0.0.1', '内网IP', '{\"params\":{},\"routeContent\":\"连云港—青岛—上海—宁波—盐田—盖梅—新加坡—苏伊士—比雷埃弗斯—纽约—萨凡纳—比雷埃弗斯—苏伊士—巴生—林查班—海防—上海—宁波—长滩—奥克兰</span></p>\",\"routeId\":1,\"routeName\":\"美东航线\"}', '{\"msg\":\"操作成功\",\"code\":200}', 0, NULL, '2023-12-08 21:13:46', 11);
INSERT INTO `sys_oper_log` VALUES (223, 'route', 2, 'com.ruoyi.web.controller.route.BRouteController.edit()', 'PUT', 1, 'admin', NULL, '/route/route', '127.0.0.1', '内网IP', '{\"params\":{},\"routeContent\":\"连云港—青岛—上海—宁波—盐田—盖梅—新加坡—苏伊士—比雷埃弗斯—纽约—萨凡纳—比雷埃弗斯—苏伊士—巴生—林查班—海防—上海—宁波—长滩—奥克兰\",\"routeId\":1,\"routeName\":\"美东航线\"}', '{\"msg\":\"操作成功\",\"code\":200}', 0, NULL, '2023-12-08 21:13:55', 8);
INSERT INTO `sys_oper_log` VALUES (224, '菜单管理', 2, 'com.ruoyi.web.controller.system.SysMenuController.edit()', 'PUT', 1, 'admin', NULL, '/system/menu', '127.0.0.1', '内网IP', '{\"children\":[],\"component\":\"shipcom\",\"createTime\":\"2023-12-08 14:57:05\",\"icon\":\"date-range\",\"isCache\":\"1\",\"isFrame\":\"1\",\"menuId\":2038,\"menuName\":\"船运公司管理\",\"menuType\":\"C\",\"orderNum\":0,\"params\":{},\"parentId\":2029,\"path\":\"shipcom\",\"perms\":\"\",\"status\":\"0\",\"updateBy\":\"admin\",\"visible\":\"0\"}', '{\"msg\":\"操作成功\",\"code\":200}', 0, NULL, '2023-12-08 22:54:55', 27);
INSERT INTO `sys_oper_log` VALUES (225, '菜单管理', 1, 'com.ruoyi.web.controller.system.SysMenuController.add()', 'POST', 1, 'admin', NULL, '/system/menu', '127.0.0.1', '内网IP', '{\"children\":[],\"createBy\":\"admin\",\"icon\":\"cascader\",\"isCache\":\"0\",\"isFrame\":\"1\",\"menuName\":\"智慧港口管理系统\",\"menuType\":\"M\",\"orderNum\":0,\"params\":{},\"parentId\":0,\"path\":\"portmanage\",\"status\":\"0\",\"visible\":\"0\"}', '{\"msg\":\"操作成功\",\"code\":200}', 0, NULL, '2023-12-12 15:07:39', 19);
INSERT INTO `sys_oper_log` VALUES (226, 'wxuser', 2, 'com.ruoyi.web.controller.user.WxUserController.edit()', 'PUT', 1, 'admin', NULL, '/user/user', '127.0.0.1', '内网IP', '{\"openId\":\"ogj5Q6VEG1HHJMqTEebwUtIPlGBs\",\"params\":{},\"phoneNumber\":\"13236310189\",\"userIdentity\":\"货车司机\",\"userName\":\"微信用户\",\"walletBalance\":0}', '{\"msg\":\"操作成功\",\"code\":200}', 0, NULL, '2023-12-14 22:01:30', 13);
INSERT INTO `sys_oper_log` VALUES (227, 'wxuser', 2, 'com.ruoyi.web.controller.user.WxUserController.edit()', 'PUT', 1, 'admin', NULL, '/user/user', '127.0.0.1', '内网IP', '{\"openId\":\"ogj5Q6VEG1HHJMqTEebwUtIPlGBs\",\"params\":{},\"phoneNumber\":\"13236310189\",\"userIdentity\":\"用户\",\"userName\":\"微信用户\",\"walletBalance\":0}', '{\"msg\":\"操作成功\",\"code\":200}', 0, NULL, '2023-12-14 22:02:25', 7);
INSERT INTO `sys_oper_log` VALUES (228, 'wxuser', 2, 'com.ruoyi.web.controller.user.WxUserController.edit()', 'PUT', 1, 'admin', NULL, '/user/user', '127.0.0.1', '内网IP', '{\"openId\":\"ogj5Q6VEG1HHJMqTEebwUtIPlGBs\",\"params\":{},\"phoneNumber\":\"13236310189\",\"userIdentity\":\"危险品识别人员\",\"userName\":\"微信用户\",\"walletBalance\":0}', '{\"msg\":\"操作成功\",\"code\":200}', 0, NULL, '2023-12-14 22:10:27', 4);
INSERT INTO `sys_oper_log` VALUES (229, 'wxuser', 2, 'com.ruoyi.web.controller.user.WxUserController.edit()', 'PUT', 1, 'admin', NULL, '/user/user', '127.0.0.1', '内网IP', '{\"openId\":\"ogj5Q6VEG1HHJMqTEebwUtIPlGBs\",\"params\":{},\"phoneNumber\":\"13236310189\",\"userIdentity\":\"货物检测人员\",\"userName\":\"微信用户\",\"walletBalance\":0}', '{\"msg\":\"操作成功\",\"code\":200}', 0, NULL, '2023-12-14 22:11:18', 6);
INSERT INTO `sys_oper_log` VALUES (230, 'wxuser', 2, 'com.ruoyi.web.controller.user.WxUserController.edit()', 'PUT', 1, 'admin', NULL, '/user/user', '127.0.0.1', '内网IP', '{\"openId\":\"ogj5Q6VEG1HHJMqTEebwUtIPlGBs\",\"params\":{},\"phoneNumber\":\"13236310189\",\"userIdentity\":\"用户\",\"userName\":\"微信用户\",\"walletBalance\":0}', '{\"msg\":\"操作成功\",\"code\":200}', 0, NULL, '2023-12-15 11:17:31', 16);
INSERT INTO `sys_oper_log` VALUES (231, 'wxuser', 2, 'com.ruoyi.web.controller.user.WxUserController.edit()', 'PUT', 1, 'admin', NULL, '/user/user', '127.0.0.1', '内网IP', '{\"openId\":\"ogj5Q6VEG1HHJMqTEebwUtIPlGBs\",\"params\":{},\"phoneNumber\":\"13236310189\",\"userIdentity\":\"货物检查人员\",\"userName\":\"微信用户\",\"walletBalance\":0}', '{\"msg\":\"操作成功\",\"code\":200}', 0, NULL, '2023-12-15 11:17:57', 9);
INSERT INTO `sys_oper_log` VALUES (232, 'wxuser', 2, 'com.ruoyi.web.controller.user.WxUserController.edit()', 'PUT', 1, 'admin', NULL, '/user/user', '127.0.0.1', '内网IP', '{\"openId\":\"ogj5Q6VEG1HHJMqTEebwUtIPlGBs\",\"params\":{},\"phoneNumber\":\"13236310189\",\"userIdentity\":\"货物检测人员\",\"userName\":\"微信用户\",\"walletBalance\":0}', '{\"msg\":\"操作成功\",\"code\":200}', 0, NULL, '2023-12-15 11:18:27', 7);
INSERT INTO `sys_oper_log` VALUES (233, 'wxuser', 2, 'com.ruoyi.web.controller.user.WxUserController.edit()', 'PUT', 1, 'admin', NULL, '/user/user', '127.0.0.1', '内网IP', '{\"openId\":\"ogj5Q6VEG1HHJMqTEebwUtIPlGBs\",\"params\":{},\"phoneNumber\":\"13236310189\",\"userIdentity\":\"货物检测人员\",\"userName\":\"货物检测人员\",\"walletBalance\":0}', '{\"msg\":\"操作成功\",\"code\":200}', 0, NULL, '2023-12-15 12:18:40', 4);
INSERT INTO `sys_oper_log` VALUES (234, 'wxuser', 2, 'com.ruoyi.web.controller.user.WxUserController.edit()', 'PUT', 1, 'admin', NULL, '/user/user', '127.0.0.1', '内网IP', '{\"openId\":\"ogj5Q6VEG1HHJMqTEebwUtIPlGBs\",\"params\":{},\"phoneNumber\":\"13236310189\",\"userIdentity\":\"货物检测人员\",\"userName\":\"朱亮\",\"walletBalance\":0}', '{\"msg\":\"操作成功\",\"code\":200}', 0, NULL, '2023-12-15 12:50:50', 10);
INSERT INTO `sys_oper_log` VALUES (235, 'wxuser', 2, 'com.ruoyi.web.controller.user.WxUserController.edit()', 'PUT', 1, 'admin', NULL, '/user/user', '127.0.0.1', '内网IP', '{\"openId\":\"ogj5Q6VEG1HHJMqTEebwUtIPlGBs\",\"params\":{},\"phoneNumber\":\"13236310189\",\"userIdentity\":\"用户\",\"userName\":\"朱亮\",\"walletBalance\":0}', '{\"msg\":\"操作成功\",\"code\":200}', 0, NULL, '2023-12-15 14:02:38', 12);
INSERT INTO `sys_oper_log` VALUES (236, 'wxuser', 2, 'com.ruoyi.web.controller.user.WxUserController.edit()', 'PUT', 1, 'admin', NULL, '/user/user', '127.0.0.1', '内网IP', '{\"openId\":\"ogj5Q6VEG1HHJMqTEebwUtIPlGBs\",\"params\":{},\"phoneNumber\":\"13236310189\",\"userIdentity\":\"货物检测人员\",\"userName\":\"朱亮\",\"walletBalance\":0}', '{\"msg\":\"操作成功\",\"code\":200}', 0, NULL, '2023-12-15 14:33:45', 26);
INSERT INTO `sys_oper_log` VALUES (237, 'wxuser', 2, 'com.ruoyi.web.controller.user.WxUserController.edit()', 'PUT', 1, 'admin', NULL, '/user/user', '127.0.0.1', '内网IP', '{\"openId\":\"ogj5Q6VEG1HHJMqTEebwUtIPlGBs\",\"params\":{},\"phoneNumber\":\"13236310189\",\"userIdentity\":\"用户\",\"userName\":\"朱亮\",\"walletBalance\":0}', '{\"msg\":\"操作成功\",\"code\":200}', 0, NULL, '2023-12-15 15:10:46', 8);
INSERT INTO `sys_oper_log` VALUES (238, '代码生成', 6, 'com.ruoyi.generator.controller.GenController.importTableSave()', 'POST', 1, 'admin', NULL, '/tool/gen/importTable', '127.0.0.1', '内网IP', '{\"tables\":\"b_cargo\"}', '{\"msg\":\"操作成功\",\"code\":200}', 0, NULL, '2023-12-15 20:27:42', 47);
INSERT INTO `sys_oper_log` VALUES (239, '代码生成', 2, 'com.ruoyi.generator.controller.GenController.editSave()', 'PUT', 1, 'admin', NULL, '/tool/gen', '127.0.0.1', '内网IP', '{\"businessName\":\"cargoinfo\",\"className\":\"BCargo\",\"columns\":[{\"capJavaField\":\"CargoId\",\"columnComment\":\"货物id\",\"columnId\":36,\"columnName\":\"cargo_id\",\"columnType\":\"int\",\"createBy\":\"admin\",\"createTime\":\"2023-12-15 20:27:42\",\"dictType\":\"\",\"edit\":false,\"htmlType\":\"input\",\"increment\":true,\"insert\":true,\"isIncrement\":\"1\",\"isInsert\":\"1\",\"isPk\":\"1\",\"javaField\":\"cargoId\",\"javaType\":\"Long\",\"list\":false,\"params\":{},\"pk\":true,\"query\":false,\"queryType\":\"EQ\",\"required\":false,\"sort\":1,\"superColumn\":false,\"tableId\":8,\"updateBy\":\"\",\"usableColumn\":false},{\"capJavaField\":\"CargoType\",\"columnComment\":\"货物类型\",\"columnId\":37,\"columnName\":\"cargo_type\",\"columnType\":\"varchar(255)\",\"createBy\":\"admin\",\"createTime\":\"2023-12-15 20:27:42\",\"dictType\":\"\",\"edit\":true,\"htmlType\":\"select\",\"increment\":false,\"insert\":true,\"isEdit\":\"1\",\"isIncrement\":\"0\",\"isInsert\":\"1\",\"isList\":\"1\",\"isPk\":\"0\",\"isQuery\":\"1\",\"javaField\":\"cargoType\",\"javaType\":\"String\",\"list\":true,\"params\":{},\"pk\":false,\"query\":true,\"queryType\":\"EQ\",\"required\":false,\"sort\":2,\"superColumn\":false,\"tableId\":8,\"updateBy\":\"\",\"usableColumn\":false},{\"capJavaField\":\"CargoWeight\",\"columnComment\":\"货物重量\",\"columnId\":38,\"columnName\":\"cargo_weight\",\"columnType\":\"double\",\"createBy\":\"admin\",\"createTime\":\"2023-12-15 20:27:42\",\"dictType\":\"\",\"edit\":true,\"htmlType\":\"input\",\"increment\":false,\"insert\":true,\"isEdit\":\"1\",\"isIncrement\":\"0\",\"isInsert\":\"1\",\"isList\":\"1\",\"isPk\":\"0\",\"isQuery\":\"1\",\"javaField\":\"cargoWeight\",\"javaType\":\"Long\",\"list\":true,\"params\":{},\"pk\":false,\"query\":true,\"queryType\":\"EQ\",\"required\":false,\"sort\":3,\"superColumn\":false,\"tableId\":8,\"updateBy\":\"\",\"usableColumn\":false},{\"capJavaField\":\"CargoVolume\",\"columnComment\":\"货物体积\",\"columnId\":39,\"columnName\":\"cargo_volume\",\"columnType\":\"double\",\"createBy\":\"admin\",\"createTime\":\"2023-12-15 20:27:42\",\"dictType\":\"\",\"edit\":true,\"htmlType\":\"input\",\"increment\":false,\"insert\":true,\"isEdit\":\"1\",\"isIncrement\":\"0\",\"isInsert\":\"1\",\"isList\":\"1\",\"isPk\":\"0\",\"isQuery\":\"1\",\"javaField\":\"cargoVolume\",\"javaType\":\"Long\",\"list\":tru', '{\"msg\":\"操作成功\",\"code\":200}', 0, NULL, '2023-12-15 20:30:33', 23);
INSERT INTO `sys_oper_log` VALUES (240, '菜单管理', 2, 'com.ruoyi.web.controller.system.SysMenuController.edit()', 'PUT', 1, 'admin', NULL, '/system/menu', '127.0.0.1', '内网IP', '{\"children\":[],\"createTime\":\"2023-11-12 10:39:28\",\"icon\":\"build\",\"isCache\":\"0\",\"isFrame\":\"1\",\"menuId\":2000,\"menuName\":\"货物调度管理系统\",\"menuType\":\"M\",\"orderNum\":0,\"params\":{},\"parentId\":0,\"path\":\"system\",\"perms\":\"\",\"status\":\"0\",\"updateBy\":\"admin\",\"visible\":\"0\"}', '{\"msg\":\"操作成功\",\"code\":200}', 0, NULL, '2023-12-15 20:31:24', 19);
INSERT INTO `sys_oper_log` VALUES (241, '菜单管理', 2, 'com.ruoyi.web.controller.system.SysMenuController.edit()', 'PUT', 1, 'admin', NULL, '/system/menu', '127.0.0.1', '内网IP', '{\"children\":[],\"component\":\"containerinfo\",\"createTime\":\"2023-11-12 11:10:05\",\"icon\":\"checkbox\",\"isCache\":\"1\",\"isFrame\":\"1\",\"menuId\":2008,\"menuName\":\"集装箱管理\",\"menuType\":\"C\",\"orderNum\":0,\"params\":{},\"parentId\":2039,\"path\":\"container_info\",\"perms\":\"\",\"status\":\"0\",\"updateBy\":\"admin\",\"visible\":\"0\"}', '{\"msg\":\"操作成功\",\"code\":200}', 0, NULL, '2023-12-15 20:32:50', 8);
INSERT INTO `sys_oper_log` VALUES (242, '菜单管理', 1, 'com.ruoyi.web.controller.system.SysMenuController.add()', 'POST', 1, 'admin', NULL, '/system/menu', '127.0.0.1', '内网IP', '{\"children\":[],\"component\":\"cargoinfo\",\"createBy\":\"admin\",\"icon\":\"checkbox\",\"isCache\":\"1\",\"isFrame\":\"1\",\"menuName\":\"货物管理\",\"menuType\":\"C\",\"orderNum\":0,\"params\":{},\"parentId\":2000,\"path\":\"cargoinfo\",\"status\":\"0\",\"visible\":\"0\"}', '{\"msg\":\"操作成功\",\"code\":200}', 0, NULL, '2023-12-15 20:42:01', 7);
INSERT INTO `sys_oper_log` VALUES (243, '菜单管理', 2, 'com.ruoyi.web.controller.system.SysMenuController.edit()', 'PUT', 1, 'admin', NULL, '/system/menu', '127.0.0.1', '内网IP', '{\"children\":[],\"component\":\"shipinfo\",\"createTime\":\"2023-11-12 11:03:48\",\"icon\":\"message\",\"isCache\":\"1\",\"isFrame\":\"1\",\"menuId\":2005,\"menuName\":\"货轮管理\",\"menuType\":\"C\",\"orderNum\":0,\"params\":{},\"parentId\":2001,\"path\":\"ship_info\",\"perms\":\"\",\"status\":\"0\",\"updateBy\":\"admin\",\"visible\":\"0\"}', '{\"msg\":\"操作成功\",\"code\":200}', 0, NULL, '2023-12-15 20:43:19', 11);
INSERT INTO `sys_oper_log` VALUES (244, '菜单管理', 2, 'com.ruoyi.web.controller.system.SysMenuController.edit()', 'PUT', 1, 'admin', NULL, '/system/menu', '127.0.0.1', '内网IP', '{\"children\":[],\"component\":\"cargoinfo\",\"createTime\":\"2023-12-15 20:42:01\",\"icon\":\"checkbox\",\"isCache\":\"1\",\"isFrame\":\"1\",\"menuId\":2040,\"menuName\":\"货物管理\",\"menuType\":\"C\",\"orderNum\":0,\"params\":{},\"parentId\":2000,\"path\":\"cargo_info\",\"perms\":\"\",\"status\":\"0\",\"updateBy\":\"admin\",\"visible\":\"0\"}', '{\"msg\":\"操作成功\",\"code\":200}', 0, NULL, '2023-12-15 20:45:42', 6);
INSERT INTO `sys_oper_log` VALUES (245, '菜单管理', 2, 'com.ruoyi.web.controller.system.SysMenuController.edit()', 'PUT', 1, 'admin', NULL, '/system/menu', '127.0.0.1', '内网IP', '{\"children\":[],\"component\":\"cargoinfo\",\"createTime\":\"2023-12-15 20:42:01\",\"icon\":\"checkbox\",\"isCache\":\"1\",\"isFrame\":\"1\",\"menuId\":2040,\"menuName\":\"货物管理\",\"menuType\":\"C\",\"orderNum\":1,\"params\":{},\"parentId\":2000,\"path\":\"cargo_info\",\"perms\":\"\",\"status\":\"0\",\"updateBy\":\"admin\",\"visible\":\"0\"}', '{\"msg\":\"操作成功\",\"code\":200}', 0, NULL, '2023-12-15 20:46:20', 12);
INSERT INTO `sys_oper_log` VALUES (246, '菜单管理', 2, 'com.ruoyi.web.controller.system.SysMenuController.edit()', 'PUT', 1, 'admin', NULL, '/system/menu', '127.0.0.1', '内网IP', '{\"children\":[],\"createTime\":\"2023-11-12 10:39:28\",\"icon\":\"build\",\"isCache\":\"0\",\"isFrame\":\"1\",\"menuId\":2000,\"menuName\":\"货物调度管理系统\",\"menuType\":\"M\",\"orderNum\":5,\"params\":{},\"parentId\":0,\"path\":\"system\",\"perms\":\"\",\"status\":\"0\",\"updateBy\":\"admin\",\"visible\":\"0\"}', '{\"msg\":\"操作成功\",\"code\":200}', 0, NULL, '2023-12-15 20:46:35', 7);
INSERT INTO `sys_oper_log` VALUES (247, '菜单管理', 2, 'com.ruoyi.web.controller.system.SysMenuController.edit()', 'PUT', 1, 'admin', NULL, '/system/menu', '127.0.0.1', '内网IP', '{\"children\":[],\"createTime\":\"2023-11-12 10:41:57\",\"icon\":\"druid\",\"isCache\":\"0\",\"isFrame\":\"1\",\"menuId\":2001,\"menuName\":\"智慧航运管理系统\",\"menuType\":\"M\",\"orderNum\":1,\"params\":{},\"parentId\":0,\"path\":\"mobile\",\"perms\":\"\",\"status\":\"0\",\"updateBy\":\"admin\",\"visible\":\"0\"}', '{\"msg\":\"操作成功\",\"code\":200}', 0, NULL, '2023-12-15 20:47:08', 11);
INSERT INTO `sys_oper_log` VALUES (248, '菜单管理', 2, 'com.ruoyi.web.controller.system.SysMenuController.edit()', 'PUT', 1, 'admin', NULL, '/system/menu', '127.0.0.1', '内网IP', '{\"children\":[],\"createTime\":\"2023-12-12 15:07:39\",\"icon\":\"cascader\",\"isCache\":\"0\",\"isFrame\":\"1\",\"menuId\":2039,\"menuName\":\"智慧港口管理系统\",\"menuType\":\"M\",\"orderNum\":2,\"params\":{},\"parentId\":0,\"path\":\"portmanage\",\"perms\":\"\",\"status\":\"0\",\"updateBy\":\"admin\",\"visible\":\"0\"}', '{\"msg\":\"操作成功\",\"code\":200}', 0, NULL, '2023-12-15 20:47:18', 12);
INSERT INTO `sys_oper_log` VALUES (249, '菜单管理', 2, 'com.ruoyi.web.controller.system.SysMenuController.edit()', 'PUT', 1, 'admin', NULL, '/system/menu', '127.0.0.1', '内网IP', '{\"children\":[],\"createTime\":\"2023-11-12 10:39:28\",\"icon\":\"build\",\"isCache\":\"0\",\"isFrame\":\"1\",\"menuId\":2000,\"menuName\":\"货物调度管理系统\",\"menuType\":\"M\",\"orderNum\":3,\"params\":{},\"parentId\":0,\"path\":\"system\",\"perms\":\"\",\"status\":\"0\",\"updateBy\":\"admin\",\"visible\":\"0\"}', '{\"msg\":\"操作成功\",\"code\":200}', 0, NULL, '2023-12-15 20:47:28', 14);
INSERT INTO `sys_oper_log` VALUES (250, '菜单管理', 2, 'com.ruoyi.web.controller.system.SysMenuController.edit()', 'PUT', 1, 'admin', NULL, '/system/menu', '127.0.0.1', '内网IP', '{\"children\":[],\"component\":\"visualization\",\"createTime\":\"2023-11-12 10:59:19\",\"icon\":\"chart\",\"isCache\":\"0\",\"isFrame\":\"1\",\"menuId\":2003,\"menuName\":\"货物调配数字孪生可视化\",\"menuType\":\"C\",\"orderNum\":4,\"params\":{},\"parentId\":0,\"path\":\"visualization\",\"perms\":\"\",\"status\":\"0\",\"updateBy\":\"admin\",\"visible\":\"0\"}', '{\"msg\":\"操作成功\",\"code\":200}', 0, NULL, '2023-12-15 20:47:42', 12);
INSERT INTO `sys_oper_log` VALUES (251, '菜单管理', 2, 'com.ruoyi.web.controller.system.SysMenuController.edit()', 'PUT', 1, 'admin', NULL, '/system/menu', '127.0.0.1', '内网IP', '{\"children\":[],\"createTime\":\"2023-11-11 14:14:55\",\"icon\":\"guide\",\"isCache\":\"0\",\"isFrame\":\"0\",\"menuId\":4,\"menuName\":\"若依官网\",\"menuType\":\"M\",\"orderNum\":99,\"params\":{},\"parentId\":0,\"path\":\"http://ruoyi.vip\",\"perms\":\"\",\"query\":\"\",\"status\":\"1\",\"updateBy\":\"admin\",\"visible\":\"1\"}', '{\"msg\":\"操作成功\",\"code\":200}', 0, NULL, '2023-12-15 20:47:50', 15);
INSERT INTO `sys_oper_log` VALUES (252, '菜单管理', 2, 'com.ruoyi.web.controller.system.SysMenuController.edit()', 'PUT', 1, 'admin', NULL, '/system/menu', '127.0.0.1', '内网IP', '{\"children\":[],\"createTime\":\"2023-11-11 14:14:55\",\"icon\":\"system\",\"isCache\":\"0\",\"isFrame\":\"1\",\"menuId\":1,\"menuName\":\"系统管理\",\"menuType\":\"M\",\"orderNum\":98,\"params\":{},\"parentId\":0,\"path\":\"system\",\"perms\":\"\",\"query\":\"\",\"status\":\"0\",\"updateBy\":\"admin\",\"visible\":\"0\"}', '{\"msg\":\"操作成功\",\"code\":200}', 0, NULL, '2023-12-15 20:48:04', 6);
INSERT INTO `sys_oper_log` VALUES (253, '菜单管理', 2, 'com.ruoyi.web.controller.system.SysMenuController.edit()', 'PUT', 1, 'admin', NULL, '/system/menu', '127.0.0.1', '内网IP', '{\"children\":[],\"createTime\":\"2023-11-11 14:14:55\",\"icon\":\"monitor\",\"isCache\":\"0\",\"isFrame\":\"1\",\"menuId\":2,\"menuName\":\"系统监控\",\"menuType\":\"M\",\"orderNum\":97,\"params\":{},\"parentId\":0,\"path\":\"monitor\",\"perms\":\"\",\"query\":\"\",\"status\":\"0\",\"updateBy\":\"admin\",\"visible\":\"0\"}', '{\"msg\":\"操作成功\",\"code\":200}', 0, NULL, '2023-12-15 20:48:11', 17);
INSERT INTO `sys_oper_log` VALUES (254, '菜单管理', 2, 'com.ruoyi.web.controller.system.SysMenuController.edit()', 'PUT', 1, 'admin', NULL, '/system/menu', '127.0.0.1', '内网IP', '{\"children\":[],\"createTime\":\"2023-11-11 14:14:55\",\"icon\":\"tool\",\"isCache\":\"0\",\"isFrame\":\"1\",\"menuId\":3,\"menuName\":\"系统工具\",\"menuType\":\"M\",\"orderNum\":96,\"params\":{},\"parentId\":0,\"path\":\"tool\",\"perms\":\"\",\"query\":\"\",\"status\":\"0\",\"updateBy\":\"admin\",\"visible\":\"0\"}', '{\"msg\":\"操作成功\",\"code\":200}', 0, NULL, '2023-12-15 20:48:18', 12);
INSERT INTO `sys_oper_log` VALUES (255, '菜单管理', 2, 'com.ruoyi.web.controller.system.SysMenuController.edit()', 'PUT', 1, 'admin', NULL, '/system/menu', '127.0.0.1', '内网IP', '{\"children\":[],\"createTime\":\"2023-11-12 10:39:28\",\"icon\":\"build\",\"isCache\":\"0\",\"isFrame\":\"1\",\"menuId\":2000,\"menuName\":\"货物调度管理系统\",\"menuType\":\"M\",\"orderNum\":3,\"params\":{},\"parentId\":0,\"path\":\"cargoinfo\",\"perms\":\"\",\"status\":\"0\",\"updateBy\":\"admin\",\"visible\":\"0\"}', '{\"msg\":\"操作成功\",\"code\":200}', 0, NULL, '2023-12-15 20:48:51', 5);
INSERT INTO `sys_oper_log` VALUES (256, '代码生成', 2, 'com.ruoyi.generator.controller.GenController.editSave()', 'PUT', 1, 'admin', NULL, '/tool/gen', '127.0.0.1', '内网IP', '{\"businessName\":\"cargoinfo\",\"className\":\"BCargo\",\"columns\":[{\"capJavaField\":\"CargoId\",\"columnComment\":\"货物id\",\"columnId\":36,\"columnName\":\"cargo_id\",\"columnType\":\"int\",\"createBy\":\"admin\",\"createTime\":\"2023-12-15 20:27:42\",\"dictType\":\"\",\"edit\":false,\"htmlType\":\"input\",\"increment\":true,\"insert\":true,\"isIncrement\":\"1\",\"isInsert\":\"1\",\"isPk\":\"1\",\"javaField\":\"cargoId\",\"javaType\":\"Long\",\"list\":false,\"params\":{},\"pk\":true,\"query\":false,\"queryType\":\"EQ\",\"required\":false,\"sort\":1,\"superColumn\":false,\"tableId\":8,\"updateBy\":\"\",\"updateTime\":\"2023-12-15 20:30:33\",\"usableColumn\":false},{\"capJavaField\":\"CargoType\",\"columnComment\":\"货物类型\",\"columnId\":37,\"columnName\":\"cargo_type\",\"columnType\":\"varchar(255)\",\"createBy\":\"admin\",\"createTime\":\"2023-12-15 20:27:42\",\"dictType\":\"\",\"edit\":true,\"htmlType\":\"select\",\"increment\":false,\"insert\":true,\"isEdit\":\"1\",\"isIncrement\":\"0\",\"isInsert\":\"1\",\"isList\":\"1\",\"isPk\":\"0\",\"isQuery\":\"1\",\"javaField\":\"cargoType\",\"javaType\":\"String\",\"list\":true,\"params\":{},\"pk\":false,\"query\":true,\"queryType\":\"EQ\",\"required\":false,\"sort\":2,\"superColumn\":false,\"tableId\":8,\"updateBy\":\"\",\"updateTime\":\"2023-12-15 20:30:33\",\"usableColumn\":false},{\"capJavaField\":\"CargoWeight\",\"columnComment\":\"货物重量\",\"columnId\":38,\"columnName\":\"cargo_weight\",\"columnType\":\"double\",\"createBy\":\"admin\",\"createTime\":\"2023-12-15 20:27:42\",\"dictType\":\"\",\"edit\":true,\"htmlType\":\"input\",\"increment\":false,\"insert\":true,\"isEdit\":\"1\",\"isIncrement\":\"0\",\"isInsert\":\"1\",\"isList\":\"1\",\"isPk\":\"0\",\"isQuery\":\"1\",\"javaField\":\"cargoWeight\",\"javaType\":\"Long\",\"list\":true,\"params\":{},\"pk\":false,\"query\":true,\"queryType\":\"EQ\",\"required\":false,\"sort\":3,\"superColumn\":false,\"tableId\":8,\"updateBy\":\"\",\"updateTime\":\"2023-12-15 20:30:33\",\"usableColumn\":false},{\"capJavaField\":\"CargoVolume\",\"columnComment\":\"货物体积\",\"columnId\":39,\"columnName\":\"cargo_volume\",\"columnType\":\"double\",\"createBy\":\"admin\",\"createTime\":\"2023-12-15 20:27:42\",\"dictType\":\"\",\"edit\":true,\"htmlType\":\"input\",\"increment\":false,\"insert\":true,\"isEdit\":\"1\",\"isIncrement\":\"0\",\"i', '{\"msg\":\"操作成功\",\"code\":200}', 0, NULL, '2023-12-15 20:49:46', 17);
INSERT INTO `sys_oper_log` VALUES (257, '代码生成', 8, 'com.ruoyi.generator.controller.GenController.batchGenCode()', 'GET', 1, 'admin', NULL, '/tool/gen/batchGenCode', '127.0.0.1', '内网IP', '{\"tables\":\"b_cargo\"}', NULL, 0, NULL, '2023-12-15 20:49:49', 182);
INSERT INTO `sys_oper_log` VALUES (258, 'wxuser', 2, 'com.ruoyi.web.controller.user.WxUserController.edit()', 'PUT', 1, 'admin', NULL, '/user/user', '127.0.0.1', '内网IP', '{\"openId\":\"ogj5Q6VEG1HHJMqTEebwUtIPlGBs\",\"params\":{},\"phoneNumber\":\"13236310189\",\"userIdentity\":\"货物检测人员\",\"userName\":\"朱亮\",\"walletBalance\":0}', '{\"msg\":\"操作成功\",\"code\":200}', 0, NULL, '2023-12-15 21:03:42', 16);
INSERT INTO `sys_oper_log` VALUES (259, 'wxuser', 2, 'com.ruoyi.web.controller.user.WxUserController.edit()', 'PUT', 1, 'admin', NULL, '/user/user', '127.0.0.1', '内网IP', '{\"openId\":\"ogj5Q6VEG1HHJMqTEebwUtIPlGBs\",\"params\":{},\"phoneNumber\":\"13236310189\",\"userIdentity\":\"用户\",\"userName\":\"朱亮\",\"walletBalance\":0}', '{\"msg\":\"操作成功\",\"code\":200}', 0, NULL, '2023-12-15 21:04:05', 12);
INSERT INTO `sys_oper_log` VALUES (260, '货物信息', 1, 'com.ruoyi.web.controller.cargoinfo.BCargoController.add()', 'POST', 1, 'admin', NULL, '/cargoinfo/cargoinfo', '127.0.0.1', '内网IP', '{\"cargoVolume\":232,\"cargoWeight\":2334,\"params\":{},\"userId\":\"1\",\"wxUserList\":[]}', NULL, 1, '\r\n### Error updating database.  Cause: java.sql.SQLIntegrityConstraintViolationException: Cannot add or update a child row: a foreign key constraint fails (`cargo`.`b_cargo`, CONSTRAINT `用户` FOREIGN KEY (`user_id`) REFERENCES `wx_user` (`open_id`) ON DELETE CASCADE ON UPDATE CASCADE)\r\n### The error may exist in file [C:\\Users\\16789\\Desktop\\总文件\\项目\\Cargo-ship-carrying-visualization-platform-system1\\cargo-cargoinfo\\target\\classes\\mapper\\cargoinfo\\BCargoMapper.xml]\r\n### The error may involve com.ruoyi.cargoinfo.mapper.BCargoMapper.insertBCargo-Inline\r\n### The error occurred while setting parameters\r\n### SQL: insert into b_cargo          ( cargo_weight,             cargo_volume,                                       user_id )           values ( ?,             ?,                                       ? )\r\n### Cause: java.sql.SQLIntegrityConstraintViolationException: Cannot add or update a child row: a foreign key constraint fails (`cargo`.`b_cargo`, CONSTRAINT `用户` FOREIGN KEY (`user_id`) REFERENCES `wx_user` (`open_id`) ON DELETE CASCADE ON UPDATE CASCADE)\n; Cannot add or update a child row: a foreign key constraint fails (`cargo`.`b_cargo`, CONSTRAINT `用户` FOREIGN KEY (`user_id`) REFERENCES `wx_user` (`open_id`) ON DELETE CASCADE ON UPDATE CASCADE); nested exception is java.sql.SQLIntegrityConstraintViolationException: Cannot add or update a child row: a foreign key constraint fails (`cargo`.`b_cargo`, CONSTRAINT `用户` FOREIGN KEY (`user_id`) REFERENCES `wx_user` (`open_id`) ON DELETE CASCADE ON UPDATE CASCADE)', '2023-12-15 21:08:16', 78);
INSERT INTO `sys_oper_log` VALUES (261, '代码生成', 3, 'com.ruoyi.generator.controller.GenController.remove()', 'DELETE', 1, 'admin', NULL, '/tool/gen/8', '127.0.0.1', '内网IP', '{}', '{\"msg\":\"操作成功\",\"code\":200}', 0, NULL, '2023-12-15 21:09:45', 17);
INSERT INTO `sys_oper_log` VALUES (262, '代码生成', 6, 'com.ruoyi.generator.controller.GenController.importTableSave()', 'POST', 1, 'admin', NULL, '/tool/gen/importTable', '127.0.0.1', '内网IP', '{\"tables\":\"b_cargo\"}', '{\"msg\":\"操作成功\",\"code\":200}', 0, NULL, '2023-12-15 21:09:52', 57);
INSERT INTO `sys_oper_log` VALUES (263, '代码生成', 2, 'com.ruoyi.generator.controller.GenController.editSave()', 'PUT', 1, 'admin', NULL, '/tool/gen', '127.0.0.1', '内网IP', '{\"businessName\":\"cargoinfo\",\"className\":\"BCargo\",\"columns\":[{\"capJavaField\":\"CargoId\",\"columnComment\":\"货物id\",\"columnId\":43,\"columnName\":\"cargo_id\",\"columnType\":\"int\",\"createBy\":\"admin\",\"createTime\":\"2023-12-15 21:09:52\",\"dictType\":\"\",\"edit\":false,\"htmlType\":\"input\",\"increment\":true,\"insert\":true,\"isIncrement\":\"1\",\"isInsert\":\"1\",\"isPk\":\"1\",\"javaField\":\"cargoId\",\"javaType\":\"Long\",\"list\":false,\"params\":{},\"pk\":true,\"query\":false,\"queryType\":\"EQ\",\"required\":false,\"sort\":1,\"superColumn\":false,\"tableId\":9,\"updateBy\":\"\",\"usableColumn\":false},{\"capJavaField\":\"CargoName\",\"columnComment\":\"货物名称\",\"columnId\":44,\"columnName\":\"cargo_name\",\"columnType\":\"varchar(255)\",\"createBy\":\"admin\",\"createTime\":\"2023-12-15 21:09:52\",\"dictType\":\"\",\"edit\":true,\"htmlType\":\"input\",\"increment\":false,\"insert\":true,\"isEdit\":\"1\",\"isIncrement\":\"0\",\"isInsert\":\"1\",\"isList\":\"1\",\"isPk\":\"0\",\"isQuery\":\"1\",\"javaField\":\"cargoName\",\"javaType\":\"String\",\"list\":true,\"params\":{},\"pk\":false,\"query\":true,\"queryType\":\"LIKE\",\"required\":false,\"sort\":2,\"superColumn\":false,\"tableId\":9,\"updateBy\":\"\",\"usableColumn\":false},{\"capJavaField\":\"CargoType\",\"columnComment\":\"货物类型\",\"columnId\":45,\"columnName\":\"cargo_type\",\"columnType\":\"varchar(255)\",\"createBy\":\"admin\",\"createTime\":\"2023-12-15 21:09:52\",\"dictType\":\"\",\"edit\":true,\"htmlType\":\"select\",\"increment\":false,\"insert\":true,\"isEdit\":\"1\",\"isIncrement\":\"0\",\"isInsert\":\"1\",\"isList\":\"1\",\"isPk\":\"0\",\"isQuery\":\"1\",\"javaField\":\"cargoType\",\"javaType\":\"String\",\"list\":true,\"params\":{},\"pk\":false,\"query\":true,\"queryType\":\"EQ\",\"required\":false,\"sort\":3,\"superColumn\":false,\"tableId\":9,\"updateBy\":\"\",\"usableColumn\":false},{\"capJavaField\":\"CargoWeight\",\"columnComment\":\"货物重量\",\"columnId\":46,\"columnName\":\"cargo_weight\",\"columnType\":\"double\",\"createBy\":\"admin\",\"createTime\":\"2023-12-15 21:09:52\",\"dictType\":\"\",\"edit\":true,\"htmlType\":\"input\",\"increment\":false,\"insert\":true,\"isEdit\":\"1\",\"isIncrement\":\"0\",\"isInsert\":\"1\",\"isList\":\"1\",\"isPk\":\"0\",\"isQuery\":\"1\",\"javaField\":\"cargoWeight\",\"javaType\":\"Long\",\"list\"', '{\"msg\":\"操作成功\",\"code\":200}', 0, NULL, '2023-12-15 21:11:28', 33);
INSERT INTO `sys_oper_log` VALUES (264, '代码生成', 2, 'com.ruoyi.generator.controller.GenController.editSave()', 'PUT', 1, 'admin', NULL, '/tool/gen', '127.0.0.1', '内网IP', '{\"businessName\":\"cargoinfo\",\"className\":\"BCargo\",\"columns\":[{\"capJavaField\":\"CargoId\",\"columnComment\":\"货物id\",\"columnId\":43,\"columnName\":\"cargo_id\",\"columnType\":\"int\",\"createBy\":\"admin\",\"createTime\":\"2023-12-15 21:09:52\",\"dictType\":\"\",\"edit\":false,\"htmlType\":\"input\",\"increment\":true,\"insert\":true,\"isIncrement\":\"1\",\"isInsert\":\"1\",\"isPk\":\"1\",\"javaField\":\"cargoId\",\"javaType\":\"Long\",\"list\":false,\"params\":{},\"pk\":true,\"query\":false,\"queryType\":\"EQ\",\"required\":false,\"sort\":1,\"superColumn\":false,\"tableId\":9,\"updateBy\":\"\",\"updateTime\":\"2023-12-15 21:11:28\",\"usableColumn\":false},{\"capJavaField\":\"CargoName\",\"columnComment\":\"货物名称\",\"columnId\":44,\"columnName\":\"cargo_name\",\"columnType\":\"varchar(255)\",\"createBy\":\"admin\",\"createTime\":\"2023-12-15 21:09:52\",\"dictType\":\"\",\"edit\":true,\"htmlType\":\"input\",\"increment\":false,\"insert\":true,\"isEdit\":\"1\",\"isIncrement\":\"0\",\"isInsert\":\"1\",\"isList\":\"1\",\"isPk\":\"0\",\"isQuery\":\"1\",\"javaField\":\"cargoName\",\"javaType\":\"String\",\"list\":true,\"params\":{},\"pk\":false,\"query\":true,\"queryType\":\"LIKE\",\"required\":false,\"sort\":2,\"superColumn\":false,\"tableId\":9,\"updateBy\":\"\",\"updateTime\":\"2023-12-15 21:11:28\",\"usableColumn\":false},{\"capJavaField\":\"CargoType\",\"columnComment\":\"货物类型\",\"columnId\":45,\"columnName\":\"cargo_type\",\"columnType\":\"varchar(255)\",\"createBy\":\"admin\",\"createTime\":\"2023-12-15 21:09:52\",\"dictType\":\"\",\"edit\":true,\"htmlType\":\"select\",\"increment\":false,\"insert\":true,\"isEdit\":\"1\",\"isIncrement\":\"0\",\"isInsert\":\"1\",\"isList\":\"1\",\"isPk\":\"0\",\"isQuery\":\"1\",\"javaField\":\"cargoType\",\"javaType\":\"String\",\"list\":true,\"params\":{},\"pk\":false,\"query\":true,\"queryType\":\"EQ\",\"required\":false,\"sort\":3,\"superColumn\":false,\"tableId\":9,\"updateBy\":\"\",\"updateTime\":\"2023-12-15 21:11:28\",\"usableColumn\":false},{\"capJavaField\":\"CargoWeight\",\"columnComment\":\"货物重量\",\"columnId\":46,\"columnName\":\"cargo_weight\",\"columnType\":\"double\",\"createBy\":\"admin\",\"createTime\":\"2023-12-15 21:09:52\",\"dictType\":\"\",\"edit\":true,\"htmlType\":\"input\",\"increment\":false,\"insert\":true,\"isEdit\":\"1\",\"isIncrement\":\"0', '{\"msg\":\"操作成功\",\"code\":200}', 0, NULL, '2023-12-15 21:13:59', 16);
INSERT INTO `sys_oper_log` VALUES (265, '代码生成', 8, 'com.ruoyi.generator.controller.GenController.batchGenCode()', 'GET', 1, 'admin', NULL, '/tool/gen/batchGenCode', '127.0.0.1', '内网IP', '{\"tables\":\"b_cargo\"}', NULL, 0, NULL, '2023-12-15 21:18:27', 209);
INSERT INTO `sys_oper_log` VALUES (266, '货物管理', 1, 'com.ruoyi.web.controller.cargoinfo.BCargoController.add()', 'POST', 1, 'admin', NULL, '/cargoinfo/cargoinfo', '127.0.0.1', '内网IP', '{\"cargoId\":2,\"cargoImage\":\"/profile/upload/2023/12/15/1700204909_20231215212414A001.jpeg\",\"cargoName\":\"钢材\",\"cargoVolume\":30,\"cargoWeight\":20,\"params\":{},\"userId\":\"ogj5Q6VEG1HHJMqTEebwUtIPlGBs\"}', '{\"msg\":\"操作成功\",\"code\":200}', 0, NULL, '2023-12-15 21:24:38', 88);
INSERT INTO `sys_oper_log` VALUES (267, '菜单管理', 1, 'com.ruoyi.web.controller.system.SysMenuController.add()', 'POST', 1, 'admin', NULL, '/system/menu', '127.0.0.1', '内网IP', '{\"children\":[],\"component\":\"cargodistribution\",\"createBy\":\"admin\",\"icon\":\"component\",\"isCache\":\"1\",\"isFrame\":\"1\",\"menuName\":\"货物分配\",\"menuType\":\"C\",\"orderNum\":1,\"params\":{},\"parentId\":2000,\"path\":\"cargodistribution\",\"status\":\"0\",\"visible\":\"0\"}', '{\"msg\":\"操作成功\",\"code\":200}', 0, NULL, '2023-12-16 14:23:12', 15);
INSERT INTO `sys_oper_log` VALUES (268, '菜单管理', 2, 'com.ruoyi.web.controller.system.SysMenuController.edit()', 'PUT', 1, 'admin', NULL, '/system/menu', '127.0.0.1', '内网IP', '{\"children\":[],\"component\":\"freighterscheduling\",\"createTime\":\"2023-11-12 11:13:57\",\"icon\":\"edit\",\"isCache\":\"1\",\"isFrame\":\"1\",\"menuId\":2009,\"menuName\":\"航运计划管理\",\"menuType\":\"C\",\"orderNum\":0,\"params\":{},\"parentId\":2001,\"path\":\"freighter_scheduling\",\"perms\":\"\",\"status\":\"0\",\"updateBy\":\"admin\",\"visible\":\"0\"}', '{\"msg\":\"操作成功\",\"code\":200}', 0, NULL, '2023-12-16 14:45:38', 8);
INSERT INTO `sys_oper_log` VALUES (269, '代码生成', 6, 'com.ruoyi.generator.controller.GenController.importTableSave()', 'POST', 1, 'admin', NULL, '/tool/gen/importTable', '127.0.0.1', '内网IP', '{\"tables\":\"b_routeschedule\"}', '{\"msg\":\"操作成功\",\"code\":200}', 0, NULL, '2023-12-16 17:22:12', 52);
INSERT INTO `sys_oper_log` VALUES (270, '代码生成', 2, 'com.ruoyi.generator.controller.GenController.editSave()', 'PUT', 1, 'admin', NULL, '/tool/gen', '127.0.0.1', '内网IP', '{\"businessName\":\"routeschedule\",\"className\":\"BRouteschedule\",\"columns\":[{\"capJavaField\":\"RoutescheduleId\",\"columnComment\":\"航线计划id\",\"columnId\":51,\"columnName\":\"routeschedule_id\",\"columnType\":\"int\",\"createBy\":\"admin\",\"createTime\":\"2023-12-16 17:22:12\",\"dictType\":\"\",\"edit\":false,\"htmlType\":\"input\",\"increment\":true,\"insert\":true,\"isIncrement\":\"1\",\"isInsert\":\"1\",\"isPk\":\"1\",\"javaField\":\"routescheduleId\",\"javaType\":\"Long\",\"list\":false,\"params\":{},\"pk\":true,\"query\":false,\"queryType\":\"EQ\",\"required\":false,\"sort\":1,\"superColumn\":false,\"tableId\":10,\"updateBy\":\"\",\"usableColumn\":false},{\"capJavaField\":\"ShipId\",\"columnComment\":\"货轮id\",\"columnId\":52,\"columnName\":\"ship_id\",\"columnType\":\"int\",\"createBy\":\"admin\",\"createTime\":\"2023-12-16 17:22:12\",\"dictType\":\"\",\"edit\":true,\"htmlType\":\"input\",\"increment\":false,\"insert\":true,\"isEdit\":\"1\",\"isIncrement\":\"0\",\"isInsert\":\"1\",\"isList\":\"1\",\"isPk\":\"0\",\"isQuery\":\"1\",\"javaField\":\"shipId\",\"javaType\":\"Long\",\"list\":true,\"params\":{},\"pk\":false,\"query\":true,\"queryType\":\"EQ\",\"required\":false,\"sort\":2,\"superColumn\":false,\"tableId\":10,\"updateBy\":\"\",\"usableColumn\":false},{\"capJavaField\":\"RouteId\",\"columnComment\":\"航线id\",\"columnId\":53,\"columnName\":\"route_id\",\"columnType\":\"int\",\"createBy\":\"admin\",\"createTime\":\"2023-12-16 17:22:12\",\"dictType\":\"\",\"edit\":true,\"htmlType\":\"input\",\"increment\":false,\"insert\":true,\"isEdit\":\"1\",\"isIncrement\":\"0\",\"isInsert\":\"1\",\"isList\":\"1\",\"isPk\":\"0\",\"isQuery\":\"1\",\"javaField\":\"routeId\",\"javaType\":\"Long\",\"list\":true,\"params\":{},\"pk\":false,\"query\":true,\"queryType\":\"EQ\",\"required\":false,\"sort\":3,\"superColumn\":false,\"tableId\":10,\"updateBy\":\"\",\"usableColumn\":false},{\"capJavaField\":\"DeparturePort\",\"columnComment\":\"出发港口\",\"columnId\":54,\"columnName\":\"departure_port\",\"columnType\":\"varchar(255)\",\"createBy\":\"admin\",\"createTime\":\"2023-12-16 17:22:12\",\"dictType\":\"\",\"edit\":true,\"htmlType\":\"input\",\"increment\":false,\"insert\":true,\"isEdit\":\"1\",\"isIncrement\":\"0\",\"isInsert\":\"1\",\"isList\":\"1\",\"isPk\":\"0\",\"isQuery\":\"1\",\"javaField\":\"departurePort\",\"javaType\":', '{\"msg\":\"操作成功\",\"code\":200}', 0, NULL, '2023-12-16 17:23:23', 28);
INSERT INTO `sys_oper_log` VALUES (271, '代码生成', 2, 'com.ruoyi.generator.controller.GenController.editSave()', 'PUT', 1, 'admin', NULL, '/tool/gen', '127.0.0.1', '内网IP', '{\"businessName\":\"routeschedule\",\"className\":\"BRouteschedule\",\"columns\":[{\"capJavaField\":\"RoutescheduleId\",\"columnComment\":\"航线计划id\",\"columnId\":51,\"columnName\":\"routeschedule_id\",\"columnType\":\"int\",\"createBy\":\"admin\",\"createTime\":\"2023-12-16 17:22:12\",\"dictType\":\"\",\"edit\":false,\"htmlType\":\"input\",\"increment\":true,\"insert\":true,\"isIncrement\":\"1\",\"isInsert\":\"1\",\"isPk\":\"1\",\"javaField\":\"routescheduleId\",\"javaType\":\"Long\",\"list\":false,\"params\":{},\"pk\":true,\"query\":false,\"queryType\":\"EQ\",\"required\":false,\"sort\":1,\"superColumn\":false,\"tableId\":10,\"updateBy\":\"\",\"updateTime\":\"2023-12-16 17:23:23\",\"usableColumn\":false},{\"capJavaField\":\"ShipId\",\"columnComment\":\"货轮id\",\"columnId\":52,\"columnName\":\"ship_id\",\"columnType\":\"int\",\"createBy\":\"admin\",\"createTime\":\"2023-12-16 17:22:12\",\"dictType\":\"\",\"edit\":true,\"htmlType\":\"input\",\"increment\":false,\"insert\":true,\"isEdit\":\"1\",\"isIncrement\":\"0\",\"isInsert\":\"1\",\"isList\":\"1\",\"isPk\":\"0\",\"isQuery\":\"1\",\"javaField\":\"shipId\",\"javaType\":\"Long\",\"list\":true,\"params\":{},\"pk\":false,\"query\":true,\"queryType\":\"EQ\",\"required\":false,\"sort\":2,\"superColumn\":false,\"tableId\":10,\"updateBy\":\"\",\"updateTime\":\"2023-12-16 17:23:23\",\"usableColumn\":false},{\"capJavaField\":\"RouteId\",\"columnComment\":\"航线id\",\"columnId\":53,\"columnName\":\"route_id\",\"columnType\":\"int\",\"createBy\":\"admin\",\"createTime\":\"2023-12-16 17:22:12\",\"dictType\":\"\",\"edit\":true,\"htmlType\":\"input\",\"increment\":false,\"insert\":true,\"isEdit\":\"1\",\"isIncrement\":\"0\",\"isInsert\":\"1\",\"isList\":\"1\",\"isPk\":\"0\",\"isQuery\":\"1\",\"javaField\":\"routeId\",\"javaType\":\"Long\",\"list\":true,\"params\":{},\"pk\":false,\"query\":true,\"queryType\":\"EQ\",\"required\":false,\"sort\":3,\"superColumn\":false,\"tableId\":10,\"updateBy\":\"\",\"updateTime\":\"2023-12-16 17:23:23\",\"usableColumn\":false},{\"capJavaField\":\"DeparturePort\",\"columnComment\":\"出发港口\",\"columnId\":54,\"columnName\":\"departure_port\",\"columnType\":\"varchar(255)\",\"createBy\":\"admin\",\"createTime\":\"2023-12-16 17:22:12\",\"dictType\":\"\",\"edit\":true,\"htmlType\":\"input\",\"increment\":false,\"insert\":true,\"isEdit\":\"1\",\"isIn', '{\"msg\":\"操作成功\",\"code\":200}', 0, NULL, '2023-12-16 17:23:45', 18);
INSERT INTO `sys_oper_log` VALUES (272, '代码生成', 8, 'com.ruoyi.generator.controller.GenController.batchGenCode()', 'GET', 1, 'admin', NULL, '/tool/gen/batchGenCode', '127.0.0.1', '内网IP', '{\"tables\":\"b_routeschedule\"}', NULL, 0, NULL, '2023-12-16 17:23:52', 165);
INSERT INTO `sys_oper_log` VALUES (273, '菜单管理', 2, 'com.ruoyi.web.controller.system.SysMenuController.edit()', 'PUT', 1, 'admin', NULL, '/system/menu', '127.0.0.1', '内网IP', '{\"children\":[],\"component\":\"freighterschedule\",\"createTime\":\"2023-11-12 11:13:57\",\"icon\":\"edit\",\"isCache\":\"1\",\"isFrame\":\"1\",\"menuId\":2009,\"menuName\":\"航运计划管理\",\"menuType\":\"C\",\"orderNum\":0,\"params\":{},\"parentId\":2001,\"path\":\"freighter_scheduling\",\"perms\":\"\",\"status\":\"0\",\"updateBy\":\"admin\",\"visible\":\"0\"}', '{\"msg\":\"操作成功\",\"code\":200}', 0, NULL, '2023-12-16 17:36:19', 29);
INSERT INTO `sys_oper_log` VALUES (274, '菜单管理', 2, 'com.ruoyi.web.controller.system.SysMenuController.edit()', 'PUT', 1, 'admin', NULL, '/system/menu', '127.0.0.1', '内网IP', '{\"children\":[],\"component\":\"routeschedule\",\"createTime\":\"2023-11-12 11:13:57\",\"icon\":\"edit\",\"isCache\":\"1\",\"isFrame\":\"1\",\"menuId\":2009,\"menuName\":\"航运计划管理\",\"menuType\":\"C\",\"orderNum\":0,\"params\":{},\"parentId\":2001,\"path\":\"freighter_scheduling\",\"perms\":\"\",\"status\":\"0\",\"updateBy\":\"admin\",\"visible\":\"0\"}', '{\"msg\":\"操作成功\",\"code\":200}', 0, NULL, '2023-12-16 17:36:51', 12);
INSERT INTO `sys_oper_log` VALUES (275, '航运计划', 1, 'com.ruoyi.web.controller.routeschedule.BRoutescheduleController.add()', 'POST', 1, 'admin', NULL, '/routeschedule/routeschedule', '127.0.0.1', '内网IP', '{\"departurePort\":\"连云港\",\"endingPort\":\"厦门\",\"estimatedDuration\":3,\"params\":{},\"routeDistance\":837,\"routeId\":1,\"routescheduleId\":1,\"shipId\":2,\"startTime\":\"2023-12-16\"}', '{\"msg\":\"操作成功\",\"code\":200}', 0, NULL, '2023-12-16 17:44:12', 18);
INSERT INTO `sys_oper_log` VALUES (276, '菜单管理', 1, 'com.ruoyi.web.controller.system.SysMenuController.add()', 'POST', 1, 'admin', NULL, '/system/menu', '127.0.0.1', '内网IP', '{\"children\":[],\"component\":\"portuser\",\"createBy\":\"admin\",\"icon\":\"button\",\"isCache\":\"1\",\"isFrame\":\"1\",\"menuName\":\"港口用户管理\",\"menuType\":\"C\",\"orderNum\":0,\"params\":{},\"parentId\":2039,\"path\":\"portuser\",\"status\":\"0\",\"visible\":\"0\"}', '{\"msg\":\"操作成功\",\"code\":200}', 0, NULL, '2023-12-16 17:46:35', 13);
INSERT INTO `sys_oper_log` VALUES (277, '菜单管理', 1, 'com.ruoyi.web.controller.system.SysMenuController.add()', 'POST', 1, 'admin', NULL, '/system/menu', '127.0.0.1', '内网IP', '{\"children\":[],\"component\":\"portschedule\",\"createBy\":\"admin\",\"icon\":\"cascader\",\"isCache\":\"1\",\"isFrame\":\"1\",\"menuName\":\"港口航运计划\",\"menuType\":\"C\",\"orderNum\":0,\"params\":{},\"parentId\":2039,\"path\":\"portschedule\",\"status\":\"0\",\"visible\":\"0\"}', '{\"msg\":\"操作成功\",\"code\":200}', 0, NULL, '2023-12-16 17:47:14', 12);
INSERT INTO `sys_oper_log` VALUES (278, '菜单管理', 1, 'com.ruoyi.web.controller.system.SysMenuController.add()', 'POST', 1, 'admin', NULL, '/system/menu', '127.0.0.1', '内网IP', '{\"children\":[],\"component\":\"portorder\",\"createBy\":\"admin\",\"icon\":\"checkbox\",\"isCache\":\"1\",\"isFrame\":\"1\",\"menuName\":\"港口订单管理\",\"menuType\":\"C\",\"orderNum\":0,\"params\":{},\"parentId\":2039,\"path\":\"portorder\",\"status\":\"0\",\"visible\":\"0\"}', '{\"msg\":\"操作成功\",\"code\":200}', 0, NULL, '2023-12-16 17:47:44', 10);
INSERT INTO `sys_oper_log` VALUES (279, '菜单管理', 2, 'com.ruoyi.web.controller.system.SysMenuController.edit()', 'PUT', 1, 'admin', NULL, '/system/menu', '127.0.0.1', '内网IP', '{\"children\":[],\"component\":\"feedinfo\",\"createTime\":\"2023-11-12 11:05:39\",\"icon\":\"user\",\"isCache\":\"1\",\"isFrame\":\"1\",\"menuId\":2006,\"menuName\":\"用户反馈管理\",\"menuType\":\"C\",\"orderNum\":1,\"params\":{},\"parentId\":2001,\"path\":\"feed_info\",\"perms\":\"\",\"status\":\"0\",\"updateBy\":\"admin\",\"visible\":\"0\"}', '{\"msg\":\"操作成功\",\"code\":200}', 0, NULL, '2023-12-16 17:48:30', 6);
INSERT INTO `sys_oper_log` VALUES (280, '菜单管理', 2, 'com.ruoyi.web.controller.system.SysMenuController.edit()', 'PUT', 1, 'admin', NULL, '/system/menu', '127.0.0.1', '内网IP', '{\"children\":[],\"component\":\"orderinfo\",\"createTime\":\"2023-11-12 11:07:57\",\"icon\":\"date-range\",\"isCache\":\"1\",\"isFrame\":\"1\",\"menuId\":2007,\"menuName\":\"订单管理\",\"menuType\":\"C\",\"orderNum\":2,\"params\":{},\"parentId\":2001,\"path\":\"order_info\",\"perms\":\"\",\"status\":\"0\",\"updateBy\":\"admin\",\"visible\":\"0\"}', '{\"msg\":\"操作成功\",\"code\":200}', 0, NULL, '2023-12-16 17:48:52', 11);
INSERT INTO `sys_oper_log` VALUES (281, '菜单管理', 2, 'com.ruoyi.web.controller.system.SysMenuController.edit()', 'PUT', 1, 'admin', NULL, '/system/menu', '127.0.0.1', '内网IP', '{\"children\":[],\"component\":\"route\",\"createTime\":\"2023-11-12 11:01:59\",\"icon\":\"guide\",\"isCache\":\"1\",\"isFrame\":\"1\",\"menuId\":2004,\"menuName\":\"航线管理\",\"menuType\":\"C\",\"orderNum\":3,\"params\":{},\"parentId\":2001,\"path\":\"route\",\"perms\":\"\",\"status\":\"0\",\"updateBy\":\"admin\",\"visible\":\"0\"}', '{\"msg\":\"操作成功\",\"code\":200}', 0, NULL, '2023-12-16 17:49:01', 10);
INSERT INTO `sys_oper_log` VALUES (282, '菜单管理', 2, 'com.ruoyi.web.controller.system.SysMenuController.edit()', 'PUT', 1, 'admin', NULL, '/system/menu', '127.0.0.1', '内网IP', '{\"children\":[],\"component\":\"shipinfo\",\"createTime\":\"2023-11-12 11:03:48\",\"icon\":\"message\",\"isCache\":\"1\",\"isFrame\":\"1\",\"menuId\":2005,\"menuName\":\"货轮管理\",\"menuType\":\"C\",\"orderNum\":4,\"params\":{},\"parentId\":2001,\"path\":\"ship_info\",\"perms\":\"\",\"status\":\"0\",\"updateBy\":\"admin\",\"visible\":\"0\"}', '{\"msg\":\"操作成功\",\"code\":200}', 0, NULL, '2023-12-16 17:49:11', 7);
INSERT INTO `sys_oper_log` VALUES (283, '菜单管理', 2, 'com.ruoyi.web.controller.system.SysMenuController.edit()', 'PUT', 1, 'admin', NULL, '/system/menu', '127.0.0.1', '内网IP', '{\"children\":[],\"component\":\"routeschedule\",\"createTime\":\"2023-11-12 11:13:57\",\"icon\":\"edit\",\"isCache\":\"1\",\"isFrame\":\"1\",\"menuId\":2009,\"menuName\":\"航运计划管理\",\"menuType\":\"C\",\"orderNum\":5,\"params\":{},\"parentId\":2001,\"path\":\"freighter_scheduling\",\"perms\":\"\",\"status\":\"0\",\"updateBy\":\"admin\",\"visible\":\"0\"}', '{\"msg\":\"操作成功\",\"code\":200}', 0, NULL, '2023-12-16 17:49:18', 10);
INSERT INTO `sys_oper_log` VALUES (284, '菜单管理', 2, 'com.ruoyi.web.controller.system.SysMenuController.edit()', 'PUT', 1, 'admin', NULL, '/system/menu', '127.0.0.1', '内网IP', '{\"children\":[],\"component\":\"portorder\",\"createTime\":\"2023-12-16 17:47:44\",\"icon\":\"checkbox\",\"isCache\":\"1\",\"isFrame\":\"1\",\"menuId\":2044,\"menuName\":\"港口订单管理\",\"menuType\":\"C\",\"orderNum\":1,\"params\":{},\"parentId\":2039,\"path\":\"portorder\",\"perms\":\"\",\"status\":\"0\",\"updateBy\":\"admin\",\"visible\":\"0\"}', '{\"msg\":\"操作成功\",\"code\":200}', 0, NULL, '2023-12-16 17:50:21', 6);
INSERT INTO `sys_oper_log` VALUES (285, '菜单管理', 2, 'com.ruoyi.web.controller.system.SysMenuController.edit()', 'PUT', 1, 'admin', NULL, '/system/menu', '127.0.0.1', '内网IP', '{\"children\":[],\"component\":\"portschedule\",\"createTime\":\"2023-12-16 17:47:14\",\"icon\":\"cascader\",\"isCache\":\"1\",\"isFrame\":\"1\",\"menuId\":2043,\"menuName\":\"港口航运计划\",\"menuType\":\"C\",\"orderNum\":2,\"params\":{},\"parentId\":2039,\"path\":\"portschedule\",\"perms\":\"\",\"status\":\"0\",\"updateBy\":\"admin\",\"visible\":\"0\"}', '{\"msg\":\"操作成功\",\"code\":200}', 0, NULL, '2023-12-16 17:50:30', 12);
INSERT INTO `sys_oper_log` VALUES (286, '菜单管理', 2, 'com.ruoyi.web.controller.system.SysMenuController.edit()', 'PUT', 1, 'admin', NULL, '/system/menu', '127.0.0.1', '内网IP', '{\"children\":[],\"component\":\"containerinfo\",\"createTime\":\"2023-11-12 11:10:05\",\"icon\":\"checkbox\",\"isCache\":\"1\",\"isFrame\":\"1\",\"menuId\":2008,\"menuName\":\"集装箱管理\",\"menuType\":\"C\",\"orderNum\":3,\"params\":{},\"parentId\":2039,\"path\":\"container_info\",\"perms\":\"\",\"status\":\"0\",\"updateBy\":\"admin\",\"visible\":\"0\"}', '{\"msg\":\"操作成功\",\"code\":200}', 0, NULL, '2023-12-16 17:50:35', 6);
INSERT INTO `sys_oper_log` VALUES (287, '航运计划', 1, 'com.ruoyi.web.controller.routeschedule.BRoutescheduleController.add()', 'POST', 1, 'admin', NULL, '/routeschedule/routeschedule', '127.0.0.1', '内网IP', '{\"departurePort\":\"上海港\",\"endingPort\":\"天津港\",\"estimatedDuration\":3,\"params\":{},\"routeDistance\":543,\"routeId\":1,\"routescheduleId\":2,\"shipId\":3,\"startTime\":\"2023-12-13\"}', '{\"msg\":\"操作成功\",\"code\":200}', 0, NULL, '2023-12-16 18:18:36', 176);
INSERT INTO `sys_oper_log` VALUES (288, '航运计划', 2, 'com.ruoyi.web.controller.routeschedule.BRoutescheduleController.edit()', 'PUT', 1, 'admin', NULL, '/routeschedule/routeschedule', '127.0.0.1', '内网IP', '{\"departurePort\":\"上海港\",\"endingPort\":\"天津港\",\"estimatedDuration\":3,\"params\":{},\"routeDistance\":544,\"routeId\":1,\"routescheduleId\":2,\"shipId\":3,\"startTime\":\"2023-12-13\"}', '{\"msg\":\"操作成功\",\"code\":200}', 0, NULL, '2023-12-16 21:52:14', 31);
INSERT INTO `sys_oper_log` VALUES (289, '代码生成', 6, 'com.ruoyi.generator.controller.GenController.importTableSave()', 'POST', 1, 'admin', NULL, '/tool/gen/importTable', '127.0.0.1', '内网IP', '{\"tables\":\"b_ship\"}', '{\"msg\":\"操作成功\",\"code\":200}', 0, NULL, '2023-12-16 22:43:52', 126);
INSERT INTO `sys_oper_log` VALUES (290, '代码生成', 2, 'com.ruoyi.generator.controller.GenController.editSave()', 'PUT', 1, 'admin', NULL, '/tool/gen', '127.0.0.1', '内网IP', '{\"businessName\":\"ship\",\"className\":\"BShip\",\"columns\":[{\"capJavaField\":\"ShipId\",\"columnComment\":\"货轮id\",\"columnId\":59,\"columnName\":\"ship_id\",\"columnType\":\"int\",\"createBy\":\"admin\",\"createTime\":\"2023-12-16 22:43:52\",\"dictType\":\"\",\"edit\":false,\"htmlType\":\"input\",\"increment\":false,\"insert\":true,\"isIncrement\":\"0\",\"isInsert\":\"1\",\"isPk\":\"1\",\"javaField\":\"shipId\",\"javaType\":\"Long\",\"list\":false,\"params\":{},\"pk\":true,\"query\":false,\"queryType\":\"EQ\",\"required\":false,\"sort\":1,\"superColumn\":false,\"tableId\":11,\"updateBy\":\"\",\"usableColumn\":false},{\"capJavaField\":\"CompanyId\",\"columnComment\":\"船运公司id\",\"columnId\":60,\"columnName\":\"company_id\",\"columnType\":\"int\",\"createBy\":\"admin\",\"createTime\":\"2023-12-16 22:43:52\",\"dictType\":\"\",\"edit\":true,\"htmlType\":\"input\",\"increment\":false,\"insert\":true,\"isEdit\":\"1\",\"isIncrement\":\"0\",\"isInsert\":\"1\",\"isList\":\"1\",\"isPk\":\"0\",\"isQuery\":\"1\",\"javaField\":\"companyId\",\"javaType\":\"Long\",\"list\":true,\"params\":{},\"pk\":false,\"query\":true,\"queryType\":\"EQ\",\"required\":false,\"sort\":2,\"superColumn\":false,\"tableId\":11,\"updateBy\":\"\",\"usableColumn\":false},{\"capJavaField\":\"ShipName\",\"columnComment\":\"船舶名称\",\"columnId\":61,\"columnName\":\"ship_name\",\"columnType\":\"varchar(255)\",\"createBy\":\"admin\",\"createTime\":\"2023-12-16 22:43:52\",\"dictType\":\"\",\"edit\":true,\"htmlType\":\"input\",\"increment\":false,\"insert\":true,\"isEdit\":\"1\",\"isIncrement\":\"0\",\"isInsert\":\"1\",\"isList\":\"1\",\"isPk\":\"0\",\"isQuery\":\"1\",\"javaField\":\"shipName\",\"javaType\":\"String\",\"list\":true,\"params\":{},\"pk\":false,\"query\":true,\"queryType\":\"LIKE\",\"required\":false,\"sort\":3,\"superColumn\":false,\"tableId\":11,\"updateBy\":\"\",\"usableColumn\":false},{\"capJavaField\":\"ShipType\",\"columnComment\":\"船舶类型\",\"columnId\":62,\"columnName\":\"ship_type\",\"columnType\":\"varchar(255)\",\"createBy\":\"admin\",\"createTime\":\"2023-12-16 22:43:52\",\"dictType\":\"\",\"edit\":true,\"htmlType\":\"select\",\"increment\":false,\"insert\":true,\"isEdit\":\"1\",\"isIncrement\":\"0\",\"isInsert\":\"1\",\"isList\":\"1\",\"isPk\":\"0\",\"isQuery\":\"1\",\"javaField\":\"shipType\",\"javaType\":\"String\",\"list\":true,\"params\":{},', '{\"msg\":\"操作成功\",\"code\":200}', 0, NULL, '2023-12-16 22:44:51', 58);
INSERT INTO `sys_oper_log` VALUES (291, '代码生成', 8, 'com.ruoyi.generator.controller.GenController.batchGenCode()', 'GET', 1, 'admin', NULL, '/tool/gen/batchGenCode', '127.0.0.1', '内网IP', '{\"tables\":\"b_ship\"}', NULL, 0, NULL, '2023-12-16 22:44:56', 379);
INSERT INTO `sys_oper_log` VALUES (292, '菜单管理', 2, 'com.ruoyi.web.controller.system.SysMenuController.edit()', 'PUT', 1, 'admin', NULL, '/system/menu', '127.0.0.1', '内网IP', '{\"children\":[],\"component\":\"visualization\",\"createTime\":\"2023-11-12 10:59:19\",\"icon\":\"chart\",\"isCache\":\"0\",\"isFrame\":\"1\",\"menuId\":2003,\"menuName\":\"智慧港口数字孪生可视化\",\"menuType\":\"C\",\"orderNum\":4,\"params\":{},\"parentId\":0,\"path\":\"visualization\",\"perms\":\"\",\"status\":\"0\",\"updateBy\":\"admin\",\"visible\":\"0\"}', '{\"msg\":\"操作成功\",\"code\":200}', 0, NULL, '2023-12-17 09:56:44', 16);
INSERT INTO `sys_oper_log` VALUES (293, '菜单管理', 1, 'com.ruoyi.web.controller.system.SysMenuController.add()', 'POST', 1, 'admin', NULL, '/system/menu', '127.0.0.1', '内网IP', '{\"children\":[],\"createBy\":\"admin\",\"icon\":\"clipboard\",\"isCache\":\"0\",\"isFrame\":\"1\",\"menuName\":\"智能环境检测系统\",\"menuType\":\"M\",\"orderNum\":4,\"params\":{},\"parentId\":0,\"path\":\"enviroment\",\"status\":\"0\",\"visible\":\"0\"}', '{\"msg\":\"操作成功\",\"code\":200}', 0, NULL, '2023-12-17 10:08:56', 10);
INSERT INTO `sys_oper_log` VALUES (294, '菜单管理', 2, 'com.ruoyi.web.controller.system.SysMenuController.edit()', 'PUT', 1, 'admin', NULL, '/system/menu', '127.0.0.1', '内网IP', '{\"children\":[],\"component\":\"visualization\",\"createTime\":\"2023-11-12 10:59:19\",\"icon\":\"chart\",\"isCache\":\"0\",\"isFrame\":\"1\",\"menuId\":2003,\"menuName\":\"智慧港口数字孪生可视化\",\"menuType\":\"C\",\"orderNum\":5,\"params\":{},\"parentId\":0,\"path\":\"visualization\",\"perms\":\"\",\"status\":\"0\",\"updateBy\":\"admin\",\"visible\":\"0\"}', '{\"msg\":\"操作成功\",\"code\":200}', 0, NULL, '2023-12-17 10:09:09', 6);
INSERT INTO `sys_oper_log` VALUES (295, '菜单管理', 1, 'com.ruoyi.web.controller.system.SysMenuController.add()', 'POST', 1, 'admin', NULL, '/system/menu', '127.0.0.1', '内网IP', '{\"children\":[],\"createBy\":\"admin\",\"icon\":\"documentation\",\"isCache\":\"0\",\"isFrame\":\"1\",\"menuName\":\"货车货堆寻址系统\",\"menuType\":\"M\",\"orderNum\":5,\"params\":{},\"parentId\":0,\"path\":\"findroad\",\"status\":\"0\",\"visible\":\"0\"}', '{\"msg\":\"操作成功\",\"code\":200}', 0, NULL, '2023-12-17 10:11:31', 6);
INSERT INTO `sys_oper_log` VALUES (296, '菜单管理', 2, 'com.ruoyi.web.controller.system.SysMenuController.edit()', 'PUT', 1, 'admin', NULL, '/system/menu', '127.0.0.1', '内网IP', '{\"children\":[],\"component\":\"visualization\",\"createTime\":\"2023-11-12 10:59:19\",\"icon\":\"chart\",\"isCache\":\"0\",\"isFrame\":\"1\",\"menuId\":2003,\"menuName\":\"智慧港口数字孪生可视化\",\"menuType\":\"C\",\"orderNum\":6,\"params\":{},\"parentId\":0,\"path\":\"visualization\",\"perms\":\"\",\"status\":\"0\",\"updateBy\":\"admin\",\"visible\":\"0\"}', '{\"msg\":\"操作成功\",\"code\":200}', 0, NULL, '2023-12-17 10:11:37', 10);
INSERT INTO `sys_oper_log` VALUES (297, '菜单管理', 1, 'com.ruoyi.web.controller.system.SysMenuController.add()', 'POST', 1, 'admin', NULL, '/system/menu', '127.0.0.1', '内网IP', '{\"children\":[],\"component\":\"stockpile\",\"createBy\":\"admin\",\"icon\":\"documentation\",\"isCache\":\"1\",\"isFrame\":\"1\",\"menuName\":\"集装箱货堆管理\",\"menuType\":\"C\",\"orderNum\":0,\"params\":{},\"parentId\":2046,\"path\":\"stockpile\",\"status\":\"0\",\"visible\":\"0\"}', '{\"msg\":\"操作成功\",\"code\":200}', 0, NULL, '2023-12-17 13:52:50', 6);
INSERT INTO `sys_oper_log` VALUES (298, '菜单管理', 2, 'com.ruoyi.web.controller.system.SysMenuController.edit()', 'PUT', 1, 'admin', NULL, '/system/menu', '127.0.0.1', '内网IP', '{\"children\":[],\"component\":\"stockpile\",\"createTime\":\"2023-12-17 13:52:50\",\"icon\":\"documentation\",\"isCache\":\"1\",\"isFrame\":\"1\",\"menuId\":2047,\"menuName\":\"货堆管理\",\"menuType\":\"C\",\"orderNum\":0,\"params\":{},\"parentId\":2046,\"path\":\"stockpile\",\"perms\":\"\",\"status\":\"0\",\"updateBy\":\"admin\",\"visible\":\"0\"}', '{\"msg\":\"操作成功\",\"code\":200}', 0, NULL, '2023-12-17 13:53:22', 7);
INSERT INTO `sys_oper_log` VALUES (299, '菜单管理', 2, 'com.ruoyi.web.controller.system.SysMenuController.edit()', 'PUT', 1, 'admin', NULL, '/system/menu', '127.0.0.1', '内网IP', '{\"children\":[],\"createTime\":\"2023-12-17 10:08:56\",\"icon\":\"clipboard\",\"isCache\":\"0\",\"isFrame\":\"1\",\"menuId\":2045,\"menuName\":\"智能环境监测系统\",\"menuType\":\"M\",\"orderNum\":4,\"params\":{},\"parentId\":0,\"path\":\"enviroment\",\"perms\":\"\",\"status\":\"0\",\"updateBy\":\"admin\",\"visible\":\"0\"}', '{\"msg\":\"操作成功\",\"code\":200}', 0, NULL, '2023-12-17 13:53:54', 11);
INSERT INTO `sys_oper_log` VALUES (300, '菜单管理', 2, 'com.ruoyi.web.controller.system.SysMenuController.edit()', 'PUT', 1, 'admin', NULL, '/system/menu', '127.0.0.1', '内网IP', '{\"children\":[],\"component\":\"port\",\"createTime\":\"2023-12-06 15:46:49\",\"icon\":\"build\",\"isCache\":\"1\",\"isFrame\":\"1\",\"menuId\":2016,\"menuName\":\"港口\",\"menuType\":\"C\",\"orderNum\":0,\"params\":{},\"parentId\":2029,\"path\":\"port\",\"perms\":\"\",\"status\":\"0\",\"updateBy\":\"admin\",\"visible\":\"0\"}', '{\"msg\":\"操作成功\",\"code\":200}', 0, NULL, '2023-12-17 13:54:50', 16);
INSERT INTO `sys_oper_log` VALUES (301, '菜单管理', 2, 'com.ruoyi.web.controller.system.SysMenuController.edit()', 'PUT', 1, 'admin', NULL, '/system/menu', '127.0.0.1', '内网IP', '{\"children\":[],\"component\":\"user\",\"createTime\":\"2023-12-08 14:08:18\",\"icon\":\"code\",\"isCache\":\"1\",\"isFrame\":\"1\",\"menuId\":2037,\"menuName\":\"微信用户\",\"menuType\":\"C\",\"orderNum\":0,\"params\":{},\"parentId\":2029,\"path\":\"user\",\"perms\":\"\",\"status\":\"0\",\"updateBy\":\"admin\",\"visible\":\"0\"}', '{\"msg\":\"操作成功\",\"code\":200}', 0, NULL, '2023-12-17 13:54:55', 9);
INSERT INTO `sys_oper_log` VALUES (302, '菜单管理', 2, 'com.ruoyi.web.controller.system.SysMenuController.edit()', 'PUT', 1, 'admin', NULL, '/system/menu', '127.0.0.1', '内网IP', '{\"children\":[],\"component\":\"shipcom\",\"createTime\":\"2023-12-08 14:57:05\",\"icon\":\"date-range\",\"isCache\":\"1\",\"isFrame\":\"1\",\"menuId\":2038,\"menuName\":\"船运公司\",\"menuType\":\"C\",\"orderNum\":0,\"params\":{},\"parentId\":2029,\"path\":\"shipcom\",\"perms\":\"\",\"status\":\"0\",\"updateBy\":\"admin\",\"visible\":\"0\"}', '{\"msg\":\"操作成功\",\"code\":200}', 0, NULL, '2023-12-17 13:55:01', 13);
INSERT INTO `sys_oper_log` VALUES (303, '个人信息', 2, 'com.ruoyi.web.controller.system.SysProfileController.updateProfile()', 'PUT', 1, 'admin', NULL, '/system/user/profile', '127.0.0.1', '内网IP', '{\"admin\":true,\"avatar\":\"/profile/avatar/2023/11/11/blob_20231111152043A002.png\",\"createBy\":\"admin\",\"createTime\":\"2023-11-11 14:14:55\",\"delFlag\":\"0\",\"dept\":{\"ancestors\":\"0,100,101\",\"children\":[],\"deptId\":103,\"deptName\":\"研发部门\",\"leader\":\"若依\",\"orderNum\":1,\"params\":{\"@type\":\"java.util.HashMap\"},\"parentId\":101,\"status\":\"0\"},\"deptId\":103,\"email\":\"13245355677@qq.com\",\"loginDate\":\"2023-12-17 13:49:29\",\"loginIp\":\"127.0.0.1\",\"nickName\":\"Victorzl\",\"params\":{\"@type\":\"java.util.HashMap\"},\"phonenumber\":\"13236310189\",\"remark\":\"管理员\",\"roles\":[{\"admin\":true,\"dataScope\":\"1\",\"deptCheckStrictly\":false,\"flag\":false,\"menuCheckStrictly\":false,\"params\":{\"@type\":\"java.util.HashMap\"},\"roleId\":1,\"roleKey\":\"admin\",\"roleName\":\"超级管理员\",\"roleSort\":1,\"status\":\"0\"}],\"sex\":\"0\",\"status\":\"0\",\"userId\":1,\"userName\":\"admin\"}', '{\"msg\":\"操作成功\",\"code\":200}', 0, NULL, '2023-12-17 15:46:23', 8);
INSERT INTO `sys_oper_log` VALUES (304, '用户管理', 2, 'com.ruoyi.web.controller.system.SysUserController.resetPwd()', 'PUT', 1, 'admin', NULL, '/system/user/resetPwd', '127.0.0.1', '内网IP', '{\"admin\":false,\"params\":{},\"updateBy\":\"admin\",\"userId\":2}', '{\"msg\":\"操作成功\",\"code\":200}', 0, NULL, '2023-12-17 15:47:11', 91);
INSERT INTO `sys_oper_log` VALUES (305, '个人信息', 2, 'com.ruoyi.web.controller.system.SysProfileController.updatePwd()', 'PUT', 1, 'admin', NULL, '/system/user/profile/updatePwd', '127.0.0.1', '内网IP', '{}', '{\"msg\":\"修改密码失败，旧密码错误\",\"code\":500}', 0, NULL, '2023-12-17 15:48:11', 70);
INSERT INTO `sys_oper_log` VALUES (306, '个人信息', 2, 'com.ruoyi.web.controller.system.SysProfileController.updatePwd()', 'PUT', 1, 'admin', NULL, '/system/user/profile/updatePwd', '127.0.0.1', '内网IP', '{}', '{\"msg\":\"操作成功\",\"code\":200}', 0, NULL, '2023-12-17 15:49:16', 286);
INSERT INTO `sys_oper_log` VALUES (307, '部门管理', 3, 'com.ruoyi.web.controller.system.SysDeptController.remove()', 'DELETE', 1, 'admin', NULL, '/system/dept/102', '127.0.0.1', '内网IP', '{}', '{\"msg\":\"存在下级部门,不允许删除\",\"code\":601}', 0, NULL, '2023-12-17 15:50:52', 3);
INSERT INTO `sys_oper_log` VALUES (308, '部门管理', 3, 'com.ruoyi.web.controller.system.SysDeptController.remove()', 'DELETE', 1, 'admin', NULL, '/system/dept/109', '127.0.0.1', '内网IP', '{}', '{\"msg\":\"操作成功\",\"code\":200}', 0, NULL, '2023-12-17 15:51:00', 13);
INSERT INTO `sys_oper_log` VALUES (309, '部门管理', 3, 'com.ruoyi.web.controller.system.SysDeptController.remove()', 'DELETE', 1, 'admin', NULL, '/system/dept/108', '127.0.0.1', '内网IP', '{}', '{\"msg\":\"操作成功\",\"code\":200}', 0, NULL, '2023-12-17 15:51:03', 9);
INSERT INTO `sys_oper_log` VALUES (310, '部门管理', 3, 'com.ruoyi.web.controller.system.SysDeptController.remove()', 'DELETE', 1, 'admin', NULL, '/system/dept/102', '127.0.0.1', '内网IP', '{}', '{\"msg\":\"操作成功\",\"code\":200}', 0, NULL, '2023-12-17 15:51:06', 11);
INSERT INTO `sys_oper_log` VALUES (311, '部门管理', 2, 'com.ruoyi.web.controller.system.SysDeptController.edit()', 'PUT', 1, 'admin', NULL, '/system/dept', '127.0.0.1', '内网IP', '{\"ancestors\":\"0\",\"children\":[],\"deptId\":100,\"deptName\":\"智慧数字科技\",\"email\":\"victorzl@qq.com\",\"leader\":\"朱亮\",\"orderNum\":0,\"params\":{},\"parentId\":0,\"phone\":\"13236310189\",\"status\":\"0\",\"updateBy\":\"admin\"}', '{\"msg\":\"操作成功\",\"code\":200}', 0, NULL, '2023-12-17 15:51:43', 11);
INSERT INTO `sys_oper_log` VALUES (312, '用户管理', 3, 'com.ruoyi.web.controller.system.SysUserController.remove()', 'DELETE', 1, 'admin', NULL, '/system/user/2', '127.0.0.1', '内网IP', '{}', '{\"msg\":\"操作成功\",\"code\":200}', 0, NULL, '2023-12-17 15:53:48', 25);
INSERT INTO `sys_oper_log` VALUES (313, '角色管理', 1, 'com.ruoyi.web.controller.system.SysRoleController.add()', 'POST', 1, 'admin', NULL, '/system/role', '127.0.0.1', '内网IP', '{\"admin\":false,\"createBy\":\"admin\",\"deptCheckStrictly\":true,\"deptIds\":[],\"flag\":false,\"menuCheckStrictly\":true,\"menuIds\":[2039,2042,2044,2043,2008,2000,2040,2041,2045,2046,2047,2003],\"params\":{},\"roleId\":100,\"roleKey\":\"portuser\",\"roleName\":\"港口\",\"roleSort\":3,\"status\":\"0\"}', '{\"msg\":\"操作成功\",\"code\":200}', 0, NULL, '2023-12-17 15:55:20', 18);
INSERT INTO `sys_oper_log` VALUES (314, '用户管理', 1, 'com.ruoyi.web.controller.system.SysUserController.add()', 'POST', 1, 'admin', NULL, '/system/user', '127.0.0.1', '内网IP', '{\"admin\":false,\"createBy\":\"admin\",\"deptId\":105,\"email\":\"1234566544@qq.com\",\"nickName\":\"港口负责人\",\"params\":{},\"phonenumber\":\"13245654356\",\"postIds\":[2],\"roleIds\":[100],\"sex\":\"0\",\"status\":\"0\",\"userId\":100,\"userName\":\"port\"}', '{\"msg\":\"操作成功\",\"code\":200}', 0, NULL, '2023-12-17 15:56:26', 109);
INSERT INTO `sys_oper_log` VALUES (315, 'wxuser', 2, 'com.ruoyi.web.controller.user.WxUserController.edit()', 'PUT', 1, 'admin', NULL, '/user/user', '127.0.0.1', '内网IP', '{\"openId\":\"ogj5Q6VEG1HHJMqTEebwUtIPlGBs\",\"params\":{},\"phoneNumber\":\"13236310189\",\"userIdentity\":\"货物检测人员\",\"userName\":\"朱亮\",\"walletBalance\":0}', '{\"msg\":\"操作成功\",\"code\":200}', 0, NULL, '2023-12-19 15:56:10', 51);
INSERT INTO `sys_oper_log` VALUES (316, 'wxuser', 2, 'com.ruoyi.web.controller.user.WxUserController.edit()', 'PUT', 1, 'admin', NULL, '/user/user', '127.0.0.1', '内网IP', '{\"openId\":\"ogj5Q6VEG1HHJMqTEebwUtIPlGBs\",\"params\":{},\"phoneNumber\":\"13236310189\",\"userIdentity\":\"用户\",\"userName\":\"朱亮\",\"walletBalance\":0}', '{\"msg\":\"操作成功\",\"code\":200}', 0, NULL, '2023-12-23 08:52:37', 12);
INSERT INTO `sys_oper_log` VALUES (317, 'wxuser', 2, 'com.ruoyi.web.controller.user.WxUserController.edit()', 'PUT', 1, 'admin', NULL, '/user/user', '127.0.0.1', '内网IP', '{\"openId\":\"ogj5Q6VEG1HHJMqTEebwUtIPlGBs\",\"params\":{},\"phoneNumber\":\"13236310189\",\"userIdentity\":\"用户\",\"userName\":\"Victor\",\"walletBalance\":0}', '{\"msg\":\"操作成功\",\"code\":200}', 0, NULL, '2023-12-23 12:23:06', 4);
INSERT INTO `sys_oper_log` VALUES (318, 'wxuser', 2, 'com.ruoyi.web.controller.user.WxUserController.edit()', 'PUT', 1, 'admin', NULL, '/user/user', '127.0.0.1', '内网IP', '{\"openId\":\"ogj5Q6VEG1HHJMqTEebwUtIPlGBs\",\"params\":{},\"phoneNumber\":\"13236310189\",\"userIdentity\":\"货物检测人员\",\"userName\":\"Victor\",\"walletBalance\":0}', '{\"msg\":\"操作成功\",\"code\":200}', 0, NULL, '2023-12-23 12:32:00', 8);
INSERT INTO `sys_oper_log` VALUES (319, 'wxuser', 2, 'com.ruoyi.web.controller.user.WxUserController.edit()', 'PUT', 1, 'admin', NULL, '/user/user', '127.0.0.1', '内网IP', '{\"openId\":\"ogj5Q6VEG1HHJMqTEebwUtIPlGBs\",\"params\":{},\"phoneNumber\":\"13236310\",\"userIdentity\":\"货物检测人员\",\"userName\":\"Victor\",\"walletBalance\":0}', '{\"msg\":\"操作成功\",\"code\":200}', 0, NULL, '2023-12-23 12:37:47', 5);
INSERT INTO `sys_oper_log` VALUES (320, 'wxuser', 2, 'com.ruoyi.web.controller.user.WxUserController.edit()', 'PUT', 1, 'admin', NULL, '/user/user', '127.0.0.1', '内网IP', '{\"openId\":\"ogj5Q6VEG1HHJMqTEebwUtIPlGBs\",\"params\":{},\"phoneNumber\":\"13236310\",\"userIdentity\":\"2\",\"userName\":\"Victor\",\"walletBalance\":0}', '{\"msg\":\"操作成功\",\"code\":200}', 0, NULL, '2023-12-23 14:29:49', 44);
INSERT INTO `sys_oper_log` VALUES (321, 'wxuser', 2, 'com.ruoyi.web.controller.user.WxUserController.edit()', 'PUT', 1, 'admin', NULL, '/user/user', '127.0.0.1', '内网IP', '{\"openId\":\"ogj5Q6VEG1HHJMqTEebwUtIPlGBs\",\"params\":{},\"phoneNumber\":\"13236310\",\"userIdentity\":\"1\",\"userName\":\"Victor\",\"walletBalance\":0}', '{\"msg\":\"操作成功\",\"code\":200}', 0, NULL, '2023-12-23 14:29:58', 34);
INSERT INTO `sys_oper_log` VALUES (322, '航运计划', 2, 'com.ruoyi.web.controller.routeschedule.BRoutescheduleController.edit()', 'PUT', 1, 'admin', NULL, '/routeschedule/routeschedule', '127.0.0.1', '内网IP', '{\"departurePort\":\"连云港\",\"endingPort\":\"厦门\",\"estimatedDuration\":3,\"params\":{},\"routeDistance\":837,\"routeId\":1,\"routescheduleId\":1,\"shipId\":2,\"startTime\":\"2023-12-16\"}', '{\"msg\":\"操作成功\",\"code\":200}', 0, NULL, '2023-12-24 13:06:34', 16);
INSERT INTO `sys_oper_log` VALUES (323, '航运计划', 2, 'com.ruoyi.web.controller.routeschedule.BRoutescheduleController.edit()', 'PUT', 1, 'admin', NULL, '/routeschedule/routeschedule', '127.0.0.1', '内网IP', '{\"departurePort\":\"连云港\",\"endingPort\":\"厦门\",\"estimatedDuration\":3,\"params\":{},\"routeDistance\":837,\"routeId\":1,\"routescheduleId\":1,\"shipId\":2,\"startTime\":\"2023-12-27\"}', '{\"msg\":\"操作成功\",\"code\":200}', 0, NULL, '2023-12-24 13:08:43', 5);
INSERT INTO `sys_oper_log` VALUES (324, '航运计划', 2, 'com.ruoyi.web.controller.routeschedule.BRoutescheduleController.edit()', 'PUT', 1, 'admin', NULL, '/routeschedule/routeschedule', '127.0.0.1', '内网IP', '{\"departurePort\":\"连云港\",\"endingPort\":\"厦门\",\"estimatedDuration\":3,\"params\":{},\"routeDistance\":837,\"routeId\":1,\"routescheduleId\":1,\"shipId\":2,\"startTime\":\"2023-12-27\"}', '{\"msg\":\"操作成功\",\"code\":200}', 0, NULL, '2023-12-24 13:13:52', 23);
INSERT INTO `sys_oper_log` VALUES (325, '航运计划', 2, 'com.ruoyi.web.controller.routeschedule.BRoutescheduleController.edit()', 'PUT', 1, 'admin', NULL, '/routeschedule/routeschedule', '127.0.0.1', '内网IP', '{\"departurePort\":\"上海港\",\"endingPort\":\"天津港\",\"estimatedDuration\":3,\"params\":{},\"routeDistance\":544,\"routeId\":1,\"routescheduleId\":2,\"shipId\":3,\"startTime\":\"2023-12-13\"}', '{\"msg\":\"操作成功\",\"code\":200}', 0, NULL, '2023-12-24 13:13:59', 9);
INSERT INTO `sys_oper_log` VALUES (326, '菜单管理', 1, 'com.ruoyi.web.controller.system.SysMenuController.add()', 'POST', 1, 'admin', NULL, '/system/menu', '127.0.0.1', '内网IP', '{\"children\":[],\"component\":\"contanenviroment\",\"createBy\":\"admin\",\"icon\":\"component\",\"isCache\":\"1\",\"isFrame\":\"1\",\"menuName\":\"集装箱运输环境检测\",\"menuType\":\"C\",\"orderNum\":0,\"params\":{},\"parentId\":2045,\"path\":\"contanenviroment\",\"status\":\"0\",\"visible\":\"0\"}', '{\"msg\":\"操作成功\",\"code\":200}', 0, NULL, '2023-12-24 13:21:57', 26);
INSERT INTO `sys_oper_log` VALUES (327, '菜单管理', 1, 'com.ruoyi.web.controller.system.SysMenuController.add()', 'POST', 1, 'admin', NULL, '/system/menu', '127.0.0.1', '内网IP', '{\"children\":[],\"component\":\"contanpositon\",\"createBy\":\"admin\",\"icon\":\"component\",\"isCache\":\"1\",\"isFrame\":\"1\",\"menuName\":\"集装箱位置环境监测\",\"menuType\":\"C\",\"orderNum\":1,\"params\":{},\"parentId\":2045,\"path\":\"contanpositon\",\"status\":\"0\",\"visible\":\"0\"}', '{\"msg\":\"操作成功\",\"code\":200}', 0, NULL, '2023-12-24 13:22:41', 12);
INSERT INTO `sys_oper_log` VALUES (328, '菜单管理', 1, 'com.ruoyi.web.controller.system.SysMenuController.add()', 'POST', 1, 'admin', NULL, '/system/menu', '127.0.0.1', '内网IP', '{\"children\":[],\"createBy\":\"admin\",\"icon\":\"date-range\",\"isCache\":\"0\",\"isFrame\":\"1\",\"menuName\":\"危险品识别系统\",\"menuType\":\"M\",\"orderNum\":6,\"params\":{},\"parentId\":0,\"path\":\"danger\",\"status\":\"0\",\"visible\":\"0\"}', '{\"msg\":\"操作成功\",\"code\":200}', 0, NULL, '2023-12-24 13:28:27', 16);
INSERT INTO `sys_oper_log` VALUES (329, '菜单管理', 2, 'com.ruoyi.web.controller.system.SysMenuController.edit()', 'PUT', 1, 'admin', NULL, '/system/menu', '127.0.0.1', '内网IP', '{\"children\":[],\"component\":\"visualization\",\"createTime\":\"2023-11-12 10:59:19\",\"icon\":\"chart\",\"isCache\":\"0\",\"isFrame\":\"1\",\"menuId\":2003,\"menuName\":\"智慧港口数字孪生可视化\",\"menuType\":\"C\",\"orderNum\":7,\"params\":{},\"parentId\":0,\"path\":\"visualization\",\"perms\":\"\",\"status\":\"0\",\"updateBy\":\"admin\",\"visible\":\"0\"}', '{\"msg\":\"操作成功\",\"code\":200}', 0, NULL, '2023-12-24 13:28:40', 10);
INSERT INTO `sys_oper_log` VALUES (330, '菜单管理', 1, 'com.ruoyi.web.controller.system.SysMenuController.add()', 'POST', 1, 'admin', NULL, '/system/menu', '127.0.0.1', '内网IP', '{\"children\":[],\"component\":\"dangerinfo\",\"createBy\":\"admin\",\"icon\":\"component\",\"isCache\":\"1\",\"isFrame\":\"1\",\"menuName\":\"危险品识别信息管理\",\"menuType\":\"C\",\"orderNum\":0,\"params\":{},\"parentId\":2050,\"path\":\"dangerinfo\",\"status\":\"0\",\"visible\":\"0\"}', '{\"msg\":\"操作成功\",\"code\":200}', 0, NULL, '2023-12-24 13:29:37', 9);
INSERT INTO `sys_oper_log` VALUES (331, '菜单管理', 1, 'com.ruoyi.web.controller.system.SysMenuController.add()', 'POST', 1, 'admin', NULL, '/system/menu', '127.0.0.1', '内网IP', '{\"children\":[],\"component\":\"dangerknowledge\",\"createBy\":\"admin\",\"icon\":\"component\",\"isCache\":\"1\",\"isFrame\":\"1\",\"menuName\":\"危险品检测知识库\",\"menuType\":\"C\",\"orderNum\":1,\"params\":{},\"parentId\":2050,\"path\":\"dangerknowledge\",\"status\":\"0\",\"visible\":\"0\"}', '{\"msg\":\"操作成功\",\"code\":200}', 0, NULL, '2023-12-24 13:30:40', 11);
INSERT INTO `sys_oper_log` VALUES (332, '菜单管理', 1, 'com.ruoyi.web.controller.system.SysMenuController.add()', 'POST', 1, 'admin', NULL, '/system/menu', '127.0.0.1', '内网IP', '{\"children\":[],\"component\":\"findroad\",\"createBy\":\"admin\",\"icon\":\"component\",\"isCache\":\"1\",\"isFrame\":\"1\",\"menuName\":\"货车货堆寻址\",\"menuType\":\"C\",\"orderNum\":1,\"params\":{},\"parentId\":2046,\"path\":\"findroad\",\"status\":\"0\",\"visible\":\"0\"}', '{\"msg\":\"操作成功\",\"code\":200}', 0, NULL, '2023-12-24 13:33:05', 7);
INSERT INTO `sys_oper_log` VALUES (333, '菜单管理', 2, 'com.ruoyi.web.controller.system.SysMenuController.edit()', 'PUT', 1, 'admin', NULL, '/system/menu', '127.0.0.1', '内网IP', '{\"children\":[],\"createTime\":\"2023-11-12 10:41:57\",\"icon\":\"druid\",\"isCache\":\"0\",\"isFrame\":\"1\",\"menuId\":2001,\"menuName\":\"智慧航运货物信息管理系统\",\"menuType\":\"M\",\"orderNum\":1,\"params\":{},\"parentId\":0,\"path\":\"mobile\",\"perms\":\"\",\"status\":\"0\",\"updateBy\":\"admin\",\"visible\":\"0\"}', '{\"msg\":\"操作成功\",\"code\":200}', 0, NULL, '2023-12-24 19:58:57', 8);
INSERT INTO `sys_oper_log` VALUES (334, '菜单管理', 2, 'com.ruoyi.web.controller.system.SysMenuController.edit()', 'PUT', 1, 'admin', NULL, '/system/menu', '127.0.0.1', '内网IP', '{\"children\":[],\"createTime\":\"2023-11-12 10:41:57\",\"icon\":\"druid\",\"isCache\":\"0\",\"isFrame\":\"1\",\"menuId\":2001,\"menuName\":\"智慧航运管理系统\",\"menuType\":\"M\",\"orderNum\":1,\"params\":{},\"parentId\":0,\"path\":\"mobile\",\"perms\":\"\",\"status\":\"0\",\"updateBy\":\"admin\",\"visible\":\"0\"}', '{\"msg\":\"操作成功\",\"code\":200}', 0, NULL, '2023-12-24 20:07:28', 10);
INSERT INTO `sys_oper_log` VALUES (335, '菜单管理', 3, 'com.ruoyi.web.controller.system.SysMenuController.remove()', 'DELETE', 1, 'admin', NULL, '/system/menu/4', '127.0.0.1', '内网IP', '{}', '{\"msg\":\"菜单已分配,不允许删除\",\"code\":601}', 0, NULL, '2023-12-24 20:08:38', 11);
INSERT INTO `sys_oper_log` VALUES (336, '菜单管理', 2, 'com.ruoyi.web.controller.system.SysMenuController.edit()', 'PUT', 1, 'admin', NULL, '/system/menu', '127.0.0.1', '内网IP', '{\"children\":[],\"createTime\":\"2023-11-11 14:14:55\",\"icon\":\"guide\",\"isCache\":\"0\",\"isFrame\":\"1\",\"menuId\":4,\"menuName\":\"若依官网\",\"menuType\":\"M\",\"orderNum\":99,\"params\":{},\"parentId\":0,\"path\":\"http://ruoyi.vip\",\"perms\":\"\",\"query\":\"\",\"status\":\"1\",\"updateBy\":\"admin\",\"visible\":\"1\"}', '{\"msg\":\"操作成功\",\"code\":200}', 0, NULL, '2023-12-24 20:08:52', 13);
INSERT INTO `sys_oper_log` VALUES (337, '菜单管理', 3, 'com.ruoyi.web.controller.system.SysMenuController.remove()', 'DELETE', 1, 'admin', NULL, '/system/menu/4', '127.0.0.1', '内网IP', '{}', '{\"msg\":\"菜单已分配,不允许删除\",\"code\":601}', 0, NULL, '2023-12-24 20:08:56', 4);
INSERT INTO `sys_oper_log` VALUES (338, 'wxuser', 2, 'com.ruoyi.web.controller.user.WxUserController.edit()', 'PUT', 1, 'admin', NULL, '/user/user', '127.0.0.1', '内网IP', '{\"openId\":\"ogj5Q6VEG1HHJMqTEebwUtIPlGBs\",\"params\":{},\"phoneNumber\":\"13236310\",\"userIdentity\":\"用户\",\"userName\":\"Victor\",\"walletBalance\":0}', '{\"msg\":\"操作成功\",\"code\":200}', 0, NULL, '2023-12-24 20:10:32', 7);
INSERT INTO `sys_oper_log` VALUES (339, 'wxuser', 2, 'com.ruoyi.web.controller.user.WxUserController.edit()', 'PUT', 1, 'admin', NULL, '/user/user', '127.0.0.1', '内网IP', '{\"openId\":\"ogj5Q6VEG1HHJMqTEebwUtIPlGBs\",\"params\":{},\"phoneNumber\":\"13236310\",\"userIdentity\":\"货物检测人员\",\"userName\":\"Victor\",\"walletBalance\":0}', '{\"msg\":\"操作成功\",\"code\":200}', 0, NULL, '2023-12-25 11:36:06', 40);
INSERT INTO `sys_oper_log` VALUES (340, 'wxuser', 2, 'com.ruoyi.web.controller.user.WxUserController.edit()', 'PUT', 1, 'admin', NULL, '/user/user', '127.0.0.1', '内网IP', '{\"openId\":\"ogj5Q6VEG1HHJMqTEebwUtIPlGBs\",\"params\":{},\"phoneNumber\":\"13236310189\",\"userIdentity\":\"用户\",\"userName\":\"Victor\",\"walletBalance\":0}', '{\"msg\":\"操作成功\",\"code\":200}', 0, NULL, '2023-12-25 20:34:18', 15);
INSERT INTO `sys_oper_log` VALUES (341, '航运计划', 2, 'com.ruoyi.web.controller.routeschedule.BRoutescheduleController.edit()', 'PUT', 1, 'admin', NULL, '/routeschedule/routeschedule', '127.0.0.1', '内网IP', '{\"departurePort\":\"连云港\",\"endTime\":\"2023-12-31 00-00\",\"endingPort\":\"厦门\",\"estimatedDuration\":3,\"params\":{},\"routeDistance\":837,\"routeId\":1,\"routescheduleId\":1,\"shipId\":2,\"startTime\":\"2023-12-27 00-00\"}', '{\"msg\":\"操作成功\",\"code\":200}', 0, NULL, '2023-12-26 14:46:47', 16);
INSERT INTO `sys_oper_log` VALUES (342, '航运计划', 2, 'com.ruoyi.web.controller.routeschedule.BRoutescheduleController.edit()', 'PUT', 1, 'admin', NULL, '/routeschedule/routeschedule', '127.0.0.1', '内网IP', '{\"departurePort\":\"连云港\",\"endTime\":\"2023-12-31 00-00\",\"endingPort\":\"厦门\",\"estimatedDuration\":3,\"params\":{},\"routeDistance\":837,\"routeId\":1,\"routescheduleId\":1,\"shipId\":2,\"startTime\":\"2023-12-08 00-00\"}', '{\"msg\":\"操作成功\",\"code\":200}', 0, NULL, '2023-12-26 14:51:02', 17);
INSERT INTO `sys_oper_log` VALUES (343, '航运计划', 2, 'com.ruoyi.web.controller.routeschedule.BRoutescheduleController.edit()', 'PUT', 1, 'admin', NULL, '/routeschedule/routeschedule', '127.0.0.1', '内网IP', '{\"departurePort\":\"连云港\",\"endTime\":\"2023-12-31\",\"endingPort\":\"厦门\",\"estimatedDuration\":3,\"params\":{},\"routeDistance\":837,\"routeId\":1,\"routescheduleId\":1,\"shipId\":2,\"startTime\":\"2023-12-27\"}', '{\"msg\":\"操作成功\",\"code\":200}', 0, NULL, '2023-12-26 14:54:04', 22);
INSERT INTO `sys_oper_log` VALUES (344, '航运计划', 2, 'com.ruoyi.web.controller.routeschedule.BRoutescheduleController.edit()', 'PUT', 1, 'admin', NULL, '/routeschedule/routeschedule', '127.0.0.1', '内网IP', '{\"departurePort\":\"连云港\",\"endTime\":\"2023-12-31 14:30\",\"endingPort\":\"厦门\",\"estimatedDuration\":3,\"params\":{},\"routeDistance\":837,\"routeId\":1,\"routescheduleId\":1,\"shipId\":2,\"startTime\":\"2023-12-27 12:20\"}', '{\"msg\":\"操作成功\",\"code\":200}', 0, NULL, '2023-12-26 15:16:45', 22);
INSERT INTO `sys_oper_log` VALUES (345, '航运计划', 2, 'com.ruoyi.web.controller.routeschedule.BRoutescheduleController.edit()', 'PUT', 1, 'admin', NULL, '/routeschedule/routeschedule', '127.0.0.1', '内网IP', '{\"departurePort\":\"连云港\",\"endTime\":\"2023-12-31 14:30\",\"endingPort\":\"厦门\",\"estimatedDuration\":20,\"params\":{},\"routeDistance\":837,\"routeId\":1,\"routescheduleId\":1,\"shipId\":2,\"startTime\":\"2023-12-27 12:20\"}', '{\"msg\":\"操作成功\",\"code\":200}', 0, NULL, '2023-12-26 20:14:14', 32);
INSERT INTO `sys_oper_log` VALUES (346, '航运计划', 2, 'com.ruoyi.web.controller.routeschedule.BRoutescheduleController.edit()', 'PUT', 1, 'admin', NULL, '/routeschedule/routeschedule', '127.0.0.1', '内网IP', '{\"departurePort\":\"连云港\",\"endTime\":\"2023-12-31 14:30\",\"endingPort\":\"厦门\",\"estimatedDuration\":20.5,\"params\":{},\"routeDistance\":837.0,\"routeId\":1,\"routescheduleId\":1,\"shipId\":2,\"startTime\":\"2023-12-27 12:20\"}', '{\"msg\":\"操作成功\",\"code\":200}', 0, NULL, '2023-12-26 20:29:33', 26);
INSERT INTO `sys_oper_log` VALUES (347, '代码生成', 8, 'com.ruoyi.generator.controller.GenController.batchGenCode()', 'GET', 1, 'admin', NULL, '/tool/gen/batchGenCode', '127.0.0.1', '内网IP', '{\"tables\":\"b_ship\"}', NULL, 0, NULL, '2023-12-30 16:14:58', 166);
INSERT INTO `sys_oper_log` VALUES (348, '代码生成', 8, 'com.ruoyi.generator.controller.GenController.batchGenCode()', 'GET', 1, 'admin', NULL, '/tool/gen/batchGenCode', '127.0.0.1', '内网IP', '{\"tables\":\"b_routeschedule\"}', NULL, 0, NULL, '2023-12-30 16:15:00', 26);
INSERT INTO `sys_oper_log` VALUES (349, '代码生成', 8, 'com.ruoyi.generator.controller.GenController.batchGenCode()', 'GET', 1, 'admin', NULL, '/tool/gen/batchGenCode', '127.0.0.1', '内网IP', '{\"tables\":\"b_cargo\"}', NULL, 0, NULL, '2023-12-30 16:15:00', 29);
INSERT INTO `sys_oper_log` VALUES (350, '代码生成', 8, 'com.ruoyi.generator.controller.GenController.batchGenCode()', 'GET', 1, 'admin', NULL, '/tool/gen/batchGenCode', '127.0.0.1', '内网IP', '{\"tables\":\"b_route\"}', NULL, 0, NULL, '2023-12-30 16:15:02', 19);
INSERT INTO `sys_oper_log` VALUES (351, '代码生成', 8, 'com.ruoyi.generator.controller.GenController.batchGenCode()', 'GET', 1, 'admin', NULL, '/tool/gen/batchGenCode', '127.0.0.1', '内网IP', '{\"tables\":\"b_ship_companies\"}', NULL, 0, NULL, '2023-12-30 16:15:02', 25);
INSERT INTO `sys_oper_log` VALUES (352, '代码生成', 8, 'com.ruoyi.generator.controller.GenController.batchGenCode()', 'GET', 1, 'admin', NULL, '/tool/gen/batchGenCode', '127.0.0.1', '内网IP', '{\"tables\":\"wx_user\"}', NULL, 0, NULL, '2023-12-30 16:15:04', 25);
INSERT INTO `sys_oper_log` VALUES (353, '代码生成', 8, 'com.ruoyi.generator.controller.GenController.batchGenCode()', 'GET', 1, 'admin', NULL, '/tool/gen/batchGenCode', '127.0.0.1', '内网IP', '{\"tables\":\"b_port\"}', NULL, 0, NULL, '2023-12-30 16:15:05', 22);
INSERT INTO `sys_oper_log` VALUES (354, '代码生成', 8, 'com.ruoyi.generator.controller.GenController.batchGenCode()', 'GET', 1, 'admin', NULL, '/tool/gen/batchGenCode', '127.0.0.1', '内网IP', '{\"tables\":\"b_port\"}', NULL, 0, NULL, '2023-12-30 16:15:49', 27);
INSERT INTO `sys_oper_log` VALUES (355, '代码生成', 8, 'com.ruoyi.generator.controller.GenController.batchGenCode()', 'GET', 1, 'admin', NULL, '/tool/gen/batchGenCode', '127.0.0.1', '内网IP', '{\"tables\":\"wx_user\"}', NULL, 0, NULL, '2023-12-30 16:15:51', 21);
INSERT INTO `sys_oper_log` VALUES (356, '代码生成', 8, 'com.ruoyi.generator.controller.GenController.batchGenCode()', 'GET', 1, 'admin', NULL, '/tool/gen/batchGenCode', '127.0.0.1', '内网IP', '{\"tables\":\"b_ship_companies\"}', NULL, 0, NULL, '2023-12-30 16:19:28', 20);
INSERT INTO `sys_oper_log` VALUES (357, '代码生成', 8, 'com.ruoyi.generator.controller.GenController.batchGenCode()', 'GET', 1, 'admin', NULL, '/tool/gen/batchGenCode', '127.0.0.1', '内网IP', '{\"tables\":\"b_route\"}', NULL, 0, NULL, '2023-12-30 16:22:27', 22);
INSERT INTO `sys_oper_log` VALUES (358, '代码生成', 8, 'com.ruoyi.generator.controller.GenController.batchGenCode()', 'GET', 1, 'admin', NULL, '/tool/gen/batchGenCode', '127.0.0.1', '内网IP', '{\"tables\":\"b_cargo\"}', NULL, 0, NULL, '2023-12-30 16:23:50', 21);
INSERT INTO `sys_oper_log` VALUES (359, '代码生成', 8, 'com.ruoyi.generator.controller.GenController.batchGenCode()', 'GET', 1, 'admin', NULL, '/tool/gen/batchGenCode', '127.0.0.1', '内网IP', '{\"tables\":\"b_routeschedule\"}', NULL, 0, NULL, '2023-12-30 16:27:00', 22);
INSERT INTO `sys_oper_log` VALUES (360, '代码生成', 8, 'com.ruoyi.generator.controller.GenController.batchGenCode()', 'GET', 1, 'admin', NULL, '/tool/gen/batchGenCode', '127.0.0.1', '内网IP', '{\"tables\":\"b_ship\"}', NULL, 0, NULL, '2023-12-30 16:30:05', 27);
INSERT INTO `sys_oper_log` VALUES (361, '航运计划', 2, 'com.ruoyi.web.controller.routeschedule.BRoutescheduleController.edit()', 'PUT', 1, 'admin', NULL, '/routeschedule/routeschedule', '127.0.0.1', '内网IP', '{\"departurePort\":\"上海港\",\"endTime\":\"2023-12-26 00:00\",\"endingPort\":\"天津港\",\"estimatedDuration\":3.0,\"params\":{},\"routeDistance\":544.0,\"routeId\":1,\"routescheduleId\":2,\"shipId\":3,\"startTime\":\"2023-12-13 01:00\"}', '{\"msg\":\"操作成功\",\"code\":200}', 0, NULL, '2023-12-30 16:54:37', 12);
INSERT INTO `sys_oper_log` VALUES (362, '航运计划', 2, 'com.ruoyi.web.controller.routeschedule.BRoutescheduleController.edit()', 'PUT', 1, 'admin', NULL, '/routeschedule/routeschedule', '127.0.0.1', '内网IP', '{\"departurePort\":\"连云港\",\"endTime\":\"2024-01-06 14:30\",\"endingPort\":\"厦门\",\"estimatedDuration\":20.5,\"params\":{},\"routeDistance\":837.0,\"routeId\":1,\"routescheduleId\":1,\"shipId\":2,\"startTime\":\"2023-12-27 12:20\"}', '{\"msg\":\"操作成功\",\"code\":200}', 0, NULL, '2023-12-30 16:56:00', 6);
INSERT INTO `sys_oper_log` VALUES (363, '航运计划', 2, 'com.ruoyi.web.controller.routeschedule.BRoutescheduleController.edit()', 'PUT', 1, 'admin', NULL, '/routeschedule/routeschedule', '127.0.0.1', '内网IP', '{\"departurePort\":\"连云港\",\"endTime\":\"2024-01-06 14:30\",\"endingPort\":\"厦门\",\"estimatedDuration\":20.5,\"params\":{},\"routeDistance\":837.0,\"routeId\":1,\"routescheduleId\":1,\"shipId\":2,\"startTime\":\"2024-01-06 12:20\"}', '{\"msg\":\"操作成功\",\"code\":200}', 0, NULL, '2023-12-30 16:56:13', 9);
INSERT INTO `sys_oper_log` VALUES (364, '代码生成', 6, 'com.ruoyi.generator.controller.GenController.importTableSave()', 'POST', 1, 'admin', NULL, '/tool/gen/importTable', '127.0.0.1', '内网IP', '{\"tables\":\"b_order\"}', '{\"msg\":\"操作成功\",\"code\":200}', 0, NULL, '2023-12-30 20:11:27', 60);
INSERT INTO `sys_oper_log` VALUES (365, '代码生成', 2, 'com.ruoyi.generator.controller.GenController.editSave()', 'PUT', 1, 'admin', NULL, '/tool/gen', '127.0.0.1', '内网IP', '{\"businessName\":\"order\",\"className\":\"BOrder\",\"columns\":[{\"capJavaField\":\"OrderId\",\"columnComment\":\"订单id\",\"columnId\":74,\"columnName\":\"order_id\",\"columnType\":\"varchar(255)\",\"createBy\":\"admin\",\"createTime\":\"2023-12-30 20:11:27\",\"dictType\":\"\",\"edit\":false,\"htmlType\":\"input\",\"increment\":false,\"insert\":true,\"isIncrement\":\"0\",\"isInsert\":\"1\",\"isPk\":\"1\",\"javaField\":\"orderId\",\"javaType\":\"String\",\"list\":false,\"params\":{},\"pk\":true,\"query\":false,\"queryType\":\"EQ\",\"required\":false,\"sort\":1,\"superColumn\":false,\"tableId\":12,\"updateBy\":\"\",\"usableColumn\":false},{\"capJavaField\":\"UserId\",\"columnComment\":\"用户id\",\"columnId\":75,\"columnName\":\"user_id\",\"columnType\":\"varchar(255)\",\"createBy\":\"admin\",\"createTime\":\"2023-12-30 20:11:27\",\"dictType\":\"\",\"edit\":true,\"htmlType\":\"input\",\"increment\":false,\"insert\":true,\"isEdit\":\"1\",\"isIncrement\":\"0\",\"isInsert\":\"1\",\"isList\":\"1\",\"isPk\":\"0\",\"isQuery\":\"1\",\"javaField\":\"userId\",\"javaType\":\"String\",\"list\":true,\"params\":{},\"pk\":false,\"query\":true,\"queryType\":\"EQ\",\"required\":false,\"sort\":2,\"superColumn\":false,\"tableId\":12,\"updateBy\":\"\",\"usableColumn\":false},{\"capJavaField\":\"CargoId\",\"columnComment\":\"货物id\",\"columnId\":76,\"columnName\":\"cargo_id\",\"columnType\":\"int\",\"createBy\":\"admin\",\"createTime\":\"2023-12-30 20:11:27\",\"dictType\":\"\",\"edit\":true,\"htmlType\":\"input\",\"increment\":false,\"insert\":true,\"isEdit\":\"1\",\"isIncrement\":\"0\",\"isInsert\":\"1\",\"isList\":\"1\",\"isPk\":\"0\",\"isQuery\":\"1\",\"javaField\":\"cargoId\",\"javaType\":\"Long\",\"list\":true,\"params\":{},\"pk\":false,\"query\":true,\"queryType\":\"EQ\",\"required\":false,\"sort\":3,\"superColumn\":false,\"tableId\":12,\"updateBy\":\"\",\"usableColumn\":false},{\"capJavaField\":\"ScheduleId\",\"columnComment\":\"航运计划id\",\"columnId\":77,\"columnName\":\"schedule_id\",\"columnType\":\"int\",\"createBy\":\"admin\",\"createTime\":\"2023-12-30 20:11:27\",\"dictType\":\"\",\"edit\":true,\"htmlType\":\"input\",\"increment\":false,\"insert\":true,\"isEdit\":\"1\",\"isIncrement\":\"0\",\"isInsert\":\"1\",\"isList\":\"1\",\"isPk\":\"0\",\"isQuery\":\"1\",\"javaField\":\"scheduleId\",\"javaType\":\"Long\",\"list\":true,\"params\":{},\"pk\"', '{\"msg\":\"操作成功\",\"code\":200}', 0, NULL, '2023-12-30 20:13:54', 26);
INSERT INTO `sys_oper_log` VALUES (366, '代码生成', 8, 'com.ruoyi.generator.controller.GenController.batchGenCode()', 'GET', 1, 'admin', NULL, '/tool/gen/batchGenCode', '127.0.0.1', '内网IP', '{\"tables\":\"b_order\"}', NULL, 0, NULL, '2023-12-30 20:13:57', 29);
INSERT INTO `sys_oper_log` VALUES (367, '货物管理', 3, 'com.ruoyi.web.controller.cargoinfo.BCargoController.remove()', 'DELETE', 1, 'admin', NULL, '/cargoinfo/cargoinfo/4', '127.0.0.1', '内网IP', '{}', '{\"msg\":\"操作成功\",\"code\":200}', 0, NULL, '2023-12-30 21:31:08', 37);
INSERT INTO `sys_oper_log` VALUES (368, '货物管理', 3, 'com.ruoyi.web.controller.cargoinfo.BCargoController.remove()', 'DELETE', 1, 'admin', NULL, '/cargoinfo/cargoinfo/3', '127.0.0.1', '内网IP', '{}', '{\"msg\":\"操作成功\",\"code\":200}', 0, NULL, '2023-12-30 21:32:24', 11);
INSERT INTO `sys_oper_log` VALUES (369, '货物管理', 3, 'com.ruoyi.web.controller.cargoinfo.BCargoController.remove()', 'DELETE', 1, 'admin', NULL, '/cargoinfo/cargoinfo/8', '127.0.0.1', '内网IP', '{}', '{\"msg\":\"操作成功\",\"code\":200}', 0, NULL, '2023-12-30 21:34:33', 6);
INSERT INTO `sys_oper_log` VALUES (370, '货物管理', 3, 'com.ruoyi.web.controller.cargoinfo.BCargoController.remove()', 'DELETE', 1, 'admin', NULL, '/cargoinfo/cargoinfo/7', '127.0.0.1', '内网IP', '{}', '{\"msg\":\"操作成功\",\"code\":200}', 0, NULL, '2023-12-30 21:34:36', 7);
INSERT INTO `sys_oper_log` VALUES (371, '货物管理', 3, 'com.ruoyi.web.controller.cargoinfo.BCargoController.remove()', 'DELETE', 1, 'admin', NULL, '/cargoinfo/cargoinfo/6', '127.0.0.1', '内网IP', '{}', '{\"msg\":\"操作成功\",\"code\":200}', 0, NULL, '2023-12-30 21:34:38', 10);
INSERT INTO `sys_oper_log` VALUES (372, '货物管理', 3, 'com.ruoyi.web.controller.cargoinfo.BCargoController.remove()', 'DELETE', 1, 'admin', NULL, '/cargoinfo/cargoinfo/5', '127.0.0.1', '内网IP', '{}', '{\"msg\":\"操作成功\",\"code\":200}', 0, NULL, '2023-12-30 21:34:42', 10);
INSERT INTO `sys_oper_log` VALUES (373, 'order', 3, 'com.ruoyi.web.controller.order.BOrderController.remove()', 'DELETE', 1, 'admin', NULL, '/order/order/2023-12-30T21:48:52.206271100ogj5Q6VEG1HHJMqTEebwUtIPlGBs', '127.0.0.1', '内网IP', '{}', '{\"msg\":\"操作成功\",\"code\":200}', 0, NULL, '2023-12-30 21:49:56', 7);
INSERT INTO `sys_oper_log` VALUES (374, '货物管理', 3, 'com.ruoyi.web.controller.cargoinfo.BCargoController.remove()', 'DELETE', 1, 'admin', NULL, '/cargoinfo/cargoinfo/10', '127.0.0.1', '内网IP', '{}', '{\"msg\":\"操作成功\",\"code\":200}', 0, NULL, '2023-12-30 21:50:13', 8);
INSERT INTO `sys_oper_log` VALUES (375, '货物管理', 3, 'com.ruoyi.web.controller.cargoinfo.BCargoController.remove()', 'DELETE', 1, 'admin', NULL, '/cargoinfo/cargoinfo/9', '127.0.0.1', '内网IP', '{}', '{\"msg\":\"操作成功\",\"code\":200}', 0, NULL, '2023-12-30 21:50:15', 6);
INSERT INTO `sys_oper_log` VALUES (376, '货物管理', 3, 'com.ruoyi.web.controller.cargoinfo.BCargoController.remove()', 'DELETE', 1, 'admin', NULL, '/cargoinfo/cargoinfo/13', '127.0.0.1', '内网IP', '{}', '{\"msg\":\"操作成功\",\"code\":200}', 0, NULL, '2023-12-30 21:55:37', 16);
INSERT INTO `sys_oper_log` VALUES (377, '货物管理', 3, 'com.ruoyi.web.controller.cargoinfo.BCargoController.remove()', 'DELETE', 1, 'admin', NULL, '/cargoinfo/cargoinfo/12', '127.0.0.1', '内网IP', '{}', '{\"msg\":\"操作成功\",\"code\":200}', 0, NULL, '2023-12-30 21:55:39', 5);
INSERT INTO `sys_oper_log` VALUES (378, '货物管理', 3, 'com.ruoyi.web.controller.cargoinfo.BCargoController.remove()', 'DELETE', 1, 'admin', NULL, '/cargoinfo/cargoinfo/11', '127.0.0.1', '内网IP', '{}', '{\"msg\":\"操作成功\",\"code\":200}', 0, NULL, '2023-12-30 21:55:42', 10);
INSERT INTO `sys_oper_log` VALUES (379, 'order', 3, 'com.ruoyi.web.controller.order.BOrderController.remove()', 'DELETE', 1, 'admin', NULL, '/order/order/2023-12-30T21:54:58.727359800ogj5Q6VEG1HHJMqTEebwUtIPlGBs', '127.0.0.1', '内网IP', '{}', '{\"msg\":\"操作成功\",\"code\":200}', 0, NULL, '2023-12-30 21:55:49', 8);
INSERT INTO `sys_oper_log` VALUES (380, '航运计划', 2, 'com.ruoyi.web.controller.routeschedule.BRoutescheduleController.edit()', 'PUT', 1, 'admin', NULL, '/routeschedule/routeschedule', '127.0.0.1', '内网IP', '{\"departurePort\":\"连云港\",\"endTime\":\"2024-01-06 14:30\",\"endingPort\":\"厦门\",\"estimatedDuration\":20.5,\"params\":{},\"routeDistance\":837.0,\"routeId\":1,\"routescheduleId\":1,\"shipId\":2,\"startTime\":\"2024-01-07 12:20\"}', '{\"msg\":\"操作成功\",\"code\":200}', 0, NULL, '2023-12-31 10:53:23', 54);
INSERT INTO `sys_oper_log` VALUES (381, '航运计划', 2, 'com.ruoyi.web.controller.routeschedule.BRoutescheduleController.edit()', 'PUT', 1, 'admin', NULL, '/routeschedule/routeschedule', '127.0.0.1', '内网IP', '{\"departurePort\":\"连云港\",\"endTime\":\"2024-01-07 14:30\",\"endingPort\":\"厦门\",\"estimatedDuration\":20.5,\"params\":{},\"routeDistance\":837.0,\"routeId\":1,\"routescheduleId\":1,\"shipId\":2,\"startTime\":\"2024-01-07 12:20\"}', '{\"msg\":\"操作成功\",\"code\":200}', 0, NULL, '2023-12-31 10:53:49', 10);
INSERT INTO `sys_oper_log` VALUES (382, 'order', 3, 'com.ruoyi.web.controller.order.BOrderController.remove()', 'DELETE', 1, 'admin', NULL, '/order/order/2023-12-30T21:55:54.402982800ogj5Q6VEG1HHJMqTEebwUtIPlGBs', '127.0.0.1', '内网IP', '{}', '{\"msg\":\"操作成功\",\"code\":200}', 0, NULL, '2023-12-31 10:54:12', 11);
INSERT INTO `sys_oper_log` VALUES (383, 'order', 3, 'com.ruoyi.web.controller.order.BOrderController.remove()', 'DELETE', 1, 'admin', NULL, '/order/order/2023-12-31T10:54:47.564367ogj5Q6VEG1HHJMqTEebwUtIPlGBs', '127.0.0.1', '内网IP', '{}', '{\"msg\":\"操作成功\",\"code\":200}', 0, NULL, '2023-12-31 10:55:01', 10);
INSERT INTO `sys_oper_log` VALUES (384, '货物管理', 3, 'com.ruoyi.web.controller.cargoinfo.BCargoController.remove()', 'DELETE', 1, 'admin', NULL, '/cargoinfo/cargoinfo/14,15', '127.0.0.1', '内网IP', '{}', '{\"msg\":\"操作成功\",\"code\":200}', 0, NULL, '2023-12-31 10:55:15', 7);
INSERT INTO `sys_oper_log` VALUES (385, '货物管理', 3, 'com.ruoyi.web.controller.cargoinfo.BCargoController.remove()', 'DELETE', 1, 'admin', NULL, '/cargoinfo/cargoinfo/16', '127.0.0.1', '内网IP', '{}', '{\"msg\":\"操作成功\",\"code\":200}', 0, NULL, '2023-12-31 10:57:52', 6);
INSERT INTO `sys_oper_log` VALUES (386, '货物管理', 3, 'com.ruoyi.web.controller.cargoinfo.BCargoController.remove()', 'DELETE', 1, 'admin', NULL, '/cargoinfo/cargoinfo/17,2,18,19,20,21,22,23,24,25', '127.0.0.1', '内网IP', '{}', '{\"msg\":\"操作成功\",\"code\":200}', 0, NULL, '2023-12-31 11:11:16', 12);
INSERT INTO `sys_oper_log` VALUES (387, 'order', 3, 'com.ruoyi.web.controller.order.BOrderController.remove()', 'DELETE', 1, 'admin', NULL, '/order/order/2023-12-31T10:57:05.003813500ogj5Q6VEG1HHJMqTEebwUtIPlGBs,2023-12-31T10:58:38.337669400ogj5Q6VEG1HHJMqTEebwUtIPlGBs,2023-12-31T10:59:22.802506600ogj5Q6VEG1HHJMqTEebwUtIPlGBs,2023-12-31T11:01:29.863718600ogj5Q6VEG1HHJMqTEebwUtIPlGBs,2023-12-31', '127.0.0.1', '内网IP', '{}', '{\"msg\":\"操作成功\",\"code\":200}', 0, NULL, '2023-12-31 11:11:32', 6);
INSERT INTO `sys_oper_log` VALUES (388, '菜单管理', 2, 'com.ruoyi.web.controller.system.SysMenuController.edit()', 'PUT', 1, 'admin', NULL, '/system/menu', '127.0.0.1', '内网IP', '{\"children\":[],\"component\":\"portorder\",\"createTime\":\"2023-12-16 17:47:44\",\"icon\":\"checkbox\",\"isCache\":\"1\",\"isFrame\":\"1\",\"menuId\":2044,\"menuName\":\"港口订单管理\",\"menuType\":\"C\",\"orderNum\":1,\"params\":{},\"parentId\":2039,\"path\":\"port_order\",\"perms\":\"\",\"status\":\"0\",\"updateBy\":\"admin\",\"visible\":\"0\"}', '{\"msg\":\"操作成功\",\"code\":200}', 0, NULL, '2023-12-31 11:31:02', 35);
INSERT INTO `sys_oper_log` VALUES (389, '菜单管理', 3, 'com.ruoyi.web.controller.system.SysMenuController.remove()', 'DELETE', 1, 'admin', NULL, '/system/menu/2044', '127.0.0.1', '内网IP', '{}', '{\"msg\":\"菜单已分配,不允许删除\",\"code\":601}', 0, NULL, '2023-12-31 11:32:19', 11);
INSERT INTO `sys_oper_log` VALUES (390, '菜单管理', 2, 'com.ruoyi.web.controller.system.SysMenuController.edit()', 'PUT', 1, 'admin', NULL, '/system/menu', '127.0.0.1', '内网IP', '{\"children\":[],\"component\":\"portorder\",\"createTime\":\"2023-12-16 17:47:44\",\"icon\":\"checkbox\",\"isCache\":\"1\",\"isFrame\":\"1\",\"menuId\":2044,\"menuName\":\"港口订单管理\",\"menuType\":\"C\",\"orderNum\":5,\"params\":{},\"parentId\":2039,\"path\":\"portorder\",\"perms\":\"\",\"status\":\"0\",\"updateBy\":\"admin\",\"visible\":\"0\"}', '{\"msg\":\"操作成功\",\"code\":200}', 0, NULL, '2023-12-31 11:32:52', 17);
INSERT INTO `sys_oper_log` VALUES (391, '菜单管理', 3, 'com.ruoyi.web.controller.system.SysMenuController.remove()', 'DELETE', 1, 'admin', NULL, '/system/menu/2044', '127.0.0.1', '内网IP', '{}', '{\"msg\":\"菜单已分配,不允许删除\",\"code\":601}', 0, NULL, '2023-12-31 11:39:00', 24);
INSERT INTO `sys_oper_log` VALUES (392, '菜单管理', 2, 'com.ruoyi.web.controller.system.SysMenuController.edit()', 'PUT', 1, 'admin', NULL, '/system/menu', '127.0.0.1', '内网IP', '{\"children\":[],\"component\":\"portorder\",\"createTime\":\"2023-12-16 17:47:44\",\"icon\":\"checkbox\",\"isCache\":\"1\",\"isFrame\":\"1\",\"menuId\":2044,\"menuName\":\"港口订单管理\",\"menuType\":\"C\",\"orderNum\":5,\"params\":{},\"parentId\":2039,\"path\":\"portorder\",\"perms\":\"\",\"status\":\"1\",\"updateBy\":\"admin\",\"visible\":\"0\"}', '{\"msg\":\"操作成功\",\"code\":200}', 0, NULL, '2023-12-31 11:39:04', 26);
INSERT INTO `sys_oper_log` VALUES (393, '菜单管理', 3, 'com.ruoyi.web.controller.system.SysMenuController.remove()', 'DELETE', 1, 'admin', NULL, '/system/menu/2044', '127.0.0.1', '内网IP', '{}', '{\"msg\":\"菜单已分配,不允许删除\",\"code\":601}', 0, NULL, '2023-12-31 11:39:17', 5);
INSERT INTO `sys_oper_log` VALUES (394, '菜单管理', 2, 'com.ruoyi.web.controller.system.SysMenuController.edit()', 'PUT', 1, 'admin', NULL, '/system/menu', '127.0.0.1', '内网IP', '{\"children\":[],\"component\":\"portorder\",\"createTime\":\"2023-12-16 17:47:44\",\"icon\":\"checkbox\",\"isCache\":\"1\",\"isFrame\":\"1\",\"menuId\":2044,\"menuName\":\"港口订单管理\",\"menuType\":\"C\",\"orderNum\":5,\"params\":{},\"parentId\":2039,\"path\":\"portorder\",\"perms\":\"\",\"status\":\"1\",\"updateBy\":\"admin\",\"visible\":\"1\"}', '{\"msg\":\"操作成功\",\"code\":200}', 0, NULL, '2023-12-31 11:39:29', 16);
INSERT INTO `sys_oper_log` VALUES (395, '菜单管理', 3, 'com.ruoyi.web.controller.system.SysMenuController.remove()', 'DELETE', 1, 'admin', NULL, '/system/menu/2044', '127.0.0.1', '内网IP', '{}', '{\"msg\":\"菜单已分配,不允许删除\",\"code\":601}', 0, NULL, '2023-12-31 11:39:33', 5);
INSERT INTO `sys_oper_log` VALUES (396, '菜单管理', 2, 'com.ruoyi.web.controller.system.SysMenuController.edit()', 'PUT', 1, 'admin', NULL, '/system/menu', '127.0.0.1', '内网IP', '{\"children\":[],\"component\":\"portorder\",\"createTime\":\"2023-12-16 17:47:44\",\"icon\":\"checkbox\",\"isCache\":\"1\",\"isFrame\":\"1\",\"menuId\":2044,\"menuName\":\"港口订单管理\",\"menuType\":\"C\",\"orderNum\":5,\"params\":{},\"parentId\":0,\"path\":\"portorder\",\"perms\":\"\",\"status\":\"1\",\"updateBy\":\"admin\",\"visible\":\"1\"}', '{\"msg\":\"操作成功\",\"code\":200}', 0, NULL, '2023-12-31 11:39:44', 10);
INSERT INTO `sys_oper_log` VALUES (397, '菜单管理', 2, 'com.ruoyi.web.controller.system.SysMenuController.edit()', 'PUT', 1, 'admin', NULL, '/system/menu', '127.0.0.1', '内网IP', '{\"children\":[],\"component\":\"portorder\",\"createTime\":\"2023-12-16 17:47:44\",\"icon\":\"checkbox\",\"isCache\":\"1\",\"isFrame\":\"1\",\"menuId\":2044,\"menuName\":\"港口订单管理\",\"menuType\":\"C\",\"orderNum\":5,\"params\":{},\"parentId\":2039,\"path\":\"portorder\",\"perms\":\"\",\"status\":\"1\",\"updateBy\":\"admin\",\"visible\":\"1\"}', '{\"msg\":\"操作成功\",\"code\":200}', 0, NULL, '2023-12-31 11:44:37', 25);
INSERT INTO `sys_oper_log` VALUES (398, '菜单管理', 2, 'com.ruoyi.web.controller.system.SysMenuController.edit()', 'PUT', 1, 'admin', NULL, '/system/menu', '127.0.0.1', '内网IP', '{\"children\":[],\"component\":\"portorder\",\"createTime\":\"2023-12-16 17:47:44\",\"icon\":\"checkbox\",\"isCache\":\"1\",\"isFrame\":\"1\",\"menuId\":2044,\"menuName\":\"港口订单管理\",\"menuType\":\"C\",\"orderNum\":5,\"params\":{},\"parentId\":2039,\"path\":\"portorder\",\"perms\":\"\",\"status\":\"0\",\"updateBy\":\"admin\",\"visible\":\"1\"}', '{\"msg\":\"操作成功\",\"code\":200}', 0, NULL, '2023-12-31 11:44:56', 13);
INSERT INTO `sys_oper_log` VALUES (399, '菜单管理', 3, 'com.ruoyi.web.controller.system.SysMenuController.remove()', 'DELETE', 1, 'admin', NULL, '/system/menu/2044', '127.0.0.1', '内网IP', '{}', '{\"msg\":\"菜单已分配,不允许删除\",\"code\":601}', 0, NULL, '2023-12-31 11:46:14', 16);
INSERT INTO `sys_oper_log` VALUES (400, '菜单管理', 2, 'com.ruoyi.web.controller.system.SysMenuController.edit()', 'PUT', 1, 'admin', NULL, '/system/menu', '127.0.0.1', '内网IP', '{\"children\":[],\"component\":\"portorder\",\"createTime\":\"2023-12-16 17:47:44\",\"icon\":\"checkbox\",\"isCache\":\"1\",\"isFrame\":\"1\",\"menuId\":2044,\"menuName\":\"港口订单管理\",\"menuType\":\"C\",\"orderNum\":1,\"params\":{},\"parentId\":2039,\"path\":\"portorder\",\"perms\":\"\",\"status\":\"0\",\"updateBy\":\"admin\",\"visible\":\"0\"}', '{\"msg\":\"操作成功\",\"code\":200}', 0, NULL, '2023-12-31 11:46:26', 40);
INSERT INTO `sys_oper_log` VALUES (401, 'order', 3, 'com.ruoyi.web.controller.order.BOrderController.remove()', 'DELETE', 1, 'admin', NULL, '/order/order/2023-12-31T11:22:08.590728400ogj5Q6VEG1HHJMqTEebwUtIPlGBs,2023-12-31T11:22:10.519509400ogj5Q6VEG1HHJMqTEebwUtIPlGBs,2023-12-31T11:22:14.029766ogj5Q6VEG1HHJMqTEebwUtIPlGBs,2023-12-31T11:22:14.180200600ogj5Q6VEG1HHJMqTEebwUtIPlGBs,2023-12-31T11', '127.0.0.1', '内网IP', '{}', '{\"msg\":\"操作成功\",\"code\":200}', 0, NULL, '2023-12-31 11:59:15', 17);
INSERT INTO `sys_oper_log` VALUES (402, '货物管理', 3, 'com.ruoyi.web.controller.cargoinfo.BCargoController.remove()', 'DELETE', 1, 'admin', NULL, '/cargoinfo/cargoinfo/26,27,28,29,30,31', '127.0.0.1', '内网IP', '{}', '{\"msg\":\"操作成功\",\"code\":200}', 0, NULL, '2023-12-31 12:02:17', 10);
INSERT INTO `sys_oper_log` VALUES (403, 'order', 3, 'com.ruoyi.web.controller.order.BOrderController.remove()', 'DELETE', 1, 'admin', NULL, '/order/order/2023-12-31T12:01:22.916397900ogj5Q6VEG1HHJMqTEebwUtIPlGBs', '127.0.0.1', '内网IP', '{}', '{\"msg\":\"操作成功\",\"code\":200}', 0, NULL, '2023-12-31 12:11:10', 18);
INSERT INTO `sys_oper_log` VALUES (404, '货物管理', 2, 'com.ruoyi.web.controller.cargoinfo.BCargoController.edit()', 'PUT', 1, 'admin', NULL, '/cargoinfo/cargoinfo', '127.0.0.1', '内网IP', '{\"cargoId\":32,\"cargoImage\":\"/profile/upload/2023/12/31/4637450C14D23EB36E08C34C92E98673_20231231130535A001.png\",\"cargoName\":\"冰箱\",\"cargoStatus\":\"未分配\",\"cargoType\":\"机械,设备,电器\",\"cargoVolume\":15.0,\"cargoWeight\":3000.0,\"params\":{},\"userId\":\"ogj5Q6VEG1HHJMqTEebwUtIPlGBs\"}', '{\"msg\":\"操作成功\",\"code\":200}', 0, NULL, '2023-12-31 13:05:38', 24);
INSERT INTO `sys_oper_log` VALUES (405, '货物管理', 3, 'com.ruoyi.web.controller.cargoinfo.BCargoController.remove()', 'DELETE', 1, 'admin', NULL, '/cargoinfo/cargoinfo/33', '127.0.0.1', '内网IP', '{}', '{\"msg\":\"操作成功\",\"code\":200}', 0, NULL, '2023-12-31 13:05:41', 8);
INSERT INTO `sys_oper_log` VALUES (406, '菜单管理', 1, 'com.ruoyi.web.controller.system.SysMenuController.add()', 'POST', 1, 'admin', NULL, '/system/menu', '127.0.0.1', '内网IP', '{\"children\":[],\"component\":\"dangervisual\",\"createBy\":\"admin\",\"icon\":\"component\",\"isCache\":\"1\",\"isFrame\":\"1\",\"menuName\":\"危险品识别\",\"menuType\":\"C\",\"orderNum\":0,\"params\":{},\"parentId\":2050,\"path\":\"dangervisual\",\"status\":\"0\",\"visible\":\"0\"}', '{\"msg\":\"操作成功\",\"code\":200}', 0, NULL, '2024-01-06 20:12:28', 19);
INSERT INTO `sys_oper_log` VALUES (407, '货物管理', 2, 'com.ruoyi.web.controller.cargoinfo.BCargoController.edit()', 'PUT', 1, 'admin', NULL, '/cargoinfo/cargoinfo', '127.0.0.1', '内网IP', '{\"cargoId\":32,\"cargoImage\":\"/profile/upload/2024/01/07/1_20240107132759A001.png\",\"cargoName\":\"冰箱\",\"cargoStatus\":\"未分配\",\"cargoType\":\"机械,设备,电器\",\"cargoVolume\":15.0,\"cargoWeight\":3000.0,\"params\":{},\"userId\":\"ogj5Q6VEG1HHJMqTEebwUtIPlGBs\"}', '{\"msg\":\"操作成功\",\"code\":200}', 0, NULL, '2024-01-07 13:28:03', 20);
INSERT INTO `sys_oper_log` VALUES (408, '货物管理', 2, 'com.ruoyi.web.controller.cargoinfo.BCargoController.edit()', 'PUT', 1, 'admin', NULL, '/cargoinfo/cargoinfo', '127.0.0.1', '内网IP', '{\"cargoId\":34,\"cargoImage\":\"/profile/upload/2024/01/07/1BDB3946C33474EEB9339E849A62D8A8_20240107134137A002.png\",\"cargoName\":\"空调\",\"cargoStatus\":\"未分配\",\"cargoType\":\"机械,设备,电器\",\"cargoVolume\":150.0,\"cargoWeight\":400.0,\"params\":{},\"userId\":\"ogj5Q6VEG1HHJMqTEebwUtIPlGBs\"}', '{\"msg\":\"操作成功\",\"code\":200}', 0, NULL, '2024-01-07 13:41:39', 4);
INSERT INTO `sys_oper_log` VALUES (409, 'wxuser', 2, 'com.ruoyi.web.controller.user.WxUserController.edit()', 'PUT', 1, 'admin', NULL, '/user/user', '127.0.0.1', '内网IP', '{\"openId\":\"ogj5Q6VEG1HHJMqTEebwUtIPlGBs\",\"params\":{},\"phoneNumber\":\"13236310189\",\"userIdentity\":\"货物检测人员\",\"userName\":\"Victor\",\"walletBalance\":0}', '{\"msg\":\"操作成功\",\"code\":200}', 0, NULL, '2024-01-07 15:00:06', 26);
INSERT INTO `sys_oper_log` VALUES (410, '代码生成', 6, 'com.ruoyi.generator.controller.GenController.importTableSave()', 'POST', 1, 'admin', NULL, '/tool/gen/importTable', '127.0.0.1', '内网IP', '{\"tables\":\"b_danger\"}', '{\"msg\":\"操作成功\",\"code\":200}', 0, NULL, '2024-01-07 15:13:31', 68);
INSERT INTO `sys_oper_log` VALUES (411, '代码生成', 2, 'com.ruoyi.generator.controller.GenController.editSave()', 'PUT', 1, 'admin', NULL, '/tool/gen', '127.0.0.1', '内网IP', '{\"businessName\":\"dangerinfo\",\"className\":\"BDanger\",\"columns\":[{\"capJavaField\":\"DangerId\",\"columnComment\":\"危险品识别id\",\"columnId\":82,\"columnName\":\"danger_id\",\"columnType\":\"int\",\"createBy\":\"admin\",\"createTime\":\"2024-01-07 15:13:31\",\"dictType\":\"\",\"edit\":false,\"htmlType\":\"input\",\"increment\":false,\"insert\":true,\"isIncrement\":\"0\",\"isInsert\":\"1\",\"isPk\":\"1\",\"javaField\":\"dangerId\",\"javaType\":\"Long\",\"list\":false,\"params\":{},\"pk\":true,\"query\":false,\"queryType\":\"EQ\",\"required\":false,\"sort\":1,\"superColumn\":false,\"tableId\":13,\"updateBy\":\"\",\"usableColumn\":false},{\"capJavaField\":\"BeforeImage\",\"columnComment\":\"识别前图片\",\"columnId\":83,\"columnName\":\"before_image\",\"columnType\":\"varchar(255)\",\"createBy\":\"admin\",\"createTime\":\"2024-01-07 15:13:31\",\"dictType\":\"\",\"edit\":true,\"htmlType\":\"imageUpload\",\"increment\":false,\"insert\":true,\"isEdit\":\"1\",\"isIncrement\":\"0\",\"isInsert\":\"1\",\"isList\":\"1\",\"isPk\":\"0\",\"isQuery\":\"1\",\"javaField\":\"beforeImage\",\"javaType\":\"String\",\"list\":true,\"params\":{},\"pk\":false,\"query\":true,\"queryType\":\"EQ\",\"required\":false,\"sort\":2,\"superColumn\":false,\"tableId\":13,\"updateBy\":\"\",\"usableColumn\":false},{\"capJavaField\":\"AfterImage\",\"columnComment\":\"识别结果图片\",\"columnId\":84,\"columnName\":\"after_image\",\"columnType\":\"varchar(255)\",\"createBy\":\"admin\",\"createTime\":\"2024-01-07 15:13:31\",\"dictType\":\"\",\"edit\":true,\"htmlType\":\"imageUpload\",\"increment\":false,\"insert\":true,\"isEdit\":\"1\",\"isIncrement\":\"0\",\"isInsert\":\"1\",\"isList\":\"1\",\"isPk\":\"0\",\"isQuery\":\"1\",\"javaField\":\"afterImage\",\"javaType\":\"String\",\"list\":true,\"params\":{},\"pk\":false,\"query\":true,\"queryType\":\"EQ\",\"required\":false,\"sort\":3,\"superColumn\":false,\"tableId\":13,\"updateBy\":\"\",\"usableColumn\":false},{\"capJavaField\":\"DangerDescrition\",\"columnComment\":\"识别描述\",\"columnId\":85,\"columnName\":\"danger_descrition\",\"columnType\":\"varchar(255)\",\"createBy\":\"admin\",\"createTime\":\"2024-01-07 15:13:31\",\"dictType\":\"\",\"edit\":true,\"htmlType\":\"input\",\"increment\":false,\"insert\":true,\"isEdit\":\"1\",\"isIncrement\":\"0\",\"isInsert\":\"1\",\"isList\":\"1\",\"isPk\":\"0\",\"isQuery\":\"1\",\"', '{\"msg\":\"操作成功\",\"code\":200}', 0, NULL, '2024-01-07 15:15:45', 26);
INSERT INTO `sys_oper_log` VALUES (412, '代码生成', 8, 'com.ruoyi.generator.controller.GenController.batchGenCode()', 'GET', 1, 'admin', NULL, '/tool/gen/batchGenCode', '127.0.0.1', '内网IP', '{\"tables\":\"b_danger\"}', NULL, 0, NULL, '2024-01-07 15:15:49', 214);
INSERT INTO `sys_oper_log` VALUES (413, '危险品识别信息管理', 3, 'com.ruoyi.web.controller.dangerinfo.BDangerController.remove()', 'DELETE', 1, 'admin', NULL, '/dangerinfo/dangerinfo/1', '127.0.0.1', '内网IP', '{}', '{\"msg\":\"操作成功\",\"code\":200}', 0, NULL, '2024-01-07 20:38:35', 11);
INSERT INTO `sys_oper_log` VALUES (414, '危险品识别信息管理', 3, 'com.ruoyi.web.controller.dangerinfo.BDangerController.remove()', 'DELETE', 1, 'admin', NULL, '/dangerinfo/dangerinfo/2', '127.0.0.1', '内网IP', '{}', '{\"msg\":\"操作成功\",\"code\":200}', 0, NULL, '2024-01-07 20:40:20', 5);
INSERT INTO `sys_oper_log` VALUES (415, '危险品识别信息管理', 3, 'com.ruoyi.web.controller.dangerinfo.BDangerController.remove()', 'DELETE', 1, 'admin', NULL, '/dangerinfo/dangerinfo/4', '127.0.0.1', '内网IP', '{}', '{\"msg\":\"操作成功\",\"code\":200}', 0, NULL, '2024-01-07 20:46:28', 17);
INSERT INTO `sys_oper_log` VALUES (416, '危险品识别信息管理', 3, 'com.ruoyi.web.controller.dangerinfo.BDangerController.remove()', 'DELETE', 1, 'admin', NULL, '/dangerinfo/dangerinfo/5', '127.0.0.1', '内网IP', '{}', '{\"msg\":\"操作成功\",\"code\":200}', 0, NULL, '2024-01-07 20:48:05', 8);
INSERT INTO `sys_oper_log` VALUES (417, '危险品识别信息管理', 3, 'com.ruoyi.web.controller.dangerinfo.BDangerController.remove()', 'DELETE', 1, 'admin', NULL, '/dangerinfo/dangerinfo/6', '127.0.0.1', '内网IP', '{}', '{\"msg\":\"操作成功\",\"code\":200}', 0, NULL, '2024-01-07 20:52:48', 6);
INSERT INTO `sys_oper_log` VALUES (418, '危险品识别信息管理', 3, 'com.ruoyi.web.controller.dangerinfo.BDangerController.remove()', 'DELETE', 1, 'admin', NULL, '/dangerinfo/dangerinfo/7', '127.0.0.1', '内网IP', '{}', '{\"msg\":\"操作成功\",\"code\":200}', 0, NULL, '2024-01-07 20:53:39', 9);
INSERT INTO `sys_oper_log` VALUES (419, '危险品识别信息管理', 3, 'com.ruoyi.web.controller.dangerinfo.BDangerController.remove()', 'DELETE', 1, 'admin', NULL, '/dangerinfo/dangerinfo/3', '127.0.0.1', '内网IP', '{}', '{\"msg\":\"操作成功\",\"code\":200}', 0, NULL, '2024-01-07 20:54:03', 5);
INSERT INTO `sys_oper_log` VALUES (420, '危险品识别信息管理', 3, 'com.ruoyi.web.controller.dangerinfo.BDangerController.remove()', 'DELETE', 1, 'admin', NULL, '/dangerinfo/dangerinfo/8', '127.0.0.1', '内网IP', '{}', '{\"msg\":\"操作成功\",\"code\":200}', 0, NULL, '2024-01-07 20:54:07', 11);
INSERT INTO `sys_oper_log` VALUES (421, '危险品识别信息管理', 3, 'com.ruoyi.web.controller.dangerinfo.BDangerController.remove()', 'DELETE', 1, 'admin', NULL, '/dangerinfo/dangerinfo/9,10,11,12,13,14,15,16,17,18', '127.0.0.1', '内网IP', '{}', '{\"msg\":\"操作成功\",\"code\":200}', 0, NULL, '2024-01-07 21:05:50', 8);
INSERT INTO `sys_oper_log` VALUES (422, '危险品识别信息管理', 3, 'com.ruoyi.web.controller.dangerinfo.BDangerController.remove()', 'DELETE', 1, 'admin', NULL, '/dangerinfo/dangerinfo/19,20,21,22', '127.0.0.1', '内网IP', '{}', '{\"msg\":\"操作成功\",\"code\":200}', 0, NULL, '2024-01-07 21:05:57', 4);
INSERT INTO `sys_oper_log` VALUES (423, '危险品识别信息管理', 3, 'com.ruoyi.web.controller.dangerinfo.BDangerController.remove()', 'DELETE', 1, 'admin', NULL, '/dangerinfo/dangerinfo/23,24,25', '127.0.0.1', '内网IP', '{}', '{\"msg\":\"操作成功\",\"code\":200}', 0, NULL, '2024-01-07 21:07:53', 5);
INSERT INTO `sys_oper_log` VALUES (424, '危险品识别信息管理', 3, 'com.ruoyi.web.controller.dangerinfo.BDangerController.remove()', 'DELETE', 1, 'admin', NULL, '/dangerinfo/dangerinfo/26', '127.0.0.1', '内网IP', '{}', '{\"msg\":\"操作成功\",\"code\":200}', 0, NULL, '2024-01-07 21:08:36', 8);
INSERT INTO `sys_oper_log` VALUES (425, '危险品识别信息管理', 3, 'com.ruoyi.web.controller.dangerinfo.BDangerController.remove()', 'DELETE', 1, 'admin', NULL, '/dangerinfo/dangerinfo/27,28,29,30,31,32,33,34,35,36', '127.0.0.1', '内网IP', '{}', '{\"msg\":\"操作成功\",\"code\":200}', 0, NULL, '2024-01-07 21:30:00', 5);
INSERT INTO `sys_oper_log` VALUES (426, '危险品识别信息管理', 3, 'com.ruoyi.web.controller.dangerinfo.BDangerController.remove()', 'DELETE', 1, 'admin', NULL, '/dangerinfo/dangerinfo/37,38,39', '127.0.0.1', '内网IP', '{}', '{\"msg\":\"操作成功\",\"code\":200}', 0, NULL, '2024-01-07 21:30:04', 6);
INSERT INTO `sys_oper_log` VALUES (427, '危险品识别信息管理', 3, 'com.ruoyi.web.controller.dangerinfo.BDangerController.remove()', 'DELETE', 1, 'admin', NULL, '/dangerinfo/dangerinfo/40,41,42,43,44,45,46,47,48,49', '127.0.0.1', '内网IP', '{}', '{\"msg\":\"操作成功\",\"code\":200}', 0, NULL, '2024-01-07 21:38:23', 4);
INSERT INTO `sys_oper_log` VALUES (428, '危险品识别信息管理', 3, 'com.ruoyi.web.controller.dangerinfo.BDangerController.remove()', 'DELETE', 1, 'admin', NULL, '/dangerinfo/dangerinfo/50', '127.0.0.1', '内网IP', '{}', '{\"msg\":\"操作成功\",\"code\":200}', 0, NULL, '2024-01-07 21:38:28', 5);
INSERT INTO `sys_oper_log` VALUES (429, '货物管理', 3, 'com.ruoyi.web.controller.cargoinfo.BCargoController.remove()', 'DELETE', 1, 'admin', NULL, '/cargoinfo/cargoinfo/34', '127.0.0.1', '内网IP', '{}', '{\"msg\":\"操作成功\",\"code\":200}', 0, NULL, '2024-01-07 21:40:13', 6);
INSERT INTO `sys_oper_log` VALUES (430, '危险品识别信息管理', 3, 'com.ruoyi.web.controller.dangerinfo.BDangerController.remove()', 'DELETE', 1, 'admin', NULL, '/dangerinfo/dangerinfo/52', '127.0.0.1', '内网IP', '{}', '{\"msg\":\"操作成功\",\"code\":200}', 0, NULL, '2024-01-08 13:25:55', 39);
INSERT INTO `sys_oper_log` VALUES (431, '危险品识别信息管理', 3, 'com.ruoyi.web.controller.dangerinfo.BDangerController.remove()', 'DELETE', 1, 'admin', NULL, '/dangerinfo/dangerinfo/51', '127.0.0.1', '内网IP', '{}', '{\"msg\":\"操作成功\",\"code\":200}', 0, NULL, '2024-01-08 15:20:51', 20);
INSERT INTO `sys_oper_log` VALUES (432, '危险品识别信息管理', 3, 'com.ruoyi.web.controller.dangerinfo.BDangerController.remove()', 'DELETE', 1, 'admin', NULL, '/dangerinfo/dangerinfo/54', '127.0.0.1', '内网IP', '{}', '{\"msg\":\"操作成功\",\"code\":200}', 0, NULL, '2024-01-08 15:36:52', 7);
INSERT INTO `sys_oper_log` VALUES (433, 'wxuser', 2, 'com.ruoyi.web.controller.user.WxUserController.edit()', 'PUT', 1, 'admin', NULL, '/user/user', '127.0.0.1', '内网IP', '{\"openId\":\"ogj5Q6VEG1HHJMqTEebwUtIPlGBs\",\"params\":{},\"phoneNumber\":\"13236310189\",\"userIdentity\":\"用户\",\"userName\":\"Victor\",\"walletBalance\":0}', '{\"msg\":\"操作成功\",\"code\":200}', 0, NULL, '2024-01-08 15:38:28', 14);
INSERT INTO `sys_oper_log` VALUES (434, '航运计划', 2, 'com.ruoyi.web.controller.routeschedule.BRoutescheduleController.edit()', 'PUT', 1, 'admin', NULL, '/routeschedule/routeschedule', '127.0.0.1', '内网IP', '{\"departurePort\":\"连云港\",\"endTime\":\"2024-01-07 14:30\",\"endingPort\":\"厦门\",\"estimatedDuration\":20.5,\"params\":{},\"routeDistance\":837.0,\"routeId\":1,\"routescheduleId\":1,\"shipId\":2,\"startTime\":\"2024-01-16 12:20\"}', '{\"msg\":\"操作成功\",\"code\":200}', 0, NULL, '2024-01-08 15:41:40', 18);
INSERT INTO `sys_oper_log` VALUES (435, '航运计划', 2, 'com.ruoyi.web.controller.routeschedule.BRoutescheduleController.edit()', 'PUT', 1, 'admin', NULL, '/routeschedule/routeschedule', '127.0.0.1', '内网IP', '{\"departurePort\":\"连云港\",\"endTime\":\"2024-01-16 14:30\",\"endingPort\":\"厦门\",\"estimatedDuration\":20.5,\"params\":{},\"routeDistance\":837.0,\"routeId\":1,\"routescheduleId\":1,\"shipId\":2,\"startTime\":\"2024-01-16 12:20\"}', '{\"msg\":\"操作成功\",\"code\":200}', 0, NULL, '2024-01-08 15:42:22', 8);
INSERT INTO `sys_oper_log` VALUES (436, '货物管理', 3, 'com.ruoyi.web.controller.cargoinfo.BCargoController.remove()', 'DELETE', 1, 'admin', NULL, '/cargoinfo/cargoinfo/35', '127.0.0.1', '内网IP', '{}', '{\"msg\":\"操作成功\",\"code\":200}', 0, NULL, '2024-01-08 19:18:39', 16);
INSERT INTO `sys_oper_log` VALUES (437, 'order', 3, 'com.ruoyi.web.controller.order.BOrderController.remove()', 'DELETE', 1, 'admin', NULL, '/order/order/2023-12-31T12:29:35.115341ogj5Q6VEG1HHJMqTEebwUtIPlGBs,2023-12-31T17:09:51.252789ogj5Q6VEG1HHJMqTEebwUtIPlGBs,2024-01-08T15:43:21.910018300ogj5Q6VEG1HHJMqTEebwUtIPlGBs,2024-01-08T19:19:30.997955300ogj5Q6VEG1HHJMqTEebwUtIPlGBs,2024-01-08T19:23', '127.0.0.1', '内网IP', '{}', '{\"msg\":\"操作成功\",\"code\":200}', 0, NULL, '2024-01-08 19:27:10', 9);
INSERT INTO `sys_oper_log` VALUES (438, 'order', 3, 'com.ruoyi.web.controller.order.BOrderController.remove()', 'DELETE', 1, 'admin', NULL, '/order/order/2024-01-08T19:27:48.322023100ogj5Q6VEG1HHJMqTEebwUtIPlGBs,2024-01-08T19:31:51.893860500ogj5Q6VEG1HHJMqTEebwUtIPlGBs', '127.0.0.1', '内网IP', '{}', '{\"msg\":\"操作成功\",\"code\":200}', 0, NULL, '2024-01-08 19:32:05', 7);
INSERT INTO `sys_oper_log` VALUES (439, 'order', 3, 'com.ruoyi.web.controller.order.BOrderController.remove()', 'DELETE', 1, 'admin', NULL, '/order/order/2024-01-08T19:32:19.171459300ogj5Q6VEG1HHJMqTEebwUtIPlGBs,2024-01-08T19:32:37.057679200ogj5Q6VEG1HHJMqTEebwUtIPlGBs', '127.0.0.1', '内网IP', '{}', '{\"msg\":\"操作成功\",\"code\":200}', 0, NULL, '2024-01-08 19:32:51', 4);
INSERT INTO `sys_oper_log` VALUES (440, '货物管理', 3, 'com.ruoyi.web.controller.cargoinfo.BCargoController.remove()', 'DELETE', 1, 'admin', NULL, '/cargoinfo/cargoinfo/36,37,38,39,40,41,43,42', '127.0.0.1', '内网IP', '{}', '{\"msg\":\"操作成功\",\"code\":200}', 0, NULL, '2024-01-08 19:33:50', 8);
INSERT INTO `sys_oper_log` VALUES (441, '货物管理', 3, 'com.ruoyi.web.controller.cargoinfo.BCargoController.remove()', 'DELETE', 1, 'admin', NULL, '/cargoinfo/cargoinfo/44', '127.0.0.1', '内网IP', '{}', '{\"msg\":\"操作成功\",\"code\":200}', 0, NULL, '2024-01-08 19:34:33', 8);
INSERT INTO `sys_oper_log` VALUES (442, '危险品识别信息管理', 3, 'com.ruoyi.web.controller.dangerinfo.BDangerController.remove()', 'DELETE', 1, 'admin', NULL, '/dangerinfo/dangerinfo/55', '127.0.0.1', '内网IP', '{}', '{\"msg\":\"操作成功\",\"code\":200}', 0, NULL, '2024-01-08 20:10:24', 10);
INSERT INTO `sys_oper_log` VALUES (443, '代码生成', 6, 'com.ruoyi.generator.controller.GenController.importTableSave()', 'POST', 1, 'admin', NULL, '/tool/gen/importTable', '127.0.0.1', '内网IP', '{\"tables\":\"b_feedbook\"}', '{\"msg\":\"操作成功\",\"code\":200}', 0, NULL, '2024-01-09 09:41:09', 47);
INSERT INTO `sys_oper_log` VALUES (444, '代码生成', 2, 'com.ruoyi.generator.controller.GenController.editSave()', 'PUT', 1, 'admin', NULL, '/tool/gen', '127.0.0.1', '内网IP', '{\"businessName\":\"feedbook\",\"className\":\"BFeedbook\",\"columns\":[{\"capJavaField\":\"FeedId\",\"columnComment\":\"用户反馈id\",\"columnId\":88,\"columnName\":\"feed_id\",\"columnType\":\"int\",\"createBy\":\"admin\",\"createTime\":\"2024-01-09 09:41:09\",\"dictType\":\"\",\"edit\":false,\"htmlType\":\"input\",\"increment\":false,\"insert\":true,\"isIncrement\":\"0\",\"isInsert\":\"1\",\"isPk\":\"1\",\"javaField\":\"feedId\",\"javaType\":\"Long\",\"list\":false,\"params\":{},\"pk\":true,\"query\":false,\"queryType\":\"EQ\",\"required\":false,\"sort\":1,\"superColumn\":false,\"tableId\":14,\"updateBy\":\"\",\"usableColumn\":false},{\"capJavaField\":\"FeedContent\",\"columnComment\":\"用户反馈内容\",\"columnId\":89,\"columnName\":\"feed_content\",\"columnType\":\"varchar(255)\",\"createBy\":\"admin\",\"createTime\":\"2024-01-09 09:41:09\",\"dictType\":\"\",\"edit\":true,\"htmlType\":\"editor\",\"increment\":false,\"insert\":true,\"isEdit\":\"1\",\"isIncrement\":\"0\",\"isInsert\":\"1\",\"isList\":\"1\",\"isPk\":\"0\",\"isQuery\":\"1\",\"javaField\":\"feedContent\",\"javaType\":\"String\",\"list\":true,\"params\":{},\"pk\":false,\"query\":true,\"queryType\":\"EQ\",\"required\":false,\"sort\":2,\"superColumn\":false,\"tableId\":14,\"updateBy\":\"\",\"usableColumn\":false},{\"capJavaField\":\"FeedDate\",\"columnComment\":\"用户反馈时间\",\"columnId\":90,\"columnName\":\"feed_date\",\"columnType\":\"datetime\",\"createBy\":\"admin\",\"createTime\":\"2024-01-09 09:41:09\",\"dictType\":\"\",\"edit\":true,\"htmlType\":\"datetime\",\"increment\":false,\"insert\":true,\"isEdit\":\"1\",\"isIncrement\":\"0\",\"isInsert\":\"1\",\"isList\":\"1\",\"isPk\":\"0\",\"isQuery\":\"1\",\"isRequired\":\"1\",\"javaField\":\"feedDate\",\"javaType\":\"Date\",\"list\":true,\"params\":{},\"pk\":false,\"query\":true,\"queryType\":\"EQ\",\"required\":true,\"sort\":3,\"superColumn\":false,\"tableId\":14,\"updateBy\":\"\",\"usableColumn\":false},{\"capJavaField\":\"UserId\",\"columnComment\":\"用户id\",\"columnId\":91,\"columnName\":\"user_id\",\"columnType\":\"varchar(255)\",\"createBy\":\"admin\",\"createTime\":\"2024-01-09 09:41:09\",\"dictType\":\"\",\"edit\":true,\"htmlType\":\"input\",\"increment\":false,\"insert\":true,\"isEdit\":\"1\",\"isIncrement\":\"0\",\"isInsert\":\"1\",\"isList\":\"1\",\"isPk\":\"0\",\"isQuery\":\"1\",\"javaField\":\"userId\",\"javaType\"', '{\"msg\":\"操作成功\",\"code\":200}', 0, NULL, '2024-01-09 09:42:06', 20);
INSERT INTO `sys_oper_log` VALUES (445, '代码生成', 8, 'com.ruoyi.generator.controller.GenController.batchGenCode()', 'GET', 1, 'admin', NULL, '/tool/gen/batchGenCode', '127.0.0.1', '内网IP', '{\"tables\":\"b_feedbook\"}', NULL, 0, NULL, '2024-01-09 09:42:08', 162);
INSERT INTO `sys_oper_log` VALUES (446, '菜单管理', 2, 'com.ruoyi.web.controller.system.SysMenuController.edit()', 'PUT', 1, 'admin', NULL, '/system/menu', '127.0.0.1', '内网IP', '{\"children\":[],\"component\":\"feedbook\",\"createTime\":\"2023-11-12 11:05:39\",\"icon\":\"user\",\"isCache\":\"1\",\"isFrame\":\"1\",\"menuId\":2006,\"menuName\":\"用户反馈管理\",\"menuType\":\"C\",\"orderNum\":1,\"params\":{},\"parentId\":2001,\"path\":\"feed_info\",\"perms\":\"\",\"status\":\"0\",\"updateBy\":\"admin\",\"visible\":\"0\"}', '{\"msg\":\"操作成功\",\"code\":200}', 0, NULL, '2024-01-09 09:46:58', 27);
INSERT INTO `sys_oper_log` VALUES (447, '用户反馈', 3, 'com.ruoyi.web.controller.feedbook.BFeedbookController.remove()', 'DELETE', 1, 'admin', NULL, '/feedbook/feedbook/1', '127.0.0.1', '内网IP', '{}', '{\"msg\":\"操作成功\",\"code\":200}', 0, NULL, '2024-01-09 09:59:30', 17);
INSERT INTO `sys_oper_log` VALUES (448, '用户反馈', 3, 'com.ruoyi.web.controller.feedbook.BFeedbookController.remove()', 'DELETE', 1, 'admin', NULL, '/feedbook/feedbook/3', '127.0.0.1', '内网IP', '{}', '{\"msg\":\"操作成功\",\"code\":200}', 0, NULL, '2024-01-09 10:00:58', 9);
INSERT INTO `sys_oper_log` VALUES (449, '用户反馈', 3, 'com.ruoyi.web.controller.feedbook.BFeedbookController.remove()', 'DELETE', 1, 'admin', NULL, '/feedbook/feedbook/2', '127.0.0.1', '内网IP', '{}', '{\"msg\":\"操作成功\",\"code\":200}', 0, NULL, '2024-01-09 10:01:01', 5);
INSERT INTO `sys_oper_log` VALUES (450, '用户反馈', 3, 'com.ruoyi.web.controller.feedbook.BFeedbookController.remove()', 'DELETE', 1, 'admin', NULL, '/feedbook/feedbook/4,5,6', '127.0.0.1', '内网IP', '{}', '{\"msg\":\"操作成功\",\"code\":200}', 0, NULL, '2024-01-09 10:03:29', 14);
INSERT INTO `sys_oper_log` VALUES (451, '用户反馈', 2, 'com.ruoyi.web.controller.feedbook.BFeedbookController.edit()', 'PUT', 1, 'admin', NULL, '/feedbook/feedbook', '127.0.0.1', '内网IP', '{\"feedContent\":\"<p>231</p>\",\"feedDate\":\"2024-01-09\",\"feedId\":7,\"params\":{},\"userId\":\"ogj5Q6VEG1HHJMqTEebwUtIPlGBs\"}', '{\"msg\":\"操作成功\",\"code\":200}', 0, NULL, '2024-01-09 10:06:01', 14);
INSERT INTO `sys_oper_log` VALUES (452, '用户反馈', 2, 'com.ruoyi.web.controller.feedbook.BFeedbookController.edit()', 'PUT', 1, 'admin', NULL, '/feedbook/feedbook', '127.0.0.1', '内网IP', '{\"feedContent\":\"213\",\"feedDate\":\"2024-01-09\",\"feedId\":7,\"params\":{},\"userId\":\"ogj5Q6VEG1HHJMqTEebwUtIPlGBs\"}', '{\"msg\":\"操作成功\",\"code\":200}', 0, NULL, '2024-01-09 10:07:56', 9);
INSERT INTO `sys_oper_log` VALUES (453, '用户反馈', 3, 'com.ruoyi.web.controller.feedbook.BFeedbookController.remove()', 'DELETE', 1, 'admin', NULL, '/feedbook/feedbook/7', '127.0.0.1', '内网IP', '{}', '{\"msg\":\"操作成功\",\"code\":200}', 0, NULL, '2024-01-09 10:07:59', 4);
INSERT INTO `sys_oper_log` VALUES (454, '用户反馈', 3, 'com.ruoyi.web.controller.feedbook.BFeedbookController.remove()', 'DELETE', 1, 'admin', NULL, '/feedbook/feedbook/9', '127.0.0.1', '内网IP', '{}', '{\"msg\":\"操作成功\",\"code\":200}', 0, NULL, '2024-01-09 10:10:03', 5);
INSERT INTO `sys_oper_log` VALUES (455, '用户反馈', 3, 'com.ruoyi.web.controller.feedbook.BFeedbookController.remove()', 'DELETE', 1, 'admin', NULL, '/feedbook/feedbook/8', '127.0.0.1', '内网IP', '{}', '{\"msg\":\"操作成功\",\"code\":200}', 0, NULL, '2024-01-09 10:10:05', 8);
INSERT INTO `sys_oper_log` VALUES (456, '菜单管理', 1, 'com.ruoyi.web.controller.system.SysMenuController.add()', 'POST', 1, 'admin', NULL, '/system/menu', '127.0.0.1', '内网IP', '{\"children\":[],\"component\":\"freightforwarder\",\"createBy\":\"admin\",\"icon\":\"build\",\"isCache\":\"1\",\"isFrame\":\"1\",\"menuName\":\"货代公司管理\",\"menuType\":\"C\",\"orderNum\":0,\"params\":{},\"parentId\":2029,\"path\":\"freightforwarder\",\"status\":\"0\",\"visible\":\"0\"}', '{\"msg\":\"操作成功\",\"code\":200}', 0, NULL, '2024-01-14 14:06:19', 26);
INSERT INTO `sys_oper_log` VALUES (457, '菜单管理', 2, 'com.ruoyi.web.controller.system.SysMenuController.edit()', 'PUT', 1, 'admin', NULL, '/system/menu', '127.0.0.1', '内网IP', '{\"children\":[],\"component\":\"freightforwarder\",\"createTime\":\"2024-01-14 14:06:19\",\"icon\":\"build\",\"isCache\":\"1\",\"isFrame\":\"1\",\"menuId\":2055,\"menuName\":\"货代公司\",\"menuType\":\"C\",\"orderNum\":0,\"params\":{},\"parentId\":2029,\"path\":\"freightforwarder\",\"perms\":\"\",\"status\":\"0\",\"updateBy\":\"admin\",\"visible\":\"0\"}', '{\"msg\":\"操作成功\",\"code\":200}', 0, NULL, '2024-01-15 17:30:42', 9);
INSERT INTO `sys_oper_log` VALUES (458, '代码生成', 6, 'com.ruoyi.generator.controller.GenController.importTableSave()', 'POST', 1, 'admin', NULL, '/tool/gen/importTable', '127.0.0.1', '内网IP', '{\"tables\":\"b_ffcompany\"}', '{\"msg\":\"操作成功\",\"code\":200}', 0, NULL, '2024-01-15 17:58:55', 59);
INSERT INTO `sys_oper_log` VALUES (459, '代码生成', 2, 'com.ruoyi.generator.controller.GenController.editSave()', 'PUT', 1, 'admin', NULL, '/tool/gen', '127.0.0.1', '内网IP', '{\"businessName\":\"ffcompany\",\"className\":\"BFfcompany\",\"columns\":[{\"capJavaField\":\"FfcompanyName\",\"columnComment\":\"货代公司名称\",\"columnId\":92,\"columnName\":\"ffcompany_name\",\"columnType\":\"varchar(255)\",\"createBy\":\"admin\",\"createTime\":\"2024-01-15 17:58:55\",\"dictType\":\"\",\"edit\":true,\"htmlType\":\"input\",\"increment\":false,\"insert\":true,\"isEdit\":\"1\",\"isIncrement\":\"0\",\"isInsert\":\"1\",\"isList\":\"1\",\"isPk\":\"0\",\"isQuery\":\"1\",\"javaField\":\"ffcompanyName\",\"javaType\":\"String\",\"list\":true,\"params\":{},\"pk\":false,\"query\":true,\"queryType\":\"LIKE\",\"required\":false,\"sort\":1,\"superColumn\":false,\"tableId\":15,\"updateBy\":\"\",\"usableColumn\":false},{\"capJavaField\":\"FfregisteredLocation\",\"columnComment\":\"货代公司注册地点\",\"columnId\":93,\"columnName\":\"ffregistered_location\",\"columnType\":\"varchar(255)\",\"createBy\":\"admin\",\"createTime\":\"2024-01-15 17:58:55\",\"dictType\":\"\",\"edit\":true,\"htmlType\":\"input\",\"increment\":false,\"insert\":true,\"isEdit\":\"1\",\"isIncrement\":\"0\",\"isInsert\":\"1\",\"isList\":\"1\",\"isPk\":\"0\",\"isQuery\":\"1\",\"javaField\":\"ffregisteredLocation\",\"javaType\":\"String\",\"list\":true,\"params\":{},\"pk\":false,\"query\":true,\"queryType\":\"EQ\",\"required\":false,\"sort\":2,\"superColumn\":false,\"tableId\":15,\"updateBy\":\"\",\"usableColumn\":false},{\"capJavaField\":\"FfcontactAddress\",\"columnComment\":\"货代公司联系地址\",\"columnId\":94,\"columnName\":\"ffcontact_address\",\"columnType\":\"varchar(255)\",\"createBy\":\"admin\",\"createTime\":\"2024-01-15 17:58:55\",\"dictType\":\"\",\"edit\":true,\"htmlType\":\"input\",\"increment\":false,\"insert\":true,\"isEdit\":\"1\",\"isIncrement\":\"0\",\"isInsert\":\"1\",\"isList\":\"1\",\"isPk\":\"0\",\"isQuery\":\"1\",\"javaField\":\"ffcontactAddress\",\"javaType\":\"String\",\"list\":true,\"params\":{},\"pk\":false,\"query\":true,\"queryType\":\"EQ\",\"required\":false,\"sort\":3,\"superColumn\":false,\"tableId\":15,\"updateBy\":\"\",\"usableColumn\":false},{\"capJavaField\":\"FfcontactPhone\",\"columnComment\":\"货代公司联系电话\",\"columnId\":95,\"columnName\":\"ffcontact_phone\",\"columnType\":\"varchar(255)\",\"createBy\":\"admin\",\"createTime\":\"2024-01-15 17:58:55\",\"dictType\":\"\",\"edit\":true,\"htmlType\":\"input\",\"increment\":', '{\"msg\":\"操作成功\",\"code\":200}', 0, NULL, '2024-01-15 18:00:49', 25);
INSERT INTO `sys_oper_log` VALUES (460, '代码生成', 8, 'com.ruoyi.generator.controller.GenController.batchGenCode()', 'GET', 1, 'admin', NULL, '/tool/gen/batchGenCode', '127.0.0.1', '内网IP', '{\"tables\":\"b_ffcompany\"}', NULL, 0, NULL, '2024-01-15 18:02:53', 180);
INSERT INTO `sys_oper_log` VALUES (461, '菜单管理', 2, 'com.ruoyi.web.controller.system.SysMenuController.edit()', 'PUT', 1, 'admin', NULL, '/system/menu', '127.0.0.1', '内网IP', '{\"children\":[],\"component\":\"ffcompany\",\"createTime\":\"2024-01-14 14:06:19\",\"icon\":\"build\",\"isCache\":\"1\",\"isFrame\":\"1\",\"menuId\":2055,\"menuName\":\"货代公司\",\"menuType\":\"C\",\"orderNum\":0,\"params\":{},\"parentId\":2029,\"path\":\"freightforwarder\",\"perms\":\"\",\"status\":\"0\",\"updateBy\":\"admin\",\"visible\":\"0\"}', '{\"msg\":\"操作成功\",\"code\":200}', 0, NULL, '2024-01-15 18:14:00', 29);
INSERT INTO `sys_oper_log` VALUES (462, '菜单管理', 2, 'com.ruoyi.web.controller.system.SysMenuController.edit()', 'PUT', 1, 'admin', NULL, '/system/menu', '127.0.0.1', '内网IP', '{\"children\":[],\"component\":\"ffcompany\",\"createTime\":\"2024-01-14 14:06:19\",\"icon\":\"build\",\"isCache\":\"1\",\"isFrame\":\"1\",\"menuId\":2055,\"menuName\":\"货代公司\",\"menuType\":\"C\",\"orderNum\":0,\"params\":{},\"parentId\":2029,\"path\":\"ffcompany\",\"perms\":\"\",\"status\":\"0\",\"updateBy\":\"admin\",\"visible\":\"0\"}', '{\"msg\":\"操作成功\",\"code\":200}', 0, NULL, '2024-01-15 18:18:42', 10);
INSERT INTO `sys_oper_log` VALUES (463, '货代公司管理', 2, 'com.ruoyi.web.controller.ffcompany.BFfcompanyController.edit()', 'PUT', 1, 'admin', NULL, '/ffcompany/ffcompany', '127.0.0.1', '内网IP', '{\"ffImage\":\"/profile/upload/2024/01/15/海韵国际_20240115183058A001.jpg\",\"ffWebsite\":\"www.haiyunlog.com\",\"ffcompanyName\":\"连云港海韵国际\",\"ffcontactAddress\":\"中国(江苏)自由贸易试验区连云港片区连云区海滨大道阳光国际中心D8-1(Y005)室\",\"ffcontactPhone\":\"0518-80865777\",\"ffregisteredLocation\":\"连云港\",\"params\":{}}', '{\"msg\":\"操作失败\",\"code\":500}', 0, NULL, '2024-01-15 18:31:00', 22);
INSERT INTO `sys_oper_log` VALUES (464, '货代公司管理', 2, 'com.ruoyi.web.controller.ffcompany.BFfcompanyController.edit()', 'PUT', 1, 'admin', NULL, '/ffcompany/ffcompany', '127.0.0.1', '内网IP', '{\"ffEmail\":\"12\",\"ffImage\":\"/profile/upload/2024/01/15/海韵国际_20240115183058A001.jpg\",\"ffWebsite\":\"www.haiyunlog.com\",\"ffcompanyName\":\"连云港海韵国际\",\"ffcontactAddress\":\"中国(江苏)自由贸易试验区连云港片区连云区海滨大道阳光国际中心D8-1(Y005)室\",\"ffcontactPhone\":\"0518-80865777\",\"ffregisteredLocation\":\"连云港\",\"params\":{}}', '{\"msg\":\"操作失败\",\"code\":500}', 0, NULL, '2024-01-15 18:31:10', 2);
INSERT INTO `sys_oper_log` VALUES (465, '代码生成', 3, 'com.ruoyi.generator.controller.GenController.remove()', 'DELETE', 1, 'admin', NULL, '/tool/gen/15', '127.0.0.1', '内网IP', '{}', '{\"msg\":\"操作成功\",\"code\":200}', 0, NULL, '2024-01-15 18:34:07', 33);
INSERT INTO `sys_oper_log` VALUES (466, '代码生成', 6, 'com.ruoyi.generator.controller.GenController.importTableSave()', 'POST', 1, 'admin', NULL, '/tool/gen/importTable', '127.0.0.1', '内网IP', '{\"tables\":\"b_ffcompany\"}', '{\"msg\":\"操作成功\",\"code\":200}', 0, NULL, '2024-01-15 18:34:10', 44);
INSERT INTO `sys_oper_log` VALUES (467, '代码生成', 2, 'com.ruoyi.generator.controller.GenController.editSave()', 'PUT', 1, 'admin', NULL, '/tool/gen', '127.0.0.1', '内网IP', '{\"businessName\":\"ffcompany\",\"className\":\"BFfcompany\",\"columns\":[{\"capJavaField\":\"FfcompanyId\",\"columnComment\":\"货代公司id\",\"columnId\":99,\"columnName\":\"ffcompany_id\",\"columnType\":\"int\",\"createBy\":\"admin\",\"createTime\":\"2024-01-15 18:34:10\",\"dictType\":\"\",\"edit\":false,\"htmlType\":\"input\",\"increment\":true,\"insert\":true,\"isIncrement\":\"1\",\"isInsert\":\"1\",\"isPk\":\"1\",\"javaField\":\"ffcompanyId\",\"javaType\":\"Long\",\"list\":false,\"params\":{},\"pk\":true,\"query\":false,\"queryType\":\"EQ\",\"required\":false,\"sort\":1,\"superColumn\":false,\"tableId\":16,\"updateBy\":\"\",\"usableColumn\":false},{\"capJavaField\":\"FfcompanyName\",\"columnComment\":\"货代公司名称\",\"columnId\":100,\"columnName\":\"ffcompany_name\",\"columnType\":\"varchar(255)\",\"createBy\":\"admin\",\"createTime\":\"2024-01-15 18:34:10\",\"dictType\":\"\",\"edit\":true,\"htmlType\":\"input\",\"increment\":false,\"insert\":true,\"isEdit\":\"1\",\"isIncrement\":\"0\",\"isInsert\":\"1\",\"isList\":\"1\",\"isPk\":\"0\",\"isQuery\":\"1\",\"javaField\":\"ffcompanyName\",\"javaType\":\"String\",\"list\":true,\"params\":{},\"pk\":false,\"query\":true,\"queryType\":\"LIKE\",\"required\":false,\"sort\":2,\"superColumn\":false,\"tableId\":16,\"updateBy\":\"\",\"usableColumn\":false},{\"capJavaField\":\"FfregisteredLocation\",\"columnComment\":\"货代公司注册地点\",\"columnId\":101,\"columnName\":\"ffregistered_location\",\"columnType\":\"varchar(255)\",\"createBy\":\"admin\",\"createTime\":\"2024-01-15 18:34:10\",\"dictType\":\"\",\"edit\":true,\"htmlType\":\"input\",\"increment\":false,\"insert\":true,\"isEdit\":\"1\",\"isIncrement\":\"0\",\"isInsert\":\"1\",\"isList\":\"1\",\"isPk\":\"0\",\"isQuery\":\"1\",\"javaField\":\"ffregisteredLocation\",\"javaType\":\"String\",\"list\":true,\"params\":{},\"pk\":false,\"query\":true,\"queryType\":\"EQ\",\"required\":false,\"sort\":3,\"superColumn\":false,\"tableId\":16,\"updateBy\":\"\",\"usableColumn\":false},{\"capJavaField\":\"FfcontactAddress\",\"columnComment\":\"货代公司联系地址\",\"columnId\":102,\"columnName\":\"ffcontact_address\",\"columnType\":\"varchar(255)\",\"createBy\":\"admin\",\"createTime\":\"2024-01-15 18:34:10\",\"dictType\":\"\",\"edit\":true,\"htmlType\":\"input\",\"increment\":false,\"insert\":true,\"isEdit\":\"1\",\"isIncrement\":\"0\",\"isInsert', '{\"msg\":\"操作成功\",\"code\":200}', 0, NULL, '2024-01-15 18:35:26', 61);
INSERT INTO `sys_oper_log` VALUES (468, '代码生成', 8, 'com.ruoyi.generator.controller.GenController.batchGenCode()', 'GET', 1, 'admin', NULL, '/tool/gen/batchGenCode', '127.0.0.1', '内网IP', '{\"tables\":\"b_ffcompany\"}', NULL, 0, NULL, '2024-01-15 18:35:31', 169);
INSERT INTO `sys_oper_log` VALUES (469, '货代公司管理', 1, 'com.ruoyi.web.controller.ffcompany.BFfcompanyController.add()', 'POST', 1, 'admin', NULL, '/ffcompany/ffcompany', '127.0.0.1', '内网IP', '{\"ffImage\":\"/profile/upload/2024/01/15/海韵国际_20240115184957A001.jpg\",\"ffWebsite\":\"www.haiyunlog.com\",\"ffcompanyId\":1,\"ffcompanyName\":\"海韵国际\",\"ffcontactAddress\":\"中国(江苏)自由贸易试验区连云港片区连云区海滨大道阳光国际中心D8-1(Y005)室\",\"ffcontactPhone\":\"0518-80865777\",\"ffregisteredLocation\":\"连云港\",\"params\":{}}', '{\"msg\":\"操作成功\",\"code\":200}', 0, NULL, '2024-01-15 18:49:59', 108);
INSERT INTO `sys_oper_log` VALUES (470, '菜单管理', 1, 'com.ruoyi.web.controller.system.SysMenuController.add()', 'POST', 1, 'admin', NULL, '/system/menu', '127.0.0.1', '内网IP', '{\"children\":[],\"createBy\":\"admin\",\"icon\":\"download\",\"isCache\":\"0\",\"isFrame\":\"1\",\"menuName\":\"货代公司管理系统\",\"menuType\":\"M\",\"orderNum\":2,\"params\":{},\"parentId\":0,\"path\":\"ff\",\"status\":\"0\",\"visible\":\"0\"}', '{\"msg\":\"操作成功\",\"code\":200}', 0, NULL, '2024-01-15 18:55:59', 17);
INSERT INTO `sys_oper_log` VALUES (471, '菜单管理', 2, 'com.ruoyi.web.controller.system.SysMenuController.edit()', 'PUT', 1, 'admin', NULL, '/system/menu', '127.0.0.1', '内网IP', '{\"children\":[],\"createTime\":\"2024-01-15 18:55:59\",\"icon\":\"color\",\"isCache\":\"0\",\"isFrame\":\"1\",\"menuId\":2056,\"menuName\":\"货代公司管理系统\",\"menuType\":\"M\",\"orderNum\":2,\"params\":{},\"parentId\":0,\"path\":\"ff\",\"perms\":\"\",\"status\":\"0\",\"updateBy\":\"admin\",\"visible\":\"0\"}', '{\"msg\":\"操作成功\",\"code\":200}', 0, NULL, '2024-01-15 18:56:14', 11);
INSERT INTO `sys_oper_log` VALUES (472, '菜单管理', 1, 'com.ruoyi.web.controller.system.SysMenuController.add()', 'POST', 1, 'admin', NULL, '/system/menu', '127.0.0.1', '内网IP', '{\"children\":[],\"createBy\":\"admin\",\"icon\":\"education\",\"isCache\":\"0\",\"isFrame\":\"1\",\"menuName\":\"船运公司管理系统\",\"menuType\":\"M\",\"orderNum\":2,\"params\":{},\"parentId\":0,\"path\":\"shipcompany\",\"status\":\"0\",\"visible\":\"0\"}', '{\"msg\":\"操作成功\",\"code\":200}', 0, NULL, '2024-01-15 18:57:07', 27);
INSERT INTO `sys_oper_log` VALUES (473, '菜单管理', 2, 'com.ruoyi.web.controller.system.SysMenuController.edit()', 'PUT', 1, 'admin', NULL, '/system/menu', '127.0.0.1', '内网IP', '{\"children\":[],\"createTime\":\"2023-11-12 10:41:57\",\"icon\":\"druid\",\"isCache\":\"0\",\"isFrame\":\"1\",\"menuId\":2001,\"menuName\":\"智慧航运管理系统\",\"menuType\":\"M\",\"orderNum\":0,\"params\":{},\"parentId\":0,\"path\":\"mobile\",\"perms\":\"\",\"status\":\"0\",\"updateBy\":\"admin\",\"visible\":\"0\"}', '{\"msg\":\"操作成功\",\"code\":200}', 0, NULL, '2024-01-15 18:57:25', 11);
INSERT INTO `sys_oper_log` VALUES (474, '菜单管理', 2, 'com.ruoyi.web.controller.system.SysMenuController.edit()', 'PUT', 1, 'admin', NULL, '/system/menu', '127.0.0.1', '内网IP', '{\"children\":[],\"createTime\":\"2023-12-12 15:07:39\",\"icon\":\"cascader\",\"isCache\":\"0\",\"isFrame\":\"1\",\"menuId\":2039,\"menuName\":\"智慧港口管理系统\",\"menuType\":\"M\",\"orderNum\":1,\"params\":{},\"parentId\":0,\"path\":\"portmanage\",\"perms\":\"\",\"status\":\"0\",\"updateBy\":\"admin\",\"visible\":\"0\"}', '{\"msg\":\"操作成功\",\"code\":200}', 0, NULL, '2024-01-15 18:57:30', 8);
INSERT INTO `sys_oper_log` VALUES (475, '菜单管理', 2, 'com.ruoyi.web.controller.system.SysMenuController.edit()', 'PUT', 1, 'admin', NULL, '/system/menu', '127.0.0.1', '内网IP', '{\"children\":[],\"createTime\":\"2023-11-12 10:41:57\",\"icon\":\"druid\",\"isCache\":\"0\",\"isFrame\":\"1\",\"menuId\":2001,\"menuName\":\"智慧航运管理系统\",\"menuType\":\"M\",\"orderNum\":0,\"params\":{},\"parentId\":0,\"path\":\"mobile\",\"perms\":\"\",\"status\":\"0\",\"updateBy\":\"admin\",\"visible\":\"0\"}', '{\"msg\":\"操作成功\",\"code\":200}', 0, NULL, '2024-01-15 18:57:38', 6);
INSERT INTO `sys_oper_log` VALUES (476, '菜单管理', 2, 'com.ruoyi.web.controller.system.SysMenuController.edit()', 'PUT', 1, 'admin', NULL, '/system/menu', '127.0.0.1', '内网IP', '{\"children\":[],\"createTime\":\"2024-01-15 18:57:07\",\"icon\":\"education\",\"isCache\":\"0\",\"isFrame\":\"1\",\"menuId\":2057,\"menuName\":\"船运公司管理系统\",\"menuType\":\"M\",\"orderNum\":3,\"params\":{},\"parentId\":0,\"path\":\"shipcompany\",\"perms\":\"\",\"status\":\"0\",\"updateBy\":\"admin\",\"visible\":\"0\"}', '{\"msg\":\"操作成功\",\"code\":200}', 0, NULL, '2024-01-15 18:57:45', 8);
INSERT INTO `sys_oper_log` VALUES (477, '菜单管理', 2, 'com.ruoyi.web.controller.system.SysMenuController.edit()', 'PUT', 1, 'admin', NULL, '/system/menu', '127.0.0.1', '内网IP', '{\"children\":[],\"createTime\":\"2024-01-15 18:57:07\",\"icon\":\"education\",\"isCache\":\"0\",\"isFrame\":\"1\",\"menuId\":2057,\"menuName\":\"船运公司管理系统\",\"menuType\":\"M\",\"orderNum\":4,\"params\":{},\"parentId\":0,\"path\":\"shipcompany\",\"perms\":\"\",\"status\":\"0\",\"updateBy\":\"admin\",\"visible\":\"0\"}', '{\"msg\":\"操作成功\",\"code\":200}', 0, NULL, '2024-01-15 18:57:54', 6);
INSERT INTO `sys_oper_log` VALUES (478, '菜单管理', 2, 'com.ruoyi.web.controller.system.SysMenuController.edit()', 'PUT', 1, 'admin', NULL, '/system/menu', '127.0.0.1', '内网IP', '{\"children\":[],\"createTime\":\"2024-01-15 18:57:07\",\"icon\":\"education\",\"isCache\":\"0\",\"isFrame\":\"1\",\"menuId\":2057,\"menuName\":\"船运公司管理系统\",\"menuType\":\"M\",\"orderNum\":5,\"params\":{},\"parentId\":0,\"path\":\"shipcompany\",\"perms\":\"\",\"status\":\"0\",\"updateBy\":\"admin\",\"visible\":\"0\"}', '{\"msg\":\"操作成功\",\"code\":200}', 0, NULL, '2024-01-15 18:58:28', 8);
INSERT INTO `sys_oper_log` VALUES (479, '菜单管理', 2, 'com.ruoyi.web.controller.system.SysMenuController.edit()', 'PUT', 1, 'admin', NULL, '/system/menu', '127.0.0.1', '内网IP', '{\"children\":[],\"createTime\":\"2024-01-15 18:57:07\",\"icon\":\"education\",\"isCache\":\"0\",\"isFrame\":\"1\",\"menuId\":2057,\"menuName\":\"船运公司管理系统\",\"menuType\":\"M\",\"orderNum\":6,\"params\":{},\"parentId\":0,\"path\":\"shipcompany\",\"perms\":\"\",\"status\":\"0\",\"updateBy\":\"admin\",\"visible\":\"0\"}', '{\"msg\":\"操作成功\",\"code\":200}', 0, NULL, '2024-01-15 18:58:35', 5);
INSERT INTO `sys_oper_log` VALUES (480, '菜单管理', 2, 'com.ruoyi.web.controller.system.SysMenuController.edit()', 'PUT', 1, 'admin', NULL, '/system/menu', '127.0.0.1', '内网IP', '{\"children\":[],\"createTime\":\"2024-01-15 18:57:07\",\"icon\":\"education\",\"isCache\":\"0\",\"isFrame\":\"1\",\"menuId\":2057,\"menuName\":\"船运公司管理系统\",\"menuType\":\"M\",\"orderNum\":7,\"params\":{},\"parentId\":0,\"path\":\"shipcompany\",\"perms\":\"\",\"status\":\"0\",\"updateBy\":\"admin\",\"visible\":\"0\"}', '{\"msg\":\"操作成功\",\"code\":200}', 0, NULL, '2024-01-15 18:58:40', 9);
INSERT INTO `sys_oper_log` VALUES (481, '菜单管理', 2, 'com.ruoyi.web.controller.system.SysMenuController.edit()', 'PUT', 1, 'admin', NULL, '/system/menu', '127.0.0.1', '内网IP', '{\"children\":[],\"createTime\":\"2024-01-15 18:57:07\",\"icon\":\"education\",\"isCache\":\"0\",\"isFrame\":\"1\",\"menuId\":2057,\"menuName\":\"船运公司管理系统\",\"menuType\":\"M\",\"orderNum\":3,\"params\":{},\"parentId\":0,\"path\":\"shipcompany\",\"perms\":\"\",\"status\":\"0\",\"updateBy\":\"admin\",\"visible\":\"0\"}', '{\"msg\":\"操作成功\",\"code\":200}', 0, NULL, '2024-01-15 18:58:54', 28);
INSERT INTO `sys_oper_log` VALUES (482, '菜单管理', 2, 'com.ruoyi.web.controller.system.SysMenuController.edit()', 'PUT', 1, 'admin', NULL, '/system/menu', '127.0.0.1', '内网IP', '{\"children\":[],\"createTime\":\"2023-11-12 10:39:28\",\"icon\":\"build\",\"isCache\":\"0\",\"isFrame\":\"1\",\"menuId\":2000,\"menuName\":\"货物调度管理系统\",\"menuType\":\"M\",\"orderNum\":4,\"params\":{},\"parentId\":0,\"path\":\"cargoinfo\",\"perms\":\"\",\"status\":\"0\",\"updateBy\":\"admin\",\"visible\":\"0\"}', '{\"msg\":\"操作成功\",\"code\":200}', 0, NULL, '2024-01-15 18:59:11', 10);
INSERT INTO `sys_oper_log` VALUES (483, '菜单管理', 2, 'com.ruoyi.web.controller.system.SysMenuController.edit()', 'PUT', 1, 'admin', NULL, '/system/menu', '127.0.0.1', '内网IP', '{\"children\":[],\"createTime\":\"2023-12-17 10:08:56\",\"icon\":\"clipboard\",\"isCache\":\"0\",\"isFrame\":\"1\",\"menuId\":2045,\"menuName\":\"智能环境监测系统\",\"menuType\":\"M\",\"orderNum\":5,\"params\":{},\"parentId\":0,\"path\":\"enviroment\",\"perms\":\"\",\"status\":\"0\",\"updateBy\":\"admin\",\"visible\":\"0\"}', '{\"msg\":\"操作成功\",\"code\":200}', 0, NULL, '2024-01-15 18:59:23', 8);
INSERT INTO `sys_oper_log` VALUES (484, '菜单管理', 2, 'com.ruoyi.web.controller.system.SysMenuController.edit()', 'PUT', 1, 'admin', NULL, '/system/menu', '127.0.0.1', '内网IP', '{\"children\":[],\"createTime\":\"2023-12-17 10:11:31\",\"icon\":\"documentation\",\"isCache\":\"0\",\"isFrame\":\"1\",\"menuId\":2046,\"menuName\":\"货车货堆寻址系统\",\"menuType\":\"M\",\"orderNum\":6,\"params\":{},\"parentId\":0,\"path\":\"findroad\",\"perms\":\"\",\"status\":\"0\",\"updateBy\":\"admin\",\"visible\":\"0\"}', '{\"msg\":\"操作成功\",\"code\":200}', 0, NULL, '2024-01-15 18:59:27', 8);
INSERT INTO `sys_oper_log` VALUES (485, '菜单管理', 2, 'com.ruoyi.web.controller.system.SysMenuController.edit()', 'PUT', 1, 'admin', NULL, '/system/menu', '127.0.0.1', '内网IP', '{\"children\":[],\"createTime\":\"2023-12-24 13:28:27\",\"icon\":\"date-range\",\"isCache\":\"0\",\"isFrame\":\"1\",\"menuId\":2050,\"menuName\":\"危险品识别系统\",\"menuType\":\"M\",\"orderNum\":7,\"params\":{},\"parentId\":0,\"path\":\"danger\",\"perms\":\"\",\"status\":\"0\",\"updateBy\":\"admin\",\"visible\":\"0\"}', '{\"msg\":\"操作成功\",\"code\":200}', 0, NULL, '2024-01-15 18:59:31', 9);
INSERT INTO `sys_oper_log` VALUES (486, '菜单管理', 2, 'com.ruoyi.web.controller.system.SysMenuController.edit()', 'PUT', 1, 'admin', NULL, '/system/menu', '127.0.0.1', '内网IP', '{\"children\":[],\"component\":\"visualization\",\"createTime\":\"2023-11-12 10:59:19\",\"icon\":\"chart\",\"isCache\":\"0\",\"isFrame\":\"1\",\"menuId\":2003,\"menuName\":\"智慧港口数字孪生可视化\",\"menuType\":\"C\",\"orderNum\":8,\"params\":{},\"parentId\":0,\"path\":\"visualization\",\"perms\":\"\",\"status\":\"0\",\"updateBy\":\"admin\",\"visible\":\"0\"}', '{\"msg\":\"操作成功\",\"code\":200}', 0, NULL, '2024-01-15 18:59:39', 5);
INSERT INTO `sys_oper_log` VALUES (487, '菜单管理', 1, 'com.ruoyi.web.controller.system.SysMenuController.add()', 'POST', 1, 'admin', NULL, '/system/menu', '127.0.0.1', '内网IP', '{\"children\":[],\"createBy\":\"admin\",\"icon\":\"color\",\"isCache\":\"0\",\"isFrame\":\"1\",\"menuName\":\"货轮管理\",\"menuType\":\"M\",\"orderNum\":0,\"params\":{},\"parentId\":2057,\"path\":\"ffship\",\"status\":\"0\",\"visible\":\"0\"}', '{\"msg\":\"操作成功\",\"code\":200}', 0, NULL, '2024-01-15 19:58:53', 6);
INSERT INTO `sys_oper_log` VALUES (488, '菜单管理', 2, 'com.ruoyi.web.controller.system.SysMenuController.edit()', 'PUT', 1, 'admin', NULL, '/system/menu', '127.0.0.1', '内网IP', '{\"children\":[],\"component\":\"ffship\",\"createTime\":\"2024-01-15 19:58:53\",\"icon\":\"color\",\"isCache\":\"1\",\"isFrame\":\"1\",\"menuId\":2058,\"menuName\":\"货轮管理\",\"menuType\":\"C\",\"orderNum\":0,\"params\":{},\"parentId\":2057,\"path\":\"ffship\",\"perms\":\"\",\"query\":\"ffship\",\"status\":\"0\",\"updateBy\":\"admin\",\"visible\":\"0\"}', '{\"msg\":\"操作成功\",\"code\":200}', 0, NULL, '2024-01-15 19:59:35', 10);
INSERT INTO `sys_oper_log` VALUES (489, '菜单管理', 2, 'com.ruoyi.web.controller.system.SysMenuController.edit()', 'PUT', 1, 'admin', NULL, '/system/menu', '127.0.0.1', '内网IP', '{\"children\":[],\"component\":\"ffship\",\"createTime\":\"2024-01-15 19:58:53\",\"icon\":\"color\",\"isCache\":\"1\",\"isFrame\":\"1\",\"menuId\":2058,\"menuName\":\"货轮管理\",\"menuType\":\"C\",\"orderNum\":1,\"params\":{},\"parentId\":2057,\"path\":\"ffship\",\"perms\":\"\",\"query\":\"ffship\",\"status\":\"0\",\"updateBy\":\"admin\",\"visible\":\"0\"}', '{\"msg\":\"操作成功\",\"code\":200}', 0, NULL, '2024-01-15 20:00:15', 9);
INSERT INTO `sys_oper_log` VALUES (490, '菜单管理', 2, 'com.ruoyi.web.controller.system.SysMenuController.edit()', 'PUT', 1, 'admin', NULL, '/system/menu', '127.0.0.1', '内网IP', '{\"children\":[],\"component\":\"ffship\",\"createTime\":\"2024-01-15 19:58:53\",\"icon\":\"color\",\"isCache\":\"1\",\"isFrame\":\"1\",\"menuId\":2058,\"menuName\":\"货轮管理\",\"menuType\":\"C\",\"orderNum\":0,\"params\":{},\"parentId\":2057,\"path\":\"ffship\",\"perms\":\"\",\"query\":\"\",\"status\":\"0\",\"updateBy\":\"admin\",\"visible\":\"0\"}', '{\"msg\":\"操作成功\",\"code\":200}', 0, NULL, '2024-01-15 20:01:11', 8);
INSERT INTO `sys_oper_log` VALUES (491, '菜单管理', 3, 'com.ruoyi.web.controller.system.SysMenuController.remove()', 'DELETE', 1, 'admin', NULL, '/system/menu/2058', '127.0.0.1', '内网IP', '{}', '{\"msg\":\"操作成功\",\"code\":200}', 0, NULL, '2024-01-15 21:45:39', 16);
INSERT INTO `sys_oper_log` VALUES (492, '菜单管理', 3, 'com.ruoyi.web.controller.system.SysMenuController.remove()', 'DELETE', 1, 'admin', NULL, '/system/menu/2057', '127.0.0.1', '内网IP', '{}', '{\"msg\":\"操作成功\",\"code\":200}', 0, NULL, '2024-01-15 21:45:42', 8);
INSERT INTO `sys_oper_log` VALUES (493, '菜单管理', 3, 'com.ruoyi.web.controller.system.SysMenuController.remove()', 'DELETE', 1, 'admin', NULL, '/system/menu/2056', '127.0.0.1', '内网IP', '{}', '{\"msg\":\"操作成功\",\"code\":200}', 0, NULL, '2024-01-15 21:48:18', 9);
INSERT INTO `sys_oper_log` VALUES (494, '危险品识别信息管理', 3, 'com.ruoyi.web.controller.dangerinfo.BDangerController.remove()', 'DELETE', 1, 'admin', NULL, '/dangerinfo/dangerinfo/56', '127.0.0.1', '内网IP', '{}', '{\"msg\":\"操作成功\",\"code\":200}', 0, NULL, '2024-01-16 09:20:42', 20);
INSERT INTO `sys_oper_log` VALUES (495, '货物管理', 2, 'com.ruoyi.web.controller.cargoinfo.BCargoController.edit()', 'PUT', 1, 'admin', NULL, '/cargoinfo/cargoinfo', '127.0.0.1', '内网IP', '{\"cargoId\":32,\"cargoImage\":\"/profile/upload/2024/01/16/冰箱_20240116092200A001.png\",\"cargoName\":\"冰箱\",\"cargoStatus\":\"未分配\",\"cargoType\":\"机械,设备,电器\",\"cargoVolume\":15.0,\"cargoWeight\":3000.0,\"params\":{},\"userId\":\"ogj5Q6VEG1HHJMqTEebwUtIPlGBs\"}', '{\"msg\":\"操作成功\",\"code\":200}', 0, NULL, '2024-01-16 09:22:01', 17);
INSERT INTO `sys_oper_log` VALUES (496, '航运计划', 1, 'com.ruoyi.web.controller.routeschedule.BRoutescheduleController.add()', 'POST', 1, 'admin', NULL, '/routeschedule/routeschedule', '127.0.0.1', '内网IP', '{\"departurePort\":\"1\",\"endTime\":\"2024-02-01 00:00\",\"endingPort\":\"1\",\"estimatedDuration\":23.0,\"params\":{},\"routeDistance\":23.0,\"routeId\":1,\"routescheduleId\":3,\"scheduleBox\":1,\"shipId\":1,\"startTime\":\"2024-01-02 00:00\"}', '{\"msg\":\"操作成功\",\"code\":200}', 0, NULL, '2024-01-16 10:05:58', 123);
INSERT INTO `sys_oper_log` VALUES (497, '航运计划', 3, 'com.ruoyi.web.controller.routeschedule.BRoutescheduleController.remove()', 'DELETE', 1, 'admin', NULL, '/routeschedule/routeschedule/3', '127.0.0.1', '内网IP', '{}', '{\"msg\":\"操作成功\",\"code\":200}', 0, NULL, '2024-01-16 10:14:55', 32);
INSERT INTO `sys_oper_log` VALUES (498, '航运计划', 2, 'com.ruoyi.web.controller.routeschedule.BRoutescheduleController.edit()', 'PUT', 1, 'admin', NULL, '/routeschedule/routeschedule', '127.0.0.1', '内网IP', '{\"departurePort\":\"连云港\",\"endTime\":\"2024-01-16 14:30\",\"endingPort\":\"厦门\",\"estimatedDuration\":20.5,\"params\":{},\"routeDistance\":837.0,\"routeId\":1,\"routescheduleId\":1,\"scheduleBox\":400,\"shipId\":2,\"startTime\":\"2024-01-16 12:20\"}', '{\"msg\":\"操作成功\",\"code\":200}', 0, NULL, '2024-01-16 10:15:03', 18);
INSERT INTO `sys_oper_log` VALUES (499, '航运计划', 2, 'com.ruoyi.web.controller.routeschedule.BRoutescheduleController.edit()', 'PUT', 1, 'admin', NULL, '/routeschedule/routeschedule', '127.0.0.1', '内网IP', '{\"departurePort\":\"上海港\",\"endTime\":\"2023-12-26 00:00\",\"endingPort\":\"天津港\",\"estimatedDuration\":3.0,\"params\":{},\"routeDistance\":544.0,\"routeId\":1,\"routescheduleId\":2,\"scheduleBox\":300,\"shipId\":3,\"startTime\":\"2023-12-13 01:00\"}', '{\"msg\":\"操作成功\",\"code\":200}', 0, NULL, '2024-01-16 10:15:08', 10);
INSERT INTO `sys_oper_log` VALUES (500, '船舶管理', 1, 'com.ruoyi.web.controller.ship.BShipController.add()', 'POST', 1, 'admin', NULL, '/ship/ship', '127.0.0.1', '内网IP', '{\"companyId\":1,\"params\":{},\"shipBox\":\"1\",\"shipCallsign\":\"1\",\"shipDraft\":1,\"shipImo\":\"1\",\"shipLength\":1,\"shipMmsi\":\"1\",\"shipName\":\"1\",\"shipNationality\":\"1\",\"shipNetweight\":1,\"shipPortofregistry\":\"1\",\"shipType\":\"1\",\"shipWeight\":1}', NULL, 1, '\r\n### Error updating database.  Cause: java.sql.SQLSyntaxErrorException: Unknown column \'ship_box\' in \'field list\'\r\n### The error may exist in file [C:\\Users\\16789\\Desktop\\总文件\\项目\\Cargo-ship-carrying-visualization-platform-system\\cargo-ship\\target\\classes\\mapper\\ship\\BShipMapper.xml]\r\n### The error may involve com.ruoyi.ship.mapper.BShipMapper.insertBShip-Inline\r\n### The error occurred while setting parameters\r\n### SQL: insert into b_ship          ( company_id,             ship_name,             ship_type,             ship_box,             ship_draft,             ship_netweight,             ship_weight,             ship_mmsi,             ship_portofregistry,             ship_callsign,             ship_nationality,             ship_imo,             ship_length )           values ( ?,             ?,             ?,             ?,             ?,             ?,             ?,             ?,             ?,             ?,             ?,             ? )\r\n### Cause: java.sql.SQLSyntaxErrorException: Unknown column \'ship_box\' in \'field list\'\n; bad SQL grammar []; nested exception is java.sql.SQLSyntaxErrorException: Unknown column \'ship_box\' in \'field list\'', '2024-01-16 10:30:54', 84);
INSERT INTO `sys_oper_log` VALUES (501, '船舶管理', 1, 'com.ruoyi.web.controller.ship.BShipController.add()', 'POST', 1, 'admin', NULL, '/ship/ship', '127.0.0.1', '内网IP', '{\"companyId\":1,\"params\":{},\"shipBox\":\"1\",\"shipCallsign\":\"1\",\"shipDraft\":1,\"shipImo\":\"1\",\"shipLength\":1,\"shipMmsi\":\"1\",\"shipName\":\"1\",\"shipNationality\":\"1\",\"shipNetweight\":1,\"shipPortofregistry\":\"1\",\"shipType\":\"1\",\"shipWeight\":1}', NULL, 1, '\r\n### Error updating database.  Cause: java.sql.SQLException: Column count doesn\'t match value count at row 1\r\n### The error may exist in file [C:\\Users\\16789\\Desktop\\总文件\\项目\\Cargo-ship-carrying-visualization-platform-system\\cargo-ship\\target\\classes\\mapper\\ship\\BShipMapper.xml]\r\n### The error may involve com.ruoyi.ship.mapper.BShipMapper.insertBShip-Inline\r\n### The error occurred while setting parameters\r\n### SQL: insert into b_ship          ( company_id,             ship_name,             ship_type,             ship_box,             ship_draft,             ship_netweight,             ship_weight,             ship_mmsi,             ship_portofregistry,             ship_callsign,             ship_nationality,             ship_imo,             ship_length )           values ( ?,             ?,             ?,             ?,             ?,             ?,             ?,             ?,             ?,             ?,             ?,             ? )\r\n### Cause: java.sql.SQLException: Column count doesn\'t match value count at row 1\n; bad SQL grammar []; nested exception is java.sql.SQLException: Column count doesn\'t match value count at row 1', '2024-01-16 10:31:18', 6);
INSERT INTO `sys_oper_log` VALUES (502, '船舶管理', 1, 'com.ruoyi.web.controller.ship.BShipController.add()', 'POST', 1, 'admin', NULL, '/ship/ship', '127.0.0.1', '内网IP', '{\"companyId\":1,\"params\":{},\"shipBox\":\"1\",\"shipCallsign\":\"1\",\"shipDraft\":1,\"shipImo\":\"1\",\"shipLength\":1,\"shipMmsi\":\"1\",\"shipName\":\"1\",\"shipNationality\":\"1\",\"shipNetweight\":1,\"shipPortofregistry\":\"1\",\"shipType\":\"1\",\"shipWeight\":1}', NULL, 1, '\r\n### Error updating database.  Cause: java.sql.SQLException: Column count doesn\'t match value count at row 1\r\n### The error may exist in file [C:\\Users\\16789\\Desktop\\总文件\\项目\\Cargo-ship-carrying-visualization-platform-system\\cargo-ship\\target\\classes\\mapper\\ship\\BShipMapper.xml]\r\n### The error may involve com.ruoyi.ship.mapper.BShipMapper.insertBShip-Inline\r\n### The error occurred while setting parameters\r\n### SQL: insert into b_ship          ( company_id,             ship_name,             ship_type,             ship_box,             ship_draft,             ship_netweight,             ship_weight,             ship_mmsi,             ship_portofregistry,             ship_callsign,             ship_nationality,             ship_imo,             ship_length )           values ( ?,             ?,             ?,             ?,             ?,             ?,             ?,             ?,             ?,             ?,             ?,             ? )\r\n### Cause: java.sql.SQLException: Column count doesn\'t match value count at row 1\n; bad SQL grammar []; nested exception is java.sql.SQLException: Column count doesn\'t match value count at row 1', '2024-01-16 10:31:22', 6);
INSERT INTO `sys_oper_log` VALUES (503, '船舶管理', 1, 'com.ruoyi.web.controller.ship.BShipController.add()', 'POST', 1, 'admin', NULL, '/ship/ship', '127.0.0.1', '内网IP', '{\"companyId\":1,\"params\":{},\"shipBox\":\"1\",\"shipCallsign\":\"1\",\"shipDraft\":1,\"shipImage\":\"/profile/upload/2024/01/16/冰箱_20240116103359A001.png\",\"shipImo\":\"1\",\"shipLength\":1,\"shipMmsi\":\"1\",\"shipName\":\"1\",\"shipNationality\":\"1\",\"shipNetweight\":1,\"shipPortofregistry\":\"1\",\"shipType\":\"1\",\"shipWeight\":1}', NULL, 1, '\r\n### Error updating database.  Cause: java.sql.SQLException: Column count doesn\'t match value count at row 1\r\n### The error may exist in file [C:\\Users\\16789\\Desktop\\总文件\\项目\\Cargo-ship-carrying-visualization-platform-system\\cargo-ship\\target\\classes\\mapper\\ship\\BShipMapper.xml]\r\n### The error may involve com.ruoyi.ship.mapper.BShipMapper.insertBShip-Inline\r\n### The error occurred while setting parameters\r\n### SQL: insert into b_ship          ( company_id,             ship_name,             ship_type,             ship_box,             ship_draft,             ship_netweight,             ship_weight,             ship_mmsi,             ship_portofregistry,             ship_callsign,             ship_nationality,             ship_imo,             ship_length,             ship_image )           values ( ?,             ?,             ?,             ?,             ?,             ?,             ?,             ?,             ?,             ?,             ?,             ?,             ? )\r\n### Cause: java.sql.SQLException: Column count doesn\'t match value count at row 1\n; bad SQL grammar []; nested exception is java.sql.SQLException: Column count doesn\'t match value count at row 1', '2024-01-16 10:34:00', 3);
INSERT INTO `sys_oper_log` VALUES (504, '船舶管理', 1, 'com.ruoyi.web.controller.ship.BShipController.add()', 'POST', 1, 'admin', NULL, '/ship/ship', '127.0.0.1', '内网IP', '{\"companyId\":1,\"params\":{},\"shipBox\":\"1\",\"shipCallsign\":\"1\",\"shipDraft\":1,\"shipImage\":\"/profile/upload/2024/01/16/冰箱_20240116103359A001.png\",\"shipImo\":\"1\",\"shipLength\":1,\"shipMmsi\":\"1\",\"shipName\":\"1\",\"shipNationality\":\"1\",\"shipNetweight\":1,\"shipPortofregistry\":\"1\",\"shipType\":\"1\",\"shipWeight\":1}', NULL, 1, '\r\n### Error updating database.  Cause: java.sql.SQLException: Field \'ship_id\' doesn\'t have a default value\r\n### The error may exist in file [C:\\Users\\16789\\Desktop\\总文件\\项目\\Cargo-ship-carrying-visualization-platform-system\\cargo-ship\\target\\classes\\mapper\\ship\\BShipMapper.xml]\r\n### The error may involve com.ruoyi.ship.mapper.BShipMapper.insertBShip-Inline\r\n### The error occurred while setting parameters\r\n### SQL: insert into b_ship          ( company_id,             ship_name,             ship_type,             ship_box,             ship_draft,             ship_netweight,             ship_weight,             ship_mmsi,             ship_portofregistry,             ship_callsign,             ship_nationality,             ship_imo,             ship_length,             ship_image )           values ( ?,             ?,             ?,             ?,             ?,             ?,             ?,             ?,             ?,             ?,             ?,             ?,             ?,             ? )\r\n### Cause: java.sql.SQLException: Field \'ship_id\' doesn\'t have a default value\n; Field \'ship_id\' doesn\'t have a default value; nested exception is java.sql.SQLException: Field \'ship_id\' doesn\'t have a default value', '2024-01-16 10:35:37', 157);
INSERT INTO `sys_oper_log` VALUES (505, '船舶管理', 1, 'com.ruoyi.web.controller.ship.BShipController.add()', 'POST', 1, 'admin', NULL, '/ship/ship', '127.0.0.1', '内网IP', '{\"companyId\":1,\"params\":{},\"shipBox\":\"1\",\"shipCallsign\":\"1\",\"shipDraft\":1,\"shipImage\":\"/profile/upload/2024/01/16/冰箱_20240116103359A001.png\",\"shipImo\":\"1\",\"shipLength\":1,\"shipMmsi\":\"1\",\"shipName\":\"1\",\"shipNationality\":\"1\",\"shipNetweight\":1,\"shipPortofregistry\":\"1\",\"shipType\":\"1\",\"shipWeight\":1}', '{\"msg\":\"操作成功\",\"code\":200}', 0, NULL, '2024-01-16 10:35:50', 6);
INSERT INTO `sys_oper_log` VALUES (506, '菜单管理', 1, 'com.ruoyi.web.controller.system.SysMenuController.add()', 'POST', 1, 'admin', NULL, '/system/menu', '127.0.0.1', '内网IP', '{\"children\":[],\"createBy\":\"admin\",\"icon\":\"color\",\"isCache\":\"0\",\"isFrame\":\"1\",\"menuName\":\"航运公司管理系统\",\"menuType\":\"M\",\"orderNum\":3,\"params\":{},\"parentId\":0,\"path\":\"ship\",\"status\":\"0\",\"visible\":\"0\"}', '{\"msg\":\"操作成功\",\"code\":200}', 0, NULL, '2024-01-16 11:01:09', 35);
INSERT INTO `sys_oper_log` VALUES (507, '菜单管理', 2, 'com.ruoyi.web.controller.system.SysMenuController.edit()', 'PUT', 1, 'admin', NULL, '/system/menu', '127.0.0.1', '内网IP', '{\"children\":[],\"component\":\"shipinfo\",\"createTime\":\"2023-11-12 11:03:48\",\"icon\":\"message\",\"isCache\":\"1\",\"isFrame\":\"1\",\"menuId\":2005,\"menuName\":\"货轮管理\",\"menuType\":\"C\",\"orderNum\":4,\"params\":{},\"parentId\":2059,\"path\":\"ship_info\",\"perms\":\"\",\"status\":\"0\",\"updateBy\":\"admin\",\"visible\":\"0\"}', '{\"msg\":\"操作成功\",\"code\":200}', 0, NULL, '2024-01-16 11:01:24', 13);
INSERT INTO `sys_oper_log` VALUES (508, '菜单管理', 2, 'com.ruoyi.web.controller.system.SysMenuController.edit()', 'PUT', 1, 'admin', NULL, '/system/menu', '127.0.0.1', '内网IP', '{\"children\":[],\"component\":\"route\",\"createTime\":\"2023-11-12 11:01:59\",\"icon\":\"guide\",\"isCache\":\"1\",\"isFrame\":\"1\",\"menuId\":2004,\"menuName\":\"航线管理\",\"menuType\":\"C\",\"orderNum\":3,\"params\":{},\"parentId\":2059,\"path\":\"route\",\"perms\":\"\",\"status\":\"0\",\"updateBy\":\"admin\",\"visible\":\"0\"}', '{\"msg\":\"操作成功\",\"code\":200}', 0, NULL, '2024-01-16 11:01:31', 10);
INSERT INTO `sys_oper_log` VALUES (509, '菜单管理', 2, 'com.ruoyi.web.controller.system.SysMenuController.edit()', 'PUT', 1, 'admin', NULL, '/system/menu', '127.0.0.1', '内网IP', '{\"children\":[],\"component\":\"routeschedule\",\"createTime\":\"2023-11-12 11:13:57\",\"icon\":\"edit\",\"isCache\":\"1\",\"isFrame\":\"1\",\"menuId\":2009,\"menuName\":\"航运计划管理\",\"menuType\":\"C\",\"orderNum\":5,\"params\":{},\"parentId\":2059,\"path\":\"freighter_scheduling\",\"perms\":\"\",\"status\":\"0\",\"updateBy\":\"admin\",\"visible\":\"0\"}', '{\"msg\":\"操作成功\",\"code\":200}', 0, NULL, '2024-01-16 11:01:56', 10);
INSERT INTO `sys_oper_log` VALUES (510, '菜单管理', 1, 'com.ruoyi.web.controller.system.SysMenuController.add()', 'POST', 1, 'admin', NULL, '/system/menu', '127.0.0.1', '内网IP', '{\"children\":[],\"createBy\":\"admin\",\"icon\":\"date-range\",\"isCache\":\"0\",\"isFrame\":\"1\",\"menuName\":\"智慧货代管理系统\",\"menuType\":\"M\",\"orderNum\":2,\"params\":{},\"parentId\":0,\"path\":\"ff\",\"status\":\"0\",\"visible\":\"0\"}', '{\"msg\":\"操作成功\",\"code\":200}', 0, NULL, '2024-01-16 11:08:23', 10);
INSERT INTO `sys_oper_log` VALUES (511, '菜单管理', 2, 'com.ruoyi.web.controller.system.SysMenuController.edit()', 'PUT', 1, 'admin', NULL, '/system/menu', '127.0.0.1', '内网IP', '{\"children\":[],\"component\":\"route\",\"createTime\":\"2023-11-12 11:01:59\",\"icon\":\"guide\",\"isCache\":\"1\",\"isFrame\":\"1\",\"menuId\":2004,\"menuName\":\"航线管理\",\"menuType\":\"C\",\"orderNum\":3,\"params\":{},\"parentId\":2001,\"path\":\"route\",\"perms\":\"\",\"status\":\"0\",\"updateBy\":\"admin\",\"visible\":\"0\"}', '{\"msg\":\"操作成功\",\"code\":200}', 0, NULL, '2024-01-16 11:30:04', 10);
INSERT INTO `sys_oper_log` VALUES (512, '菜单管理', 2, 'com.ruoyi.web.controller.system.SysMenuController.edit()', 'PUT', 1, 'admin', NULL, '/system/menu', '127.0.0.1', '内网IP', '{\"children\":[],\"component\":\"shipinfo\",\"createTime\":\"2023-11-12 11:03:48\",\"icon\":\"message\",\"isCache\":\"1\",\"isFrame\":\"1\",\"menuId\":2005,\"menuName\":\"货轮管理\",\"menuType\":\"C\",\"orderNum\":4,\"params\":{},\"parentId\":2001,\"path\":\"ship_info\",\"perms\":\"\",\"status\":\"0\",\"updateBy\":\"admin\",\"visible\":\"0\"}', '{\"msg\":\"操作成功\",\"code\":200}', 0, NULL, '2024-01-16 11:30:10', 7);
INSERT INTO `sys_oper_log` VALUES (513, '菜单管理', 2, 'com.ruoyi.web.controller.system.SysMenuController.edit()', 'PUT', 1, 'admin', NULL, '/system/menu', '127.0.0.1', '内网IP', '{\"children\":[],\"component\":\"routeschedule\",\"createTime\":\"2023-11-12 11:13:57\",\"icon\":\"edit\",\"isCache\":\"1\",\"isFrame\":\"1\",\"menuId\":2009,\"menuName\":\"航运计划管理\",\"menuType\":\"C\",\"orderNum\":5,\"params\":{},\"parentId\":2001,\"path\":\"freighter_scheduling\",\"perms\":\"\",\"status\":\"0\",\"updateBy\":\"admin\",\"visible\":\"0\"}', '{\"msg\":\"操作成功\",\"code\":200}', 0, NULL, '2024-01-16 11:30:19', 11);
INSERT INTO `sys_oper_log` VALUES (514, '菜单管理', 1, 'com.ruoyi.web.controller.system.SysMenuController.add()', 'POST', 1, 'admin', NULL, '/system/menu', '127.0.0.1', '内网IP', '{\"children\":[],\"component\":\"ffship\",\"createBy\":\"admin\",\"icon\":\"color\",\"isCache\":\"1\",\"isFrame\":\"1\",\"menuName\":\"货轮管理\",\"menuType\":\"C\",\"orderNum\":0,\"params\":{},\"parentId\":2059,\"path\":\"ffship\",\"status\":\"0\",\"visible\":\"0\"}', '{\"msg\":\"操作成功\",\"code\":200}', 0, NULL, '2024-01-16 11:34:58', 9);
INSERT INTO `sys_oper_log` VALUES (515, '船舶管理', 2, 'com.ruoyi.web.controller.ship.BShipController.edit()', 'PUT', 1, 'admin', NULL, '/ship/ship', '127.0.0.1', '内网IP', '{\"companyId\":2,\"params\":{},\"shipBox\":\"1\",\"shipCallsign\":\"1\",\"shipDraft\":1,\"shipId\":1,\"shipImage\":\"/profile/upload/2024/01/16/冰箱_20240116103359A001.png\",\"shipImo\":\"1\",\"shipLength\":1,\"shipMmsi\":\"1\",\"shipName\":\"1\",\"shipNationality\":\"1\",\"shipNetweight\":1,\"shipPortofregistry\":\"1\",\"shipType\":\"1\",\"shipWeight\":1}', '{\"msg\":\"操作成功\",\"code\":200}', 0, NULL, '2024-01-16 12:20:14', 16);
INSERT INTO `sys_oper_log` VALUES (516, '船舶管理', 2, 'com.ruoyi.web.controller.ship.BShipController.edit()', 'PUT', 1, 'admin', NULL, '/ship/ship', '127.0.0.1', '内网IP', '{\"companyId\":1,\"params\":{},\"shipBox\":\"1\",\"shipCallsign\":\"1\",\"shipDraft\":1,\"shipId\":1,\"shipImage\":\"/profile/upload/2024/01/16/冰箱_20240116103359A001.png\",\"shipImo\":\"1\",\"shipLength\":1,\"shipMmsi\":\"1\",\"shipName\":\"1\",\"shipNationality\":\"1\",\"shipNetweight\":1,\"shipPortofregistry\":\"1\",\"shipType\":\"1\",\"shipWeight\":1}', '{\"msg\":\"操作成功\",\"code\":200}', 0, NULL, '2024-01-16 12:20:32', 7);
INSERT INTO `sys_oper_log` VALUES (517, '船舶管理', 1, 'com.ruoyi.web.controller.ship.BShipController.add()', 'POST', 1, 'admin', NULL, '/ship/ship', '127.0.0.1', '内网IP', '{\"params\":{},\"shipCallsign\":\"2\",\"shipDraft\":2,\"shipImo\":\"2\",\"shipLength\":2,\"shipMmsi\":\"2\",\"shipName\":\"2\",\"shipNationality\":\"2\",\"shipNetweight\":2,\"shipPortofregistry\":\"2\",\"shipWeight\":2}', '{\"msg\":\"操作成功\",\"code\":200}', 0, NULL, '2024-01-16 12:22:42', 8);
INSERT INTO `sys_oper_log` VALUES (518, '船舶管理', 1, 'com.ruoyi.web.controller.ship.BShipController.add()', 'POST', 1, 'admin', NULL, '/ship/ship', '127.0.0.1', '内网IP', '{\"companyId\":2,\"params\":{},\"shipBox\":\"2\",\"shipCallsign\":\"2\",\"shipDraft\":2,\"shipImo\":\"2\",\"shipLength\":2,\"shipMmsi\":\"2\",\"shipName\":\"2\",\"shipNationality\":\"2\",\"shipNetweight\":2,\"shipPortofregistry\":\"2\",\"shipType\":\"2\",\"shipWeight\":2}', '{\"msg\":\"操作成功\",\"code\":200}', 0, NULL, '2024-01-16 12:23:29', 8);
INSERT INTO `sys_oper_log` VALUES (519, '船舶管理', 3, 'com.ruoyi.web.controller.ship.BShipController.remove()', 'DELETE', 1, 'admin', NULL, '/ship/ship/3', '127.0.0.1', '内网IP', '{}', '{\"msg\":\"操作成功\",\"code\":200}', 0, NULL, '2024-01-16 12:23:35', 9);
INSERT INTO `sys_oper_log` VALUES (520, '船舶管理', 3, 'com.ruoyi.web.controller.ship.BShipController.remove()', 'DELETE', 1, 'admin', NULL, '/ship/ship/2', '127.0.0.1', '内网IP', '{}', '{\"msg\":\"操作成功\",\"code\":200}', 0, NULL, '2024-01-16 12:23:37', 7);
INSERT INTO `sys_oper_log` VALUES (521, '船舶管理', 1, 'com.ruoyi.web.controller.ship.BShipController.add()', 'POST', 1, 'admin', NULL, '/ship/ship', '127.0.0.1', '内网IP', '{\"params\":{},\"shipBox\":\"2\",\"shipCallsign\":\"2\",\"shipDraft\":2,\"shipImo\":\"2\",\"shipLength\":2,\"shipMmsi\":\"2\",\"shipName\":\"2\",\"shipNationality\":\"2\",\"shipNetweight\":2,\"shipPortofregistry\":\"2\",\"shipType\":\"2\",\"shipWeight\":2}', '{\"msg\":\"操作成功\",\"code\":200}', 0, NULL, '2024-01-16 12:26:06', 9);
INSERT INTO `sys_oper_log` VALUES (522, '船舶管理', 3, 'com.ruoyi.web.controller.ship.BShipController.remove()', 'DELETE', 1, 'admin', NULL, '/ship/ship/4', '127.0.0.1', '内网IP', '{}', '{\"msg\":\"操作成功\",\"code\":200}', 0, NULL, '2024-01-16 12:26:19', 4);
INSERT INTO `sys_oper_log` VALUES (523, '船舶管理', 1, 'com.ruoyi.web.controller.ship.BShipController.add()', 'POST', 1, 'admin', NULL, '/ship/ship', '127.0.0.1', '内网IP', '{\"params\":{},\"shipBox\":\"2\",\"shipCallsign\":\"2\",\"shipDraft\":2,\"shipImo\":\"2\",\"shipLength\":2,\"shipMmsi\":\"2\",\"shipName\":\"2\",\"shipNationality\":\"2\",\"shipNetweight\":2,\"shipPortofregistry\":\"2\",\"shipType\":\"2\",\"shipWeight\":2}', '{\"msg\":\"操作成功\",\"code\":200}', 0, NULL, '2024-01-16 12:29:06', 25);
INSERT INTO `sys_oper_log` VALUES (524, '船舶管理', 3, 'com.ruoyi.web.controller.ship.BShipController.remove()', 'DELETE', 1, 'admin', NULL, '/ship/ship/5', '127.0.0.1', '内网IP', '{}', '{\"msg\":\"操作成功\",\"code\":200}', 0, NULL, '2024-01-16 12:29:16', 7);
INSERT INTO `sys_oper_log` VALUES (525, '船舶管理', 1, 'com.ruoyi.web.controller.ship.BShipController.add()', 'POST', 1, 'admin', NULL, '/ship/ship', '127.0.0.1', '内网IP', '{\"companyId\":1,\"params\":{},\"shipBox\":\"2\",\"shipCallsign\":\"2\",\"shipDraft\":2,\"shipImo\":\"2\",\"shipLength\":2,\"shipMmsi\":\"2\",\"shipName\":\"2\",\"shipNationality\":\"2\",\"shipNetweight\":2,\"shipPortofregistry\":\"2\",\"shipType\":\"2\",\"shipWeight\":2}', '{\"msg\":\"操作成功\",\"code\":200}', 0, NULL, '2024-01-16 12:30:19', 26);
INSERT INTO `sys_oper_log` VALUES (526, '船舶管理', 3, 'com.ruoyi.web.controller.ship.BShipController.remove()', 'DELETE', 1, 'admin', NULL, '/ship/ship/6', '127.0.0.1', '内网IP', '{}', '{\"msg\":\"操作成功\",\"code\":200}', 0, NULL, '2024-01-16 12:30:23', 4);
INSERT INTO `sys_oper_log` VALUES (527, '船舶管理', 1, 'com.ruoyi.web.controller.ship.BShipController.add()', 'POST', 1, 'admin', NULL, '/ship/ship', '127.0.0.1', '内网IP', '{\"params\":{},\"shipBox\":\"2\",\"shipCallsign\":\"2\",\"shipDraft\":2,\"shipImo\":\"2\",\"shipLength\":2,\"shipMmsi\":\"2\",\"shipName\":\"2\",\"shipNationality\":\"2\",\"shipNetweight\":2,\"shipPortofregistry\":\"2\",\"shipType\":\"2\",\"shipWeight\":2}', '{\"msg\":\"操作成功\",\"code\":200}', 0, NULL, '2024-01-16 12:30:32', 8);
INSERT INTO `sys_oper_log` VALUES (528, '船舶管理', 3, 'com.ruoyi.web.controller.ship.BShipController.remove()', 'DELETE', 1, 'admin', NULL, '/ship/ship/7', '127.0.0.1', '内网IP', '{}', '{\"msg\":\"操作成功\",\"code\":200}', 0, NULL, '2024-01-16 12:30:50', 7);
INSERT INTO `sys_oper_log` VALUES (529, '船舶管理', 1, 'com.ruoyi.web.controller.ship.BShipController.add()', 'POST', 1, 'admin', NULL, '/ship/ship', '127.0.0.1', '内网IP', '{\"params\":{},\"shipBox\":\"2\",\"shipCallsign\":\"2\",\"shipDraft\":2,\"shipImo\":\"2\",\"shipLength\":2,\"shipMmsi\":\"2\",\"shipName\":\"2\",\"shipNationality\":\"2\",\"shipNetweight\":2,\"shipPortofregistry\":\"2\",\"shipType\":\"2\",\"shipWeight\":2}', '{\"msg\":\"操作成功\",\"code\":200}', 0, NULL, '2024-01-16 12:33:55', 95);
INSERT INTO `sys_oper_log` VALUES (530, '船舶管理', 3, 'com.ruoyi.web.controller.ship.BShipController.remove()', 'DELETE', 1, 'admin', NULL, '/ship/ship/8', '127.0.0.1', '内网IP', '{}', '{\"msg\":\"操作成功\",\"code\":200}', 0, NULL, '2024-01-16 12:34:00', 9);
INSERT INTO `sys_oper_log` VALUES (531, '船舶管理', 1, 'com.ruoyi.web.controller.ship.BShipController.add()', 'POST', 1, 'admin', NULL, '/ship/ship', '127.0.0.1', '内网IP', '{\"companyId\":1,\"params\":{},\"shipBox\":\"2\",\"shipCallsign\":\"2\",\"shipDraft\":2,\"shipImo\":\"2\",\"shipLength\":2,\"shipMmsi\":\"2\",\"shipName\":\"2\",\"shipNationality\":\"2\",\"shipNetweight\":2,\"shipPortofregistry\":\"2\",\"shipType\":\"2\",\"shipWeight\":2}', '{\"msg\":\"操作成功\",\"code\":200}', 0, NULL, '2024-01-16 12:35:11', 9);
INSERT INTO `sys_oper_log` VALUES (532, '船舶管理', 3, 'com.ruoyi.web.controller.ship.BShipController.remove()', 'DELETE', 1, 'admin', NULL, '/ship/ship/9', '127.0.0.1', '内网IP', '{}', '{\"msg\":\"操作成功\",\"code\":200}', 0, NULL, '2024-01-16 12:35:20', 3);
INSERT INTO `sys_oper_log` VALUES (533, '菜单管理', 1, 'com.ruoyi.web.controller.system.SysMenuController.add()', 'POST', 1, 'admin', NULL, '/system/menu', '127.0.0.1', '内网IP', '{\"children\":[],\"component\":\"ffrouteschedule\",\"createBy\":\"admin\",\"icon\":\"checkbox\",\"isCache\":\"0\",\"isFrame\":\"1\",\"menuName\":\"航运计划申请\",\"menuType\":\"C\",\"orderNum\":0,\"params\":{},\"parentId\":2059,\"path\":\"ffrouteschedule\",\"status\":\"0\",\"visible\":\"0\"}', '{\"msg\":\"操作成功\",\"code\":200}', 0, NULL, '2024-01-17 11:52:14', 14);
INSERT INTO `sys_oper_log` VALUES (534, '菜单管理', 2, 'com.ruoyi.web.controller.system.SysMenuController.edit()', 'PUT', 1, 'admin', NULL, '/system/menu', '127.0.0.1', '内网IP', '{\"children\":[],\"component\":\"ffrouteschedule\",\"createTime\":\"2024-01-17 11:52:14\",\"icon\":\"checkbox\",\"isCache\":\"1\",\"isFrame\":\"1\",\"menuId\":2062,\"menuName\":\"航运计划申请\",\"menuType\":\"C\",\"orderNum\":0,\"params\":{},\"parentId\":2059,\"path\":\"ffrouteschedule\",\"perms\":\"\",\"status\":\"0\",\"updateBy\":\"admin\",\"visible\":\"0\"}', '{\"msg\":\"操作成功\",\"code\":200}', 0, NULL, '2024-01-17 11:52:19', 11);
INSERT INTO `sys_oper_log` VALUES (535, '菜单管理', 1, 'com.ruoyi.web.controller.system.SysMenuController.add()', 'POST', 1, 'admin', NULL, '/system/menu', '127.0.0.1', '内网IP', '{\"children\":[],\"component\":\"ffroute\",\"createBy\":\"admin\",\"icon\":\"date\",\"isCache\":\"1\",\"isFrame\":\"1\",\"menuName\":\"航线查看\",\"menuType\":\"C\",\"orderNum\":0,\"params\":{},\"parentId\":2059,\"path\":\"ffroute\",\"status\":\"0\",\"visible\":\"0\"}', '{\"msg\":\"操作成功\",\"code\":200}', 0, NULL, '2024-01-17 12:00:22', 6);
INSERT INTO `sys_oper_log` VALUES (536, '航运计划', 1, 'com.ruoyi.web.controller.routeschedule.BRoutescheduleController.add()', 'POST', 1, 'admin', NULL, '/routeschedule/routeschedule', '127.0.0.1', '内网IP', '{\"estimatedDuration\":null,\"params\":{},\"routeDistance\":null,\"routescheduleId\":4,\"scheduleBox\":0}', '{\"msg\":\"操作成功\",\"code\":200}', 0, NULL, '2024-01-17 12:14:58', 12);
INSERT INTO `sys_oper_log` VALUES (537, '航运计划', 3, 'com.ruoyi.web.controller.routeschedule.BRoutescheduleController.remove()', 'DELETE', 1, 'admin', NULL, '/routeschedule/routeschedule/4', '127.0.0.1', '内网IP', '{}', '{\"msg\":\"操作成功\",\"code\":200}', 0, NULL, '2024-01-17 12:15:04', 7);
INSERT INTO `sys_oper_log` VALUES (538, '航运计划', 1, 'com.ruoyi.web.controller.routeschedule.BRoutescheduleController.add()', 'POST', 1, 'admin', NULL, '/routeschedule/routeschedule', '127.0.0.1', '内网IP', '{\"departurePort\":\"1\",\"endingPort\":\"1\",\"estimatedDuration\":null,\"params\":{},\"routeDistance\":null,\"routeId\":1,\"routescheduleId\":5,\"scheduleBox\":1,\"shipId\":1,\"startTime\":\"2024-01-03 00:00\"}', '{\"msg\":\"操作成功\",\"code\":200}', 0, NULL, '2024-01-17 12:20:49', 9);
INSERT INTO `sys_oper_log` VALUES (539, '航运计划', 3, 'com.ruoyi.web.controller.routeschedule.BRoutescheduleController.remove()', 'DELETE', 1, 'admin', NULL, '/routeschedule/routeschedule/5', '127.0.0.1', '内网IP', '{}', '{\"msg\":\"操作成功\",\"code\":200}', 0, NULL, '2024-01-17 12:25:25', 20);
INSERT INTO `sys_oper_log` VALUES (540, '航运计划', 1, 'com.ruoyi.web.controller.routeschedule.BRoutescheduleController.add()', 'POST', 1, 'admin', NULL, '/routeschedule/routeschedule', '127.0.0.1', '内网IP', '{\"departurePort\":\"1\",\"endingPort\":\"1\",\"estimatedDuration\":null,\"params\":{},\"routeDistance\":null,\"routeId\":1,\"routescheduleId\":6,\"scheduleBox\":1,\"shipId\":1}', '{\"msg\":\"操作成功\",\"code\":200}', 0, NULL, '2024-01-17 12:25:31', 14);
INSERT INTO `sys_oper_log` VALUES (541, '航运计划', 3, 'com.ruoyi.web.controller.routeschedule.BRoutescheduleController.remove()', 'DELETE', 1, 'admin', NULL, '/routeschedule/routeschedule/6', '127.0.0.1', '内网IP', '{}', '{\"msg\":\"操作成功\",\"code\":200}', 0, NULL, '2024-01-17 12:26:34', 13);
INSERT INTO `sys_oper_log` VALUES (542, '航运计划', 1, 'com.ruoyi.web.controller.routeschedule.BRoutescheduleController.add()', 'POST', 1, 'admin', NULL, '/routeschedule/routeschedule', '127.0.0.1', '内网IP', '{\"departurePort\":\"1\",\"estimatedDuration\":null,\"params\":{},\"routeDistance\":null,\"routeId\":1,\"routescheduleId\":7,\"scheduleBox\":0,\"shipId\":1}', '{\"msg\":\"操作成功\",\"code\":200}', 0, NULL, '2024-01-17 12:26:38', 22);
INSERT INTO `sys_oper_log` VALUES (543, '航运计划', 3, 'com.ruoyi.web.controller.routeschedule.BRoutescheduleController.remove()', 'DELETE', 1, 'admin', NULL, '/routeschedule/routeschedule/7', '127.0.0.1', '内网IP', '{}', '{\"msg\":\"操作成功\",\"code\":200}', 0, NULL, '2024-01-17 12:29:47', 22);
INSERT INTO `sys_oper_log` VALUES (544, '航运计划', 1, 'com.ruoyi.web.controller.routeschedule.BRoutescheduleController.add()', 'POST', 1, 'admin', NULL, '/routeschedule/routeschedule', '127.0.0.1', '内网IP', '{\"departurePort\":\"1\",\"estimatedDuration\":null,\"params\":{},\"routeDistance\":null,\"routeId\":1,\"routescheduleId\":8,\"scheduleBox\":0,\"shipId\":1}', '{\"msg\":\"操作成功\",\"code\":200}', 0, NULL, '2024-01-17 12:29:50', 9);
INSERT INTO `sys_oper_log` VALUES (545, '航运计划', 3, 'com.ruoyi.web.controller.routeschedule.BRoutescheduleController.remove()', 'DELETE', 1, 'admin', NULL, '/routeschedule/routeschedule/8', '127.0.0.1', '内网IP', '{}', '{\"msg\":\"操作成功\",\"code\":200}', 0, NULL, '2024-01-17 12:32:05', 21);
INSERT INTO `sys_oper_log` VALUES (546, '航运计划', 1, 'com.ruoyi.web.controller.routeschedule.BRoutescheduleController.add1()', 'POST', 1, 'admin', NULL, '/routeschedule/routeschedule/add1', '127.0.0.1', '内网IP', '{\"departurePort\":\"1\",\"endingPort\":\"1\",\"estimatedDuration\":null,\"params\":{},\"routeDistance\":null,\"routeId\":1,\"routescheduleId\":9,\"scheduleBox\":0,\"shipId\":1}', '{\"msg\":\"操作成功\",\"code\":200}', 0, NULL, '2024-01-17 12:36:47', 112);
INSERT INTO `sys_oper_log` VALUES (547, '航运计划', 3, 'com.ruoyi.web.controller.routeschedule.BRoutescheduleController.remove()', 'DELETE', 1, 'admin', NULL, '/routeschedule/routeschedule/9', '127.0.0.1', '内网IP', '{}', '{\"msg\":\"操作成功\",\"code\":200}', 0, NULL, '2024-01-17 12:40:21', 20);
INSERT INTO `sys_oper_log` VALUES (548, '航运计划', 1, 'com.ruoyi.web.controller.routeschedule.BRoutescheduleController.add1()', 'POST', 1, 'admin', NULL, '/routeschedule/routeschedule/add1', '127.0.0.1', '内网IP', '{\"departurePort\":\"1\",\"estimatedDuration\":null,\"params\":{},\"routeDistance\":null,\"routeId\":1,\"routescheduleId\":10,\"scheduleBox\":0,\"shipId\":1}', '{\"msg\":\"操作成功\",\"code\":200}', 0, NULL, '2024-01-17 12:40:25', 7);
INSERT INTO `sys_oper_log` VALUES (549, '航运计划', 3, 'com.ruoyi.web.controller.routeschedule.BRoutescheduleController.remove()', 'DELETE', 1, 'admin', NULL, '/routeschedule/routeschedule/10', '127.0.0.1', '内网IP', '{}', '{\"msg\":\"操作成功\",\"code\":200}', 0, NULL, '2024-01-17 12:42:32', 20);
INSERT INTO `sys_oper_log` VALUES (550, '航运计划', 1, 'com.ruoyi.web.controller.routeschedule.BRoutescheduleController.add1()', 'POST', 1, 'admin', NULL, '/routeschedule/routeschedule/add1', '127.0.0.1', '内网IP', '{\"departurePort\":\"1\",\"endingPort\":\"1\",\"estimatedDuration\":null,\"params\":{},\"routeDistance\":null,\"routeId\":1,\"routescheduleId\":11,\"scheduleBox\":0,\"shipId\":1}', '{\"msg\":\"操作成功\",\"code\":200}', 0, NULL, '2024-01-17 12:42:36', 14);
INSERT INTO `sys_oper_log` VALUES (551, '航运计划', 3, 'com.ruoyi.web.controller.routeschedule.BRoutescheduleController.remove()', 'DELETE', 1, 'admin', NULL, '/routeschedule/routeschedule/11', '127.0.0.1', '内网IP', '{}', '{\"msg\":\"操作成功\",\"code\":200}', 0, NULL, '2024-01-17 12:43:23', 15);
INSERT INTO `sys_oper_log` VALUES (552, '航运计划', 1, 'com.ruoyi.web.controller.routeschedule.BRoutescheduleController.add1()', 'POST', 1, 'admin', NULL, '/routeschedule/routeschedule/add1', '127.0.0.1', '内网IP', '{\"departurePort\":\"1\",\"endingPort\":\"1\",\"estimatedDuration\":null,\"params\":{},\"routeDistance\":null,\"routeId\":1,\"routescheduleId\":12,\"scheduleBox\":0,\"shipId\":1}', '{\"msg\":\"操作成功\",\"code\":200}', 0, NULL, '2024-01-17 12:43:27', 12);
INSERT INTO `sys_oper_log` VALUES (553, '航运计划', 1, 'com.ruoyi.web.controller.routeschedule.BRoutescheduleController.add1()', 'POST', 1, 'admin', NULL, '/routeschedule/routeschedule/add1', '127.0.0.1', '内网IP', '{\"departurePort\":\"2\",\"endingPort\":\"2\",\"estimatedDuration\":null,\"params\":{},\"routeDistance\":null,\"routeId\":2,\"scheduleBox\":0,\"shipId\":2}', NULL, 1, 'Cannot invoke \"com.ruoyi.ship.domain.BShip.getCompanyId()\" because the return value of \"com.ruoyi.ship.service.IBShipService.selectBShipByShipId(java.lang.Long)\" is null', '2024-01-17 12:45:31', 42);
INSERT INTO `sys_oper_log` VALUES (554, '航运计划', 1, 'com.ruoyi.web.controller.routeschedule.BRoutescheduleController.add1()', 'POST', 1, 'admin', NULL, '/routeschedule/routeschedule/add1', '127.0.0.1', '内网IP', '{\"departurePort\":\"2\",\"endingPort\":\"2\",\"estimatedDuration\":null,\"params\":{},\"routeDistance\":null,\"routeId\":2,\"scheduleBox\":0,\"shipId\":2}', NULL, 1, 'Cannot invoke \"com.ruoyi.ship.domain.BShip.getCompanyId()\" because the return value of \"com.ruoyi.ship.service.IBShipService.selectBShipByShipId(java.lang.Long)\" is null', '2024-01-17 12:45:35', 3);
INSERT INTO `sys_oper_log` VALUES (555, '航运计划', 1, 'com.ruoyi.web.controller.routeschedule.BRoutescheduleController.add1()', 'POST', 1, 'admin', NULL, '/routeschedule/routeschedule/add1', '127.0.0.1', '内网IP', '{\"departurePort\":\"2\",\"endingPort\":\"2\",\"estimatedDuration\":null,\"params\":{},\"routeDistance\":null,\"routeId\":2,\"routescheduleId\":13,\"scheduleBox\":0,\"shipId\":1}', '{\"msg\":\"操作成功\",\"code\":200}', 0, NULL, '2024-01-17 12:45:51', 14);
INSERT INTO `sys_oper_log` VALUES (556, '航运计划', 3, 'com.ruoyi.web.controller.routeschedule.BRoutescheduleController.remove()', 'DELETE', 1, 'admin', NULL, '/routeschedule/routeschedule/13', '127.0.0.1', '内网IP', '{}', '{\"msg\":\"操作成功\",\"code\":200}', 0, NULL, '2024-01-17 12:45:59', 9);
INSERT INTO `sys_oper_log` VALUES (557, '航运计划', 3, 'com.ruoyi.web.controller.routeschedule.BRoutescheduleController.remove()', 'DELETE', 1, 'admin', NULL, '/routeschedule/routeschedule/12', '127.0.0.1', '内网IP', '{}', '{\"msg\":\"操作成功\",\"code\":200}', 0, NULL, '2024-01-17 12:46:01', 8);
INSERT INTO `sys_oper_log` VALUES (558, '航运计划', 1, 'com.ruoyi.web.controller.routeschedule.BRoutescheduleController.add1()', 'POST', 1, 'admin', NULL, '/routeschedule/routeschedule/add1', '127.0.0.1', '内网IP', '{\"departurePort\":\"2\",\"estimatedDuration\":null,\"params\":{},\"routeDistance\":null,\"routeId\":2,\"scheduleBox\":0,\"shipId\":2}', '{\"msg\":\"没有货轮信息\",\"code\":500}', 0, NULL, '2024-01-17 12:49:23', 15);
INSERT INTO `sys_oper_log` VALUES (559, '航运计划', 1, 'com.ruoyi.web.controller.routeschedule.BRoutescheduleController.add1()', 'POST', 1, 'admin', NULL, '/routeschedule/routeschedule/add1', '127.0.0.1', '内网IP', '{\"departurePort\":\"2\",\"estimatedDuration\":null,\"params\":{},\"routeDistance\":null,\"routeId\":2,\"scheduleBox\":0,\"shipId\":2}', '{\"msg\":\"没有货轮信息\",\"code\":500}', 0, NULL, '2024-01-17 12:49:33', 3);
INSERT INTO `sys_oper_log` VALUES (560, '航运计划', 1, 'com.ruoyi.web.controller.routeschedule.BRoutescheduleController.add1()', 'POST', 1, 'admin', NULL, '/routeschedule/routeschedule/add1', '127.0.0.1', '内网IP', '{\"departurePort\":\"2\",\"estimatedDuration\":null,\"params\":{},\"routeDistance\":null,\"routeId\":1,\"routescheduleId\":14,\"scheduleBox\":0,\"shipId\":1}', '{\"msg\":\"操作成功\",\"code\":200}', 0, NULL, '2024-01-17 12:49:39', 9);
INSERT INTO `sys_oper_log` VALUES (561, '航运计划', 3, 'com.ruoyi.web.controller.routeschedule.BRoutescheduleController.remove()', 'DELETE', 1, 'admin', NULL, '/routeschedule/routeschedule/14', '127.0.0.1', '内网IP', '{}', '{\"msg\":\"操作成功\",\"code\":200}', 0, NULL, '2024-01-17 12:49:49', 8);
INSERT INTO `sys_oper_log` VALUES (562, '航运计划', 1, 'com.ruoyi.web.controller.routeschedule.BRoutescheduleController.add()', 'POST', 1, 'admin', NULL, '/routeschedule/routeschedule', '127.0.0.1', '内网IP', '{\"departurePort\":\"2\",\"estimatedDuration\":null,\"params\":{},\"routeDistance\":null,\"routeId\":2,\"scheduleBox\":0,\"shipId\":2}', '{\"msg\":\"没有货轮信息\",\"code\":500}', 0, NULL, '2024-01-17 12:51:13', 12);
INSERT INTO `sys_oper_log` VALUES (563, '航运计划', 1, 'com.ruoyi.web.controller.routeschedule.BRoutescheduleController.add()', 'POST', 1, 'admin', NULL, '/routeschedule/routeschedule', '127.0.0.1', '内网IP', '{\"departurePort\":\"1\",\"estimatedDuration\":null,\"params\":{},\"routeDistance\":null,\"routeId\":1,\"routescheduleId\":15,\"scheduleBox\":0,\"shipId\":1}', '{\"msg\":\"操作成功\",\"code\":200}', 0, NULL, '2024-01-17 12:51:17', 11);
INSERT INTO `sys_oper_log` VALUES (564, '航运计划', 3, 'com.ruoyi.web.controller.routeschedule.BRoutescheduleController.remove()', 'DELETE', 1, 'admin', NULL, '/routeschedule/routeschedule/15', '127.0.0.1', '内网IP', '{}', '{\"msg\":\"操作成功\",\"code\":200}', 0, NULL, '2024-01-17 12:51:19', 7);
INSERT INTO `sys_oper_log` VALUES (565, 'order', 3, 'com.ruoyi.web.controller.order.BOrderController.remove()', 'DELETE', 1, 'admin', NULL, '/order/order/2024-01-08T19:34:23.197936200ogj5Q6VEG1HHJMqTEebwUtIPlGBs', '127.0.0.1', '内网IP', '{}', '{\"msg\":\"操作成功\",\"code\":200}', 0, NULL, '2024-01-17 12:57:04', 5);
INSERT INTO `sys_oper_log` VALUES (566, 'order', 3, 'com.ruoyi.web.controller.order.BOrderController.remove()', 'DELETE', 1, 'admin', NULL, '/order/order/2024-01-08T19:33:06.615507200ogj5Q6VEG1HHJMqTEebwUtIPlGBs', '127.0.0.1', '内网IP', '{}', '{\"msg\":\"操作成功\",\"code\":200}', 0, NULL, '2024-01-17 12:57:09', 4);
INSERT INTO `sys_oper_log` VALUES (567, '菜单管理', 1, 'com.ruoyi.web.controller.system.SysMenuController.add()', 'POST', 1, 'admin', NULL, '/system/menu', '127.0.0.1', '内网IP', '{\"children\":[],\"component\":\"dlshipcompany\",\"createBy\":\"admin\",\"icon\":\"date\",\"isCache\":\"1\",\"isFrame\":\"1\",\"menuName\":\"代理航运公司\",\"menuType\":\"C\",\"orderNum\":0,\"params\":{},\"parentId\":2060,\"path\":\"dlshipcompany\",\"status\":\"0\",\"visible\":\"0\"}', '{\"msg\":\"操作成功\",\"code\":200}', 0, NULL, '2024-01-17 17:25:04', 19);
INSERT INTO `sys_oper_log` VALUES (568, '航运计划', 2, 'com.ruoyi.web.controller.routeschedule.BRoutescheduleController.edit()', 'PUT', 1, 'admin', NULL, '/routeschedule/routeschedule', '127.0.0.1', '内网IP', '{\"departurePort\":\"连云港\",\"endTime\":\"2024-01-16 14:30\",\"endingPort\":\"厦门\",\"estimatedDuration\":20.5,\"hdcompanyId\":1,\"params\":{},\"routeDistance\":837.0,\"routeId\":1,\"routescheduleId\":1,\"scheduleBox\":400,\"shipId\":2,\"startTime\":\"2024-01-16 12:20\"}', '{\"msg\":\"操作成功\",\"code\":200}', 0, NULL, '2024-01-17 17:54:28', 24);
INSERT INTO `sys_oper_log` VALUES (569, '航运计划', 2, 'com.ruoyi.web.controller.routeschedule.BRoutescheduleController.edit()', 'PUT', 1, 'admin', NULL, '/routeschedule/routeschedule', '127.0.0.1', '内网IP', '{\"departurePort\":\"上海港\",\"endTime\":\"2023-12-26 00:00\",\"endingPort\":\"天津港\",\"estimatedDuration\":3.0,\"hdcompanyId\":2,\"params\":{},\"routeDistance\":544.0,\"routeId\":1,\"routescheduleId\":2,\"scheduleBox\":300,\"shipId\":3,\"startTime\":\"2023-12-13 01:00\"}', '{\"msg\":\"操作成功\",\"code\":200}', 0, NULL, '2024-01-17 17:54:31', 3);
INSERT INTO `sys_oper_log` VALUES (570, '航运计划', 2, 'com.ruoyi.web.controller.routeschedule.BRoutescheduleController.edit()', 'PUT', 1, 'admin', NULL, '/routeschedule/routeschedule', '127.0.0.1', '内网IP', '{\"departurePort\":\"连云港\",\"endTime\":\"2024-01-31 17:59\",\"endingPort\":\"厦门\",\"estimatedDuration\":20.5,\"hdcompanyId\":1,\"params\":{},\"routeDistance\":837.0,\"routeId\":1,\"routescheduleId\":1,\"scheduleBox\":400,\"shipId\":2,\"startTime\":\"2024-01-30 12:20\"}', '{\"msg\":\"操作成功\",\"code\":200}', 0, NULL, '2024-01-17 17:59:10', 4);
INSERT INTO `sys_oper_log` VALUES (571, '菜单管理', 1, 'com.ruoyi.web.controller.system.SysMenuController.add()', 'POST', 1, 'admin', NULL, '/system/menu', '127.0.0.1', '内网IP', '{\"children\":[],\"component\":\"hdorder\",\"createBy\":\"admin\",\"icon\":\"color\",\"isCache\":\"1\",\"isFrame\":\"1\",\"menuName\":\"货代公司订单\",\"menuType\":\"C\",\"orderNum\":0,\"params\":{},\"parentId\":2060,\"path\":\"hdorder\",\"status\":\"0\",\"visible\":\"0\"}', '{\"msg\":\"操作成功\",\"code\":200}', 0, NULL, '2024-01-17 18:27:56', 28);
INSERT INTO `sys_oper_log` VALUES (572, '菜单管理', 1, 'com.ruoyi.web.controller.system.SysMenuController.add()', 'POST', 1, 'admin', NULL, '/system/menu', '127.0.0.1', '内网IP', '{\"children\":[],\"component\":\"hdschedule\",\"createBy\":\"admin\",\"icon\":\"date\",\"isCache\":\"1\",\"isFrame\":\"1\",\"menuName\":\"代理船运计划\",\"menuType\":\"C\",\"orderNum\":0,\"params\":{},\"parentId\":2060,\"path\":\"hdschedule\",\"status\":\"0\",\"visible\":\"0\"}', '{\"msg\":\"操作成功\",\"code\":200}', 0, NULL, '2024-01-17 18:31:34', 10);
INSERT INTO `sys_oper_log` VALUES (573, '菜单管理', 1, 'com.ruoyi.web.controller.system.SysMenuController.add()', 'POST', 1, 'admin', NULL, '/system/menu', '127.0.0.1', '内网IP', '{\"children\":[],\"component\":\"fforder\",\"createBy\":\"admin\",\"icon\":\"date\",\"isCache\":\"1\",\"isFrame\":\"1\",\"menuName\":\"船运公司订单\",\"menuType\":\"C\",\"orderNum\":0,\"params\":{},\"parentId\":2059,\"path\":\"fforder\",\"status\":\"0\",\"visible\":\"0\"}', '{\"msg\":\"操作成功\",\"code\":200}', 0, NULL, '2024-01-17 18:45:29', 125);
INSERT INTO `sys_oper_log` VALUES (574, '船舶管理', 1, 'com.ruoyi.web.controller.ship.BShipController.add()', 'POST', 1, 'admin', NULL, '/ship/ship', '127.0.0.1', '内网IP', '{\"companyId\":1,\"params\":{},\"shipBox\":\"1\",\"shipDraft\":1,\"shipMmsi\":\"1\",\"shipName\":\"1\",\"shipNetweight\":1,\"shipPortofregistry\":\"1\",\"shipType\":\"1\",\"shipWeight\":1}', '{\"msg\":\"操作成功\",\"code\":200}', 0, NULL, '2024-01-17 18:52:19', 108);
INSERT INTO `sys_oper_log` VALUES (575, '航运计划', 2, 'com.ruoyi.web.controller.routeschedule.BRoutescheduleController.edit()', 'PUT', 1, 'admin', NULL, '/routeschedule/routeschedule', '127.0.0.1', '内网IP', '{\"departurePort\":\"连云港\",\"endTime\":\"2024-01-31 17:59\",\"endingPort\":\"厦门\",\"estimatedDuration\":20.5,\"hdcompanyId\":1,\"params\":{},\"routeDistance\":837.0,\"routeId\":1,\"routescheduleId\":1,\"scheduleBox\":400,\"shipId\":1,\"startTime\":\"2024-01-30 12:20\"}', '{\"msg\":\"操作成功\",\"code\":200}', 0, NULL, '2024-01-17 18:52:36', 15);
INSERT INTO `sys_oper_log` VALUES (576, '菜单管理', 2, 'com.ruoyi.web.controller.system.SysMenuController.edit()', 'PUT', 1, 'admin', NULL, '/system/menu', '127.0.0.1', '内网IP', '{\"children\":[],\"component\":\"containerinfo\",\"createTime\":\"2023-11-12 11:10:05\",\"icon\":\"checkbox\",\"isCache\":\"1\",\"isFrame\":\"1\",\"menuId\":2008,\"menuName\":\"集装箱管理\",\"menuType\":\"C\",\"orderNum\":3,\"params\":{},\"parentId\":2001,\"path\":\"container_info\",\"perms\":\"\",\"status\":\"0\",\"updateBy\":\"admin\",\"visible\":\"0\"}', '{\"msg\":\"操作成功\",\"code\":200}', 0, NULL, '2024-01-18 11:09:07', 17);
INSERT INTO `sys_oper_log` VALUES (577, '代码生成', 6, 'com.ruoyi.generator.controller.GenController.importTableSave()', 'POST', 1, 'admin', NULL, '/tool/gen/importTable', '127.0.0.1', '内网IP', '{\"tables\":\"b_container\"}', '{\"msg\":\"操作成功\",\"code\":200}', 0, NULL, '2024-01-18 11:21:10', 72);
INSERT INTO `sys_oper_log` VALUES (578, '代码生成', 2, 'com.ruoyi.generator.controller.GenController.editSave()', 'PUT', 1, 'admin', NULL, '/tool/gen', '127.0.0.1', '内网IP', '{\"businessName\":\"container\",\"className\":\"BContainer\",\"columns\":[{\"capJavaField\":\"ContainerId\",\"columnComment\":\"集装箱id\",\"columnId\":107,\"columnName\":\"container_id\",\"columnType\":\"int\",\"createBy\":\"admin\",\"createTime\":\"2024-01-18 11:21:10\",\"dictType\":\"\",\"edit\":false,\"htmlType\":\"input\",\"increment\":true,\"insert\":true,\"isIncrement\":\"1\",\"isInsert\":\"1\",\"isPk\":\"1\",\"javaField\":\"containerId\",\"javaType\":\"Long\",\"list\":false,\"params\":{},\"pk\":true,\"query\":false,\"queryType\":\"EQ\",\"required\":false,\"sort\":1,\"superColumn\":false,\"tableId\":17,\"updateBy\":\"\",\"usableColumn\":false},{\"capJavaField\":\"ContainerType\",\"columnComment\":\"集装箱类型\",\"columnId\":108,\"columnName\":\"container_type\",\"columnType\":\"varchar(255)\",\"createBy\":\"admin\",\"createTime\":\"2024-01-18 11:21:10\",\"dictType\":\"\",\"edit\":true,\"htmlType\":\"select\",\"increment\":false,\"insert\":true,\"isEdit\":\"1\",\"isIncrement\":\"0\",\"isInsert\":\"1\",\"isList\":\"1\",\"isPk\":\"0\",\"isQuery\":\"1\",\"javaField\":\"containerType\",\"javaType\":\"String\",\"list\":true,\"params\":{},\"pk\":false,\"query\":true,\"queryType\":\"EQ\",\"required\":false,\"sort\":2,\"superColumn\":false,\"tableId\":17,\"updateBy\":\"\",\"usableColumn\":false},{\"capJavaField\":\"CurrentWeight\",\"columnComment\":\"集装箱现在重量\",\"columnId\":109,\"columnName\":\"current_weight\",\"columnType\":\"double\",\"createBy\":\"admin\",\"createTime\":\"2024-01-18 11:21:10\",\"dictType\":\"\",\"edit\":true,\"htmlType\":\"input\",\"increment\":false,\"insert\":true,\"isEdit\":\"1\",\"isIncrement\":\"0\",\"isInsert\":\"1\",\"isList\":\"1\",\"isPk\":\"0\",\"isQuery\":\"1\",\"javaField\":\"currentWeight\",\"javaType\":\"Long\",\"list\":true,\"params\":{},\"pk\":false,\"query\":true,\"queryType\":\"EQ\",\"required\":false,\"sort\":3,\"superColumn\":false,\"tableId\":17,\"updateBy\":\"\",\"usableColumn\":false},{\"capJavaField\":\"CurrentVolume\",\"columnComment\":\"集装箱现在容积\",\"columnId\":110,\"columnName\":\"current_volume\",\"columnType\":\"double\",\"createBy\":\"admin\",\"createTime\":\"2024-01-18 11:21:10\",\"dictType\":\"\",\"edit\":true,\"htmlType\":\"input\",\"increment\":false,\"insert\":true,\"isEdit\":\"1\",\"isIncrement\":\"0\",\"isInsert\":\"1\",\"isList\":\"1\",\"isPk\":\"0\",\"isQuery\":\"1\",\"', '{\"msg\":\"操作成功\",\"code\":200}', 0, NULL, '2024-01-18 11:22:15', 33);
INSERT INTO `sys_oper_log` VALUES (579, '代码生成', 8, 'com.ruoyi.generator.controller.GenController.batchGenCode()', 'GET', 1, 'admin', NULL, '/tool/gen/batchGenCode', '127.0.0.1', '内网IP', '{\"tables\":\"b_container\"}', NULL, 0, NULL, '2024-01-18 11:22:19', 169);
INSERT INTO `sys_oper_log` VALUES (580, '集装箱管理', 1, 'com.ruoyi.web.controller.container.BContainerController.add()', 'POST', 1, 'admin', NULL, '/container/container', '127.0.0.1', '内网IP', '{\"cabinId\":1,\"containerHumidity\":1,\"containerId\":1,\"containerLatitude\":\"1\",\"containerLongitude\":\"1\",\"containerTemperature\":1,\"containerType\":\"1\",\"currentVolume\":1,\"currentWeight\":1,\"maxVolume\":1,\"maxWeight\":1,\"params\":{},\"shipId\":1}', '{\"msg\":\"操作成功\",\"code\":200}', 0, NULL, '2024-01-18 14:27:17', 25);
INSERT INTO `sys_oper_log` VALUES (581, '集装箱管理', 2, 'com.ruoyi.web.controller.container.BContainerController.edit()', 'PUT', 1, 'admin', NULL, '/container/container', '127.0.0.1', '内网IP', '{\"cabinId\":1,\"containerHumidity\":1,\"containerId\":1,\"containerLatitude\":\"1\",\"containerLongitude\":\"1\",\"containerStatus\":\"空\",\"containerTemperature\":1,\"containerType\":\"1\",\"currentVolume\":1,\"currentWeight\":1,\"maxVolume\":1,\"maxWeight\":1,\"params\":{},\"shipId\":1}', '{\"msg\":\"操作成功\",\"code\":200}', 0, NULL, '2024-01-18 14:29:29', 5);
INSERT INTO `sys_oper_log` VALUES (582, '集装箱管理', 2, 'com.ruoyi.web.controller.container.BContainerController.edit()', 'PUT', 1, 'admin', NULL, '/container/container', '127.0.0.1', '内网IP', '{\"cabinId\":1,\"containerHumidity\":1,\"containerId\":1,\"containerLatitude\":\"1\",\"containerLocation\":\"在船\",\"containerLongitude\":\"1\",\"containerStatus\":\"空\",\"containerTemperature\":1,\"containerType\":\"1\",\"currentVolume\":1,\"currentWeight\":1,\"maxVolume\":1,\"maxWeight\":1,\"params\":{},\"shipId\":1}', '{\"msg\":\"操作成功\",\"code\":200}', 0, NULL, '2024-01-18 15:02:11', 23);
INSERT INTO `sys_oper_log` VALUES (583, '集装箱管理', 2, 'com.ruoyi.web.controller.container.BContainerController.edit()', 'PUT', 1, 'admin', NULL, '/container/container', '127.0.0.1', '内网IP', '{\"cabinId\":1,\"containerHumidity\":1,\"containerId\":1,\"containerLatitude\":\"1\",\"containerLocation\":\"1\",\"containerLongitude\":\"1\",\"containerStatus\":\"空\",\"containerTemperature\":1,\"containerType\":\"1\",\"currentVolume\":1,\"currentWeight\":1,\"maxVolume\":1,\"maxWeight\":1,\"params\":{},\"shipId\":1}', '{\"msg\":\"操作成功\",\"code\":200}', 0, NULL, '2024-01-18 15:06:15', 8);
INSERT INTO `sys_oper_log` VALUES (584, '集装箱管理', 2, 'com.ruoyi.web.controller.container.BContainerController.edit()', 'PUT', 1, 'admin', NULL, '/container/container', '127.0.0.1', '内网IP', '{\"cabinId\":1,\"containerHumidity\":1,\"containerId\":1,\"containerLatitude\":\"1\",\"containerLocation\":\"1\",\"containerLongitude\":\"1\",\"containerStatus\":\"空\",\"containerTemperature\":1,\"containerType\":\"1\",\"currentVolume\":1,\"currentWeight\":1,\"maxVolume\":1,\"maxWeight\":1,\"params\":{},\"shipId\":1}', '{\"msg\":\"操作成功\",\"code\":200}', 0, NULL, '2024-01-18 15:09:56', 21);
INSERT INTO `sys_oper_log` VALUES (585, '集装箱管理', 2, 'com.ruoyi.web.controller.container.BContainerController.edit()', 'PUT', 1, 'admin', NULL, '/container/container', '127.0.0.1', '内网IP', '{\"cabinId\":1,\"containerHumidity\":1,\"containerId\":1,\"containerLatitude\":\"1\",\"containerLocation\":\"在船\",\"containerLongitude\":\"1\",\"containerStatus\":\"空\",\"containerTemperature\":1,\"containerType\":\"1\",\"currentVolume\":1,\"currentWeight\":1,\"maxVolume\":1,\"maxWeight\":1,\"params\":{},\"shipId\":1}', '{\"msg\":\"操作成功\",\"code\":200}', 0, NULL, '2024-01-18 15:48:04', 23);
INSERT INTO `sys_oper_log` VALUES (586, '集装箱管理', 2, 'com.ruoyi.web.controller.container.BContainerController.edit()', 'PUT', 1, 'admin', NULL, '/container/container', '127.0.0.1', '内网IP', '{\"cabinId\":1,\"containerId\":1,\"containerLatitude\":\"\",\"containerLocation\":\"在船\",\"containerLongitude\":\"\",\"containerStatus\":\"空\",\"containerType\":\"干货集装箱\",\"currentVolume\":0.0,\"currentWeight\":0.0,\"maxVolume\":67.7,\"maxWeight\":27600.0,\"params\":{},\"shipId\":1}', '{\"msg\":\"操作成功\",\"code\":200}', 0, NULL, '2024-01-18 15:53:37', 38);
INSERT INTO `sys_oper_log` VALUES (587, '集装箱管理', 2, 'com.ruoyi.web.controller.container.BContainerController.edit()', 'PUT', 1, 'admin', NULL, '/container/container', '127.0.0.1', '内网IP', '{\"cabinId\":1,\"containerId\":1,\"containerLatitude\":\"\",\"containerLocation\":\"在船\",\"containerLongitude\":\"\",\"containerStatus\":\"空\",\"containerType\":\"干货集装箱\",\"currentVolume\":0.0,\"currentWeight\":0.0,\"maxVolume\":67.7,\"maxWeight\":27600.0,\"params\":{},\"shipId\":1}', '{\"msg\":\"操作成功\",\"code\":200}', 0, NULL, '2024-01-18 15:53:48', 3);
INSERT INTO `sys_oper_log` VALUES (588, '集装箱管理', 2, 'com.ruoyi.web.controller.container.BContainerController.edit()', 'PUT', 1, 'admin', NULL, '/container/container', '127.0.0.1', '内网IP', '{\"cabinId\":1,\"containerId\":1,\"containerLatitude\":\"\",\"containerLocation\":\"在船\",\"containerLongitude\":\"\",\"containerStatus\":\"空\",\"containerType\":\"干货集装箱\",\"currentVolume\":0.0,\"currentWeight\":0.0,\"maxVolume\":67.7,\"maxWeight\":27600.0,\"params\":{},\"shipId\":1}', '{\"msg\":\"操作成功\",\"code\":200}', 0, NULL, '2024-01-18 15:53:56', 3);
INSERT INTO `sys_oper_log` VALUES (589, '集装箱管理', 2, 'com.ruoyi.web.controller.container.BContainerController.edit()', 'PUT', 1, 'admin', NULL, '/container/container', '127.0.0.1', '内网IP', '{\"cabinId\":1,\"containerId\":1,\"containerLatitude\":\"\",\"containerLocation\":\"在船\",\"containerLongitude\":\"\",\"containerStatus\":\"空\",\"containerType\":\"干货集装箱\",\"currentVolume\":0.0,\"currentWeight\":0.0,\"maxVolume\":67.7,\"maxWeight\":27600.0,\"params\":{},\"shipId\":1}', '{\"msg\":\"操作成功\",\"code\":200}', 0, NULL, '2024-01-18 15:54:04', 4);
INSERT INTO `sys_oper_log` VALUES (590, '集装箱管理', 2, 'com.ruoyi.web.controller.container.BContainerController.edit()', 'PUT', 1, 'admin', NULL, '/container/container', '127.0.0.1', '内网IP', '{\"cabinId\":1,\"containerHumidity\":1,\"containerId\":1,\"containerLatitude\":\"\",\"containerLocation\":\"在船\",\"containerLongitude\":\"\",\"containerStatus\":\"空\",\"containerTemperature\":2,\"containerType\":\"干货集装箱\",\"currentVolume\":0.0,\"currentWeight\":0.0,\"maxVolume\":67.7,\"maxWeight\":27600.0,\"params\":{},\"shipId\":1}', '{\"msg\":\"操作成功\",\"code\":200}', 0, NULL, '2024-01-18 15:54:14', 10);
INSERT INTO `sys_oper_log` VALUES (591, '集装箱管理', 2, 'com.ruoyi.web.controller.container.BContainerController.edit()', 'PUT', 1, 'admin', NULL, '/container/container', '127.0.0.1', '内网IP', '{\"cabinId\":1,\"containerId\":1,\"containerLatitude\":\"\",\"containerLocation\":\"在船\",\"containerLongitude\":\"\",\"containerStatus\":\"空\",\"containerType\":\"干货集装箱\",\"currentVolume\":0.0,\"currentWeight\":0.0,\"maxVolume\":67.7,\"maxWeight\":27600.0,\"params\":{},\"shipId\":1}', '{\"msg\":\"操作成功\",\"code\":200}', 0, NULL, '2024-01-18 15:54:25', 3);
INSERT INTO `sys_oper_log` VALUES (592, '集装箱管理', 2, 'com.ruoyi.web.controller.container.BContainerController.edit()', 'PUT', 1, 'admin', NULL, '/container/container', '127.0.0.1', '内网IP', '{\"cabinId\":1,\"containerHumidity\":0,\"containerId\":1,\"containerLatitude\":\"\",\"containerLocation\":\"在船\",\"containerLongitude\":\"\",\"containerStatus\":\"空\",\"containerTemperature\":0,\"containerType\":\"干货集装箱\",\"currentVolume\":0.0,\"currentWeight\":0.0,\"maxVolume\":67.7,\"maxWeight\":27600.0,\"params\":{},\"shipId\":1}', '{\"msg\":\"操作成功\",\"code\":200}', 0, NULL, '2024-01-18 15:54:37', 8);
INSERT INTO `sys_oper_log` VALUES (593, '集装箱管理', 1, 'com.ruoyi.web.controller.container.BContainerController.add()', 'POST', 1, 'admin', NULL, '/container/container', '127.0.0.1', '内网IP', '{\"containerHumidity\":0,\"containerId\":2,\"containerLocation\":\"在港\",\"containerStatus\":\"空\",\"containerTemperature\":0,\"containerType\":\"干货集装箱\",\"currentVolume\":0.0,\"currentWeight\":0.0,\"maxVolume\":67.7,\"maxWeight\":27600.0,\"params\":{}}', '{\"msg\":\"操作成功\",\"code\":200}', 0, NULL, '2024-01-18 15:55:50', 16);
INSERT INTO `sys_oper_log` VALUES (594, '集装箱管理', 2, 'com.ruoyi.web.controller.container.BContainerController.edit()', 'PUT', 1, 'admin', NULL, '/container/container', '127.0.0.1', '内网IP', '{\"containerId\":2,\"containerLocation\":\"在港\",\"containerStatus\":\"空\",\"containerType\":\"干货集装箱\",\"currentVolume\":0.0,\"currentWeight\":0.0,\"maxVolume\":67.7,\"maxWeight\":27600.0,\"params\":{}}', '{\"msg\":\"操作成功\",\"code\":200}', 0, NULL, '2024-01-18 15:56:04', 2);
INSERT INTO `sys_oper_log` VALUES (595, '菜单管理', 1, 'com.ruoyi.web.controller.system.SysMenuController.add()', 'POST', 1, 'admin', NULL, '/system/menu', '127.0.0.1', '内网IP', '{\"children\":[],\"createBy\":\"admin\",\"icon\":\"date\",\"isCache\":\"0\",\"isFrame\":\"1\",\"menuName\":\"码头管理系统\",\"menuType\":\"M\",\"orderNum\":5,\"params\":{},\"parentId\":2039,\"path\":\" pier\",\"status\":\"0\",\"visible\":\"0\"}', '{\"msg\":\"操作成功\",\"code\":200}', 0, NULL, '2024-01-18 15:59:18', 17);
INSERT INTO `sys_oper_log` VALUES (596, '菜单管理', 1, 'com.ruoyi.web.controller.system.SysMenuController.add()', 'POST', 1, 'admin', NULL, '/system/menu', '127.0.0.1', '内网IP', '{\"children\":[],\"component\":\"portcontainer\",\"createBy\":\"admin\",\"icon\":\"date\",\"isCache\":\"1\",\"isFrame\":\"1\",\"menuName\":\"在港集装箱\",\"menuType\":\"C\",\"orderNum\":0,\"params\":{},\"parentId\":2068,\"path\":\"portcontainer\",\"status\":\"0\",\"visible\":\"0\"}', '{\"msg\":\"操作成功\",\"code\":200}', 0, NULL, '2024-01-18 15:59:54', 11);
INSERT INTO `sys_oper_log` VALUES (597, '菜单管理', 1, 'com.ruoyi.web.controller.system.SysMenuController.add()', 'POST', 1, 'admin', NULL, '/system/menu', '127.0.0.1', '内网IP', '{\"children\":[],\"component\":\"shipcontainer\",\"createBy\":\"admin\",\"icon\":\"date\",\"isCache\":\"1\",\"isFrame\":\"1\",\"menuName\":\"在船集装箱\",\"menuType\":\"C\",\"orderNum\":0,\"params\":{},\"parentId\":2059,\"path\":\"shipcontainer\",\"status\":\"0\",\"visible\":\"0\"}', '{\"msg\":\"操作成功\",\"code\":200}', 0, NULL, '2024-01-18 16:57:29', 29);
INSERT INTO `sys_oper_log` VALUES (598, '集装箱管理', 2, 'com.ruoyi.web.controller.container.BContainerController.edit()', 'PUT', 1, 'admin', NULL, '/container/container', '127.0.0.1', '内网IP', '{\"containerHumidity\":0,\"containerId\":2,\"containerLocation\":\"在港\",\"containerStatus\":\"未装配\",\"containerTemperature\":0,\"containerType\":\"干货集装箱\",\"currentVolume\":0.0,\"currentWeight\":0.0,\"maxVolume\":67.7,\"maxWeight\":27600.0,\"params\":{}}', '{\"msg\":\"操作成功\",\"code\":200}', 0, NULL, '2024-01-18 17:12:02', 15);
INSERT INTO `sys_oper_log` VALUES (599, '集装箱管理', 2, 'com.ruoyi.web.controller.container.BContainerController.edit()', 'PUT', 1, 'admin', NULL, '/container/container', '127.0.0.1', '内网IP', '{\"cabinId\":1,\"containerHumidity\":0,\"containerId\":1,\"containerLatitude\":\"\",\"containerLocation\":\"在船\",\"containerLongitude\":\"\",\"containerStatus\":\"未装配\",\"containerTemperature\":0,\"containerType\":\"干货集装箱\",\"currentVolume\":0.0,\"currentWeight\":0.0,\"maxVolume\":67.7,\"maxWeight\":27600.0,\"params\":{},\"shipId\":1}', '{\"msg\":\"操作成功\",\"code\":200}', 0, NULL, '2024-01-18 17:12:12', 7);
INSERT INTO `sys_oper_log` VALUES (600, '菜单管理', 2, 'com.ruoyi.web.controller.system.SysMenuController.edit()', 'PUT', 1, 'admin', NULL, '/system/menu', '127.0.0.1', '内网IP', '{\"children\":[],\"component\":\"findroad\",\"createTime\":\"2023-12-24 13:33:05\",\"icon\":\"component\",\"isCache\":\"1\",\"isFrame\":\"0\",\"menuId\":2053,\"menuName\":\"货车货堆寻址\",\"menuType\":\"C\",\"orderNum\":1,\"params\":{},\"parentId\":2046,\"path\":\"http://8.130.41.217:5245/dataroom/index.html#/bigscreen/preview?code=bigScreen_IAnc3lKPLr\",\"perms\":\"\",\"status\":\"0\",\"updateBy\":\"admin\",\"visible\":\"0\"}', '{\"msg\":\"操作成功\",\"code\":200}', 0, NULL, '2024-01-18 17:22:33', 11);
INSERT INTO `sys_oper_log` VALUES (601, '货物管理', 1, 'com.ruoyi.web.controller.cargoinfo.BCargoController.add()', 'POST', 1, 'admin', NULL, '/cargoinfo/cargoinfo', '127.0.0.1', '内网IP', '{\"cargoId\":45,\"cargoImage\":\"/profile/upload/2024/01/18/液晶电视_20240118175438A001.png\",\"cargoName\":\"液晶电视\",\"cargoVolume\":10.0,\"cargoWeight\":2000.0,\"params\":{}}', '{\"msg\":\"操作成功\",\"code\":200}', 0, NULL, '2024-01-18 17:54:43', 9);
INSERT INTO `sys_oper_log` VALUES (602, '货物管理', 2, 'com.ruoyi.web.controller.cargoinfo.BCargoController.edit()', 'PUT', 1, 'admin', NULL, '/cargoinfo/cargoinfo', '127.0.0.1', '内网IP', '{\"cargoId\":45,\"cargoImage\":\"/profile/upload/2024/01/18/液晶电视_20240118175438A001.png\",\"cargoName\":\"液晶电视\",\"cargoStatus\":\"未分配\",\"cargoType\":\"电器\",\"cargoVolume\":10.0,\"cargoWeight\":2000.0,\"params\":{}}', '{\"msg\":\"操作成功\",\"code\":200}', 0, NULL, '2024-01-18 17:57:27', 4);
INSERT INTO `sys_oper_log` VALUES (603, '货物管理', 2, 'com.ruoyi.web.controller.cargoinfo.BCargoController.edit()', 'PUT', 1, 'admin', NULL, '/cargoinfo/cargoinfo', '127.0.0.1', '内网IP', '{\"cargoId\":45,\"cargoImage\":\"/profile/upload/2024/01/18/液晶电视_20240118175438A001.png\",\"cargoName\":\"液晶电视\",\"cargoStatus\":\"未分配\",\"cargoType\":\"电器\",\"cargoVolume\":10.0,\"cargoWeight\":2000.0,\"params\":{},\"userId\":\"ogj5Q6VEG1HHJMqTEebwUtIPlGBs\"}', '{\"msg\":\"操作成功\",\"code\":200}', 0, NULL, '2024-01-18 17:57:42', 4);
INSERT INTO `sys_oper_log` VALUES (604, '货物管理', 1, 'com.ruoyi.web.controller.cargoinfo.BCargoController.add()', 'POST', 1, 'admin', NULL, '/cargoinfo/cargoinfo', '127.0.0.1', '内网IP', '{\"cargoId\":46,\"cargoImage\":\"/profile/upload/2024/01/18/空调_20240118180122A002.png\",\"cargoName\":\"空调\",\"cargoStatus\":\"未分配\",\"cargoType\":\"电器\",\"cargoVolume\":30.0,\"cargoWeight\":4000.0,\"params\":{},\"userId\":\"ogj5Q6VEG1HHJMqTEebwUtIPlGBs\"}', '{\"msg\":\"操作成功\",\"code\":200}', 0, NULL, '2024-01-18 18:01:23', 5);
INSERT INTO `sys_oper_log` VALUES (605, '货物管理', 2, 'com.ruoyi.web.controller.cargoinfo.BCargoController.edit()', 'PUT', 1, 'admin', NULL, '/cargoinfo/cargoinfo', '127.0.0.1', '内网IP', '{\"cargoId\":46,\"cargoImage\":\"/profile/upload/2024/01/18/空调_20240118180211A003.png\",\"cargoName\":\"空调\",\"cargoStatus\":\"未分配\",\"cargoType\":\"电器\",\"cargoVolume\":30.0,\"cargoWeight\":4000.0,\"params\":{},\"userId\":\"ogj5Q6VEG1HHJMqTEebwUtIPlGBs\"}', '{\"msg\":\"操作成功\",\"code\":200}', 0, NULL, '2024-01-18 18:02:12', 10);
INSERT INTO `sys_oper_log` VALUES (606, '货物管理', 2, 'com.ruoyi.web.controller.cargoinfo.BCargoController.edit()', 'PUT', 1, 'admin', NULL, '/cargoinfo/cargoinfo', '127.0.0.1', '内网IP', '{\"cargoId\":46,\"cargoImage\":\"/profile/upload/2024/01/18/空调_20240118180239A004.png\",\"cargoName\":\"空调\",\"cargoStatus\":\"未分配\",\"cargoType\":\"电器\",\"cargoVolume\":30.0,\"cargoWeight\":4000.0,\"params\":{},\"userId\":\"ogj5Q6VEG1HHJMqTEebwUtIPlGBs\"}', '{\"msg\":\"操作成功\",\"code\":200}', 0, NULL, '2024-01-18 18:02:40', 4);
INSERT INTO `sys_oper_log` VALUES (607, '货物管理', 1, 'com.ruoyi.web.controller.cargoinfo.BCargoController.add()', 'POST', 1, 'admin', NULL, '/cargoinfo/cargoinfo', '127.0.0.1', '内网IP', '{\"cargoId\":47,\"cargoImage\":\"/profile/upload/2024/01/18/电脑_20240118180621A005.jpg\",\"cargoName\":\"电脑\",\"cargoStatus\":\"未分配\",\"cargoType\":\"家电\",\"cargoVolume\":60.0,\"cargoWeight\":3000.0,\"params\":{},\"userId\":\"ogj5Q6VEG1HHJMqTEebwUtIPlGBs\"}', '{\"msg\":\"操作成功\",\"code\":200}', 0, NULL, '2024-01-18 18:06:22', 9);
INSERT INTO `sys_oper_log` VALUES (608, '集装箱管理', 2, 'com.ruoyi.web.controller.container.BContainerController.edit()', 'PUT', 1, 'admin', NULL, '/container/container', '127.0.0.1', '内网IP', '{\"containerHumidity\":0,\"containerId\":2,\"containerImage\":\"/profile/upload/2024/01/18/干货集装箱1_20240118181133A006.jpg\",\"containerLocation\":\"在港\",\"containerStatus\":\"未装配\",\"containerTemperature\":0,\"containerType\":\"干货集装箱\",\"currentVolume\":0.0,\"currentWeight\":0.0,\"maxVolume\":67.7,\"maxWeight\":27600.0,\"params\":{}}', '{\"msg\":\"操作成功\",\"code\":200}', 0, NULL, '2024-01-18 18:11:33', 4);
INSERT INTO `sys_oper_log` VALUES (609, '集装箱管理', 1, 'com.ruoyi.web.controller.container.BContainerController.add1()', 'POST', 1, 'admin', NULL, '/container/container/port', '127.0.0.1', '内网IP', '{\"containerId\":3,\"containerImage\":\"/profile/upload/2024/01/18/干货集装箱2_20240118181307A007.jpg\",\"containerLocation\":\"在港\",\"containerStatus\":\"未装配\",\"containerType\":\"干货集装箱\",\"currentVolume\":0.0,\"currentWeight\":0.0,\"maxVolume\":67.7,\"maxWeight\":27600.0,\"params\":{}}', '{\"msg\":\"操作成功\",\"code\":200}', 0, NULL, '2024-01-18 18:13:09', 10);
INSERT INTO `sys_oper_log` VALUES (610, '集装箱管理', 1, 'com.ruoyi.web.controller.container.BContainerController.add1()', 'POST', 1, 'admin', NULL, '/container/container/port', '127.0.0.1', '内网IP', '{\"containerId\":4,\"containerImage\":\"/profile/upload/2024/01/18/干货集装箱3_20240118181423A008.jpg\",\"containerLocation\":\"在港\",\"containerStatus\":\"未装配\",\"containerType\":\"干货集装箱\",\"currentVolume\":0.0,\"currentWeight\":0.0,\"maxVolume\":67.7,\"maxWeight\":27600.0,\"params\":{}}', '{\"msg\":\"操作成功\",\"code\":200}', 0, NULL, '2024-01-18 18:14:24', 5);
INSERT INTO `sys_oper_log` VALUES (611, '集装箱管理', 1, 'com.ruoyi.web.controller.container.BContainerController.add1()', 'POST', 1, 'admin', NULL, '/container/container/port', '127.0.0.1', '内网IP', '{\"containerId\":5,\"containerImage\":\"/profile/upload/2024/01/18/冷藏集装箱1_20240118181615A009.jpg\",\"containerLocation\":\"在港\",\"containerType\":\"冷藏集装箱\",\"currentVolume\":0.0,\"currentWeight\":0.0,\"maxVolume\":33.0,\"maxWeight\":24000.0,\"params\":{}}', '{\"msg\":\"操作成功\",\"code\":200}', 0, NULL, '2024-01-18 18:16:17', 4);
INSERT INTO `sys_oper_log` VALUES (612, '集装箱管理', 2, 'com.ruoyi.web.controller.container.BContainerController.edit()', 'PUT', 1, 'admin', NULL, '/container/container', '127.0.0.1', '内网IP', '{\"containerId\":5,\"containerImage\":\"/profile/upload/2024/01/18/冷藏集装箱1_20240118181615A009.jpg\",\"containerLocation\":\"在港\",\"containerStatus\":\"未装配\",\"containerType\":\"冷藏集装箱\",\"currentVolume\":0.0,\"currentWeight\":0.0,\"maxVolume\":33.0,\"maxWeight\":24000.0,\"params\":{}}', '{\"msg\":\"操作成功\",\"code\":200}', 0, NULL, '2024-01-18 18:16:28', 6);
INSERT INTO `sys_oper_log` VALUES (613, '集装箱管理', 2, 'com.ruoyi.web.controller.container.BContainerController.edit()', 'PUT', 1, 'admin', NULL, '/container/container', '127.0.0.1', '内网IP', '{\"cabinId\":1,\"containerHumidity\":0,\"containerId\":1,\"containerImage\":\"/profile/upload/2024/01/18/干货集装箱2_20240118181731A010.jpg\",\"containerLatitude\":\"\",\"containerLocation\":\"在船\",\"containerLongitude\":\"\",\"containerStatus\":\"未装配\",\"containerTemperature\":0,\"containerType\":\"干货集装箱\",\"currentVolume\":0.0,\"currentWeight\":0.0,\"maxVolume\":67.7,\"maxWeight\":27600.0,\"params\":{},\"shipId\":1}', '{\"msg\":\"操作成功\",\"code\":200}', 0, NULL, '2024-01-18 18:17:32', 8);
INSERT INTO `sys_oper_log` VALUES (614, '集装箱管理', 1, 'com.ruoyi.web.controller.container.BContainerController.add1()', 'POST', 1, 'admin', NULL, '/container/container/port', '127.0.0.1', '内网IP', '{\"containerId\":6,\"containerImage\":\"/profile/upload/2024/01/18/冷藏集装箱2_20240118181847A011.jpg\",\"containerLocation\":\"在港\",\"containerStatus\":\"未装配\",\"containerType\":\"冷藏集装箱\",\"currentVolume\":0.0,\"currentWeight\":0.0,\"maxVolume\":33.0,\"maxWeight\":24000.0,\"params\":{}}', '{\"msg\":\"操作成功\",\"code\":200}', 0, NULL, '2024-01-18 18:18:49', 7);
INSERT INTO `sys_oper_log` VALUES (615, '集装箱管理', 1, 'com.ruoyi.web.controller.container.BContainerController.add1()', 'POST', 1, 'admin', NULL, '/container/container/port', '127.0.0.1', '内网IP', '{\"containerId\":7,\"containerImage\":\"/profile/upload/2024/01/18/开顶集装箱_20240118182042A012.jpg\",\"containerLocation\":\"在港\",\"containerStatus\":\"未装配\",\"containerType\":\"开顶集装箱\",\"currentVolume\":0.0,\"currentWeight\":0.0,\"maxVolume\":66.4,\"maxWeight\":26630.0,\"params\":{}}', '{\"msg\":\"操作成功\",\"code\":200}', 0, NULL, '2024-01-18 18:20:45', 9);
INSERT INTO `sys_oper_log` VALUES (616, '货物管理', 2, 'com.ruoyi.web.controller.cargoinfo.BCargoController.edit()', 'PUT', 1, 'admin', NULL, '/cargoinfo/cargoinfo', '127.0.0.1', '内网IP', '{\"cargoId\":32,\"cargoImage\":\"/profile/upload/2024/01/16/冰箱_20240116092200A001.png\",\"cargoName\":\"冰箱\",\"cargoStatus\":\"未分配\",\"cargoType\":\"机械,设备,电器\",\"cargoVolume\":40.0,\"cargoWeight\":3000.0,\"params\":{},\"userId\":\"ogj5Q6VEG1HHJMqTEebwUtIPlGBs\"}', '{\"msg\":\"操作成功\",\"code\":200}', 0, NULL, '2024-01-18 18:29:07', 8);
INSERT INTO `sys_oper_log` VALUES (617, '货物管理', 2, 'com.ruoyi.web.controller.cargoinfo.BCargoController.edit()', 'PUT', 1, 'admin', NULL, '/cargoinfo/cargoinfo', '127.0.0.1', '内网IP', '{\"cargoId\":45,\"cargoImage\":\"/profile/upload/2024/01/18/液晶电视_20240118175438A001.png\",\"cargoName\":\"液晶电视\",\"cargoStatus\":\"未分配\",\"cargoType\":\"电器\",\"cargoVolume\":30.0,\"cargoWeight\":2000.0,\"params\":{},\"userId\":\"ogj5Q6VEG1HHJMqTEebwUtIPlGBs\"}', '{\"msg\":\"操作成功\",\"code\":200}', 0, NULL, '2024-01-18 18:29:23', 3);
INSERT INTO `sys_oper_log` VALUES (618, '货物管理', 2, 'com.ruoyi.web.controller.cargoinfo.BCargoController.edit()', 'PUT', 1, 'admin', NULL, '/cargoinfo/cargoinfo', '127.0.0.1', '内网IP', '{\"cargoId\":46,\"cargoImage\":\"/profile/upload/2024/01/18/空调_20240118180239A004.png\",\"cargoName\":\"空调\",\"cargoStatus\":\"未分配\",\"cargoType\":\"电器\",\"cargoVolume\":50.0,\"cargoWeight\":4000.0,\"params\":{},\"userId\":\"ogj5Q6VEG1HHJMqTEebwUtIPlGBs\"}', '{\"msg\":\"操作成功\",\"code\":200}', 0, NULL, '2024-01-18 18:29:29', 7);
INSERT INTO `sys_oper_log` VALUES (619, '货物管理', 1, 'com.ruoyi.web.controller.cargoinfo.BCargoController.add()', 'POST', 1, 'admin', NULL, '/cargoinfo/cargoinfo', '127.0.0.1', '内网IP', '{\"cargoId\":48,\"cargoImage\":\"/profile/upload/2024/01/18/西瓜_20240118183744A013.jpg\",\"cargoName\":\"西瓜\",\"cargoStatus\":\"we未分配\",\"cargoType\":\"冷冻冷藏货物\",\"cargoVolume\":10.0,\"cargoWeight\":3000.0,\"params\":{}}', '{\"msg\":\"操作成功\",\"code\":200}', 0, NULL, '2024-01-18 18:37:47', 4);
INSERT INTO `sys_oper_log` VALUES (620, '货物管理', 2, 'com.ruoyi.web.controller.cargoinfo.BCargoController.edit()', 'PUT', 1, 'admin', NULL, '/cargoinfo/cargoinfo', '127.0.0.1', '内网IP', '{\"cargoId\":48,\"cargoImage\":\"/profile/upload/2024/01/18/西瓜_20240118183744A013.jpg\",\"cargoName\":\"西瓜\",\"cargoStatus\":\"we未分配\",\"cargoType\":\"冷冻冷藏货物\",\"cargoVolume\":10.0,\"cargoWeight\":3000.0,\"params\":{},\"userId\":\"ogj5Q6VEG1HHJMqTEebwUtIPlGBs\"}', '{\"msg\":\"操作成功\",\"code\":200}', 0, NULL, '2024-01-18 18:37:52', 9);
INSERT INTO `sys_oper_log` VALUES (621, '货物管理', 2, 'com.ruoyi.web.controller.cargoinfo.BCargoController.edit()', 'PUT', 1, 'admin', NULL, '/cargoinfo/cargoinfo', '127.0.0.1', '内网IP', '{\"cargoId\":48,\"cargoImage\":\"/profile/upload/2024/01/18/西瓜_20240118183744A013.jpg\",\"cargoName\":\"西瓜\",\"cargoStatus\":\"未分配\",\"cargoType\":\"冷冻冷藏货物\",\"cargoVolume\":10.0,\"cargoWeight\":3000.0,\"params\":{},\"userId\":\"ogj5Q6VEG1HHJMqTEebwUtIPlGBs\"}', '{\"msg\":\"操作成功\",\"code\":200}', 0, NULL, '2024-01-18 18:38:26', 10);
INSERT INTO `sys_oper_log` VALUES (622, '货物管理', 2, 'com.ruoyi.web.controller.cargoinfo.BCargoController.edit()', 'PUT', 1, 'admin', NULL, '/cargoinfo/cargoinfo', '127.0.0.1', '内网IP', '{\"cargoId\":48,\"cargoImage\":\"/profile/upload/2024/01/18/西瓜_20240118183744A013.jpg\",\"cargoName\":\"西瓜\",\"cargoStatus\":\"未分配\",\"cargoType\":\"冷冻冷藏货物\",\"cargoVolume\":30.0,\"cargoWeight\":3000.0,\"params\":{},\"userId\":\"ogj5Q6VEG1HHJMqTEebwUtIPlGBs\"}', '{\"msg\":\"操作成功\",\"code\":200}', 0, NULL, '2024-01-18 18:38:50', 8);
INSERT INTO `sys_oper_log` VALUES (623, '货物管理', 1, 'com.ruoyi.web.controller.cargoinfo.BCargoController.add()', 'POST', 1, 'admin', NULL, '/cargoinfo/cargoinfo', '127.0.0.1', '内网IP', '{\"cargoId\":49,\"cargoImage\":\"/profile/upload/2024/01/18/哈密瓜_20240118184020A014.jpg\",\"cargoName\":\"哈密瓜\",\"cargoStatus\":\"未分配\",\"cargoType\":\"冷冻冷藏货物\",\"cargoVolume\":50.0,\"cargoWeight\":4000.0,\"params\":{}}', '{\"msg\":\"操作成功\",\"code\":200}', 0, NULL, '2024-01-18 18:40:21', 4);
INSERT INTO `sys_oper_log` VALUES (624, '货物管理', 2, 'com.ruoyi.web.controller.cargoinfo.BCargoController.edit()', 'PUT', 1, 'admin', NULL, '/cargoinfo/cargoinfo', '127.0.0.1', '内网IP', '{\"cargoId\":49,\"cargoImage\":\"/profile/upload/2024/01/18/哈密瓜_20240118184020A014.jpg\",\"cargoName\":\"哈密瓜\",\"cargoStatus\":\"未分配\",\"cargoType\":\"冷冻冷藏货物\",\"cargoVolume\":50.0,\"cargoWeight\":4000.0,\"params\":{},\"userId\":\"ogj5Q6VEG1HHJMqTEebwUtIPlGBs\"}', '{\"msg\":\"操作成功\",\"code\":200}', 0, NULL, '2024-01-18 18:40:36', 8);
INSERT INTO `sys_oper_log` VALUES (625, '货物管理', 1, 'com.ruoyi.web.controller.cargoinfo.BCargoController.add()', 'POST', 1, 'admin', NULL, '/cargoinfo/cargoinfo', '127.0.0.1', '内网IP', '{\"cargoId\":50,\"cargoImage\":\"/profile/upload/2024/01/18/钢材_20240118184615A015.jpg\",\"cargoName\":\"钢材\",\"cargoStatus\":\"未分配\",\"cargoType\":\"钢铁\",\"cargoVolume\":120.0,\"cargoWeight\":5000.0,\"params\":{}}', '{\"msg\":\"操作成功\",\"code\":200}', 0, NULL, '2024-01-18 18:46:17', 9);
INSERT INTO `sys_oper_log` VALUES (626, '货物管理', 2, 'com.ruoyi.web.controller.cargoinfo.BCargoController.edit()', 'PUT', 1, 'admin', NULL, '/cargoinfo/cargoinfo', '127.0.0.1', '内网IP', '{\"cargoId\":50,\"cargoImage\":\"/profile/upload/2024/01/18/钢材_20240118184615A015.jpg\",\"cargoName\":\"钢材\",\"cargoStatus\":\"未分配\",\"cargoType\":\"钢铁\",\"cargoVolume\":120.0,\"cargoWeight\":5000.0,\"params\":{},\"userId\":\"ogj5Q6VEG1HHJMqTEebwUtIPlGBs\"}', '{\"msg\":\"操作成功\",\"code\":200}', 0, NULL, '2024-01-18 18:46:34', 7);
INSERT INTO `sys_oper_log` VALUES (627, '船舶管理', 3, 'com.ruoyi.web.controller.ship.BShipController.remove()', 'DELETE', 1, 'admin', NULL, '/ship/ship/10', '127.0.0.1', '内网IP', '{}', '{\"msg\":\"操作成功\",\"code\":200}', 0, NULL, '2024-01-18 21:04:56', 8);
INSERT INTO `sys_oper_log` VALUES (628, '船舶管理', 2, 'com.ruoyi.web.controller.ship.BShipController.edit()', 'PUT', 1, 'admin', NULL, '/ship/ship', '127.0.0.1', '内网IP', '{\"companyId\":1,\"params\":{},\"shipBox\":\"4000\",\"shipCallsign\":\"1234567\",\"shipDraft\":12,\"shipId\":1,\"shipImage\":\"/profile/upload/2024/01/16/冰箱_20240116103359A001.png\",\"shipImo\":\"ABC1234\",\"shipMmsi\":\"123456789\",\"shipName\":\"复兴号\",\"shipNationality\":\"中国\",\"shipNetweight\":20,\"shipPortofregistry\":\"上海\",\"shipType\":\"集装箱货轮\",\"shipWeight\":32}', '{\"msg\":\"操作成功\",\"code\":200}', 0, NULL, '2024-01-18 21:10:32', 11);
INSERT INTO `sys_oper_log` VALUES (629, '船舶管理', 2, 'com.ruoyi.web.controller.ship.BShipController.edit()', 'PUT', 1, 'admin', NULL, '/ship/ship', '127.0.0.1', '内网IP', '{\"companyId\":1,\"params\":{},\"shipBox\":\"4000\",\"shipCallsign\":\"1234567\",\"shipDraft\":12,\"shipId\":1,\"shipImage\":\"/profile/upload/2024/01/18/集装箱_20240118211119A016.jpg\",\"shipImo\":\"ABC1234\",\"shipLength\":1,\"shipMmsi\":\"123456789\",\"shipName\":\"复兴号\",\"shipNationality\":\"中国\",\"shipNetweight\":20,\"shipPortofregistry\":\"上海\",\"shipType\":\"集装箱货轮\",\"shipWeight\":32}', '{\"msg\":\"操作成功\",\"code\":200}', 0, NULL, '2024-01-18 21:11:20', 10);
INSERT INTO `sys_oper_log` VALUES (630, '船舶管理', 2, 'com.ruoyi.web.controller.ship.BShipController.edit()', 'PUT', 1, 'admin', NULL, '/ship/ship', '127.0.0.1', '内网IP', '{\"companyId\":1,\"params\":{},\"shipBox\":\"4000\",\"shipCallsign\":\"1234567\",\"shipDraft\":12,\"shipId\":1,\"shipImage\":\"/profile/upload/2024/01/18/集装箱_20240118211119A016.jpg\",\"shipImo\":\"ABC1234\",\"shipLength\":1,\"shipMmsi\":\"123456789\",\"shipName\":\"复兴号\",\"shipNationality\":\"中国\",\"shipNetweight\":20,\"shipPortofregistry\":\"上海\",\"shipType\":\"集装箱货轮\",\"shipWeight\":32}', '{\"msg\":\"操作成功\",\"code\":200}', 0, NULL, '2024-01-18 21:11:49', 2);
INSERT INTO `sys_oper_log` VALUES (631, '船舶管理', 2, 'com.ruoyi.web.controller.ship.BShipController.edit()', 'PUT', 1, 'admin', NULL, '/ship/ship', '127.0.0.1', '内网IP', '{\"companyId\":1,\"params\":{},\"shipBox\":\"4000\",\"shipCallsign\":\"1234567\",\"shipDraft\":12,\"shipId\":1,\"shipImage\":\"/profile/upload/2024/01/18/集装箱_20240118211119A016.jpg\",\"shipImo\":\"ABC1234\",\"shipLength\":\"xxx\",\"shipMmsi\":\"123456789\",\"shipName\":\"复兴号\",\"shipNationality\":\"中国\",\"shipNetweight\":20,\"shipPortofregistry\":\"上海\",\"shipType\":\"集装箱货轮\",\"shipWeight\":32}', '{\"msg\":\"操作成功\",\"code\":200}', 0, NULL, '2024-01-18 21:13:21', 21);
INSERT INTO `sys_oper_log` VALUES (632, '代码生成', 6, 'com.ruoyi.generator.controller.GenController.importTableSave()', 'POST', 1, 'admin', NULL, '/tool/gen/importTable', '127.0.0.1', '内网IP', '{\"tables\":\"b_allocation\"}', '{\"msg\":\"操作成功\",\"code\":200}', 0, NULL, '2024-01-19 09:40:25', 59);
INSERT INTO `sys_oper_log` VALUES (633, '代码生成', 2, 'com.ruoyi.generator.controller.GenController.editSave()', 'PUT', 1, 'admin', NULL, '/tool/gen', '127.0.0.1', '内网IP', '{\"businessName\":\"allocation\",\"className\":\"BAllocation\",\"columns\":[{\"capJavaField\":\"AllocationId\",\"columnComment\":\"分配记录id\",\"columnId\":121,\"columnName\":\"allocation_id\",\"columnType\":\"int\",\"createBy\":\"admin\",\"createTime\":\"2024-01-19 09:40:25\",\"dictType\":\"\",\"edit\":false,\"htmlType\":\"input\",\"increment\":true,\"insert\":true,\"isIncrement\":\"1\",\"isInsert\":\"1\",\"isPk\":\"1\",\"javaField\":\"allocationId\",\"javaType\":\"Long\",\"list\":false,\"params\":{},\"pk\":true,\"query\":false,\"queryType\":\"EQ\",\"required\":false,\"sort\":1,\"superColumn\":false,\"tableId\":18,\"updateBy\":\"\",\"usableColumn\":false},{\"capJavaField\":\"ScheduleId\",\"columnComment\":\"航运计划id\",\"columnId\":122,\"columnName\":\"schedule_id\",\"columnType\":\"int\",\"createBy\":\"admin\",\"createTime\":\"2024-01-19 09:40:25\",\"dictType\":\"\",\"edit\":true,\"htmlType\":\"input\",\"increment\":false,\"insert\":true,\"isEdit\":\"1\",\"isIncrement\":\"0\",\"isInsert\":\"1\",\"isList\":\"1\",\"isPk\":\"0\",\"isQuery\":\"1\",\"javaField\":\"scheduleId\",\"javaType\":\"Long\",\"list\":true,\"params\":{},\"pk\":false,\"query\":true,\"queryType\":\"EQ\",\"required\":false,\"sort\":2,\"superColumn\":false,\"tableId\":18,\"updateBy\":\"\",\"usableColumn\":false},{\"capJavaField\":\"CargoId\",\"columnComment\":\"货物id\",\"columnId\":123,\"columnName\":\"cargo_id\",\"columnType\":\"int\",\"createBy\":\"admin\",\"createTime\":\"2024-01-19 09:40:25\",\"dictType\":\"\",\"edit\":true,\"htmlType\":\"input\",\"increment\":false,\"insert\":true,\"isEdit\":\"1\",\"isIncrement\":\"0\",\"isInsert\":\"1\",\"isList\":\"1\",\"isPk\":\"0\",\"isQuery\":\"1\",\"javaField\":\"cargoId\",\"javaType\":\"Long\",\"list\":true,\"params\":{},\"pk\":false,\"query\":true,\"queryType\":\"EQ\",\"required\":false,\"sort\":3,\"superColumn\":false,\"tableId\":18,\"updateBy\":\"\",\"usableColumn\":false},{\"capJavaField\":\"ContainerId\",\"columnComment\":\"集装箱id\",\"columnId\":124,\"columnName\":\"container_id\",\"columnType\":\"int\",\"createBy\":\"admin\",\"createTime\":\"2024-01-19 09:40:25\",\"dictType\":\"\",\"edit\":true,\"htmlType\":\"input\",\"increment\":false,\"insert\":true,\"isEdit\":\"1\",\"isIncrement\":\"0\",\"isInsert\":\"1\",\"isList\":\"1\",\"isPk\":\"0\",\"isQuery\":\"1\",\"javaField\":\"containerId\",\"javaType\":\"Long\",\"lis', '{\"msg\":\"操作成功\",\"code\":200}', 0, NULL, '2024-01-19 09:41:31', 26);
INSERT INTO `sys_oper_log` VALUES (634, '代码生成', 8, 'com.ruoyi.generator.controller.GenController.batchGenCode()', 'GET', 1, 'admin', NULL, '/tool/gen/batchGenCode', '127.0.0.1', '内网IP', '{\"tables\":\"b_allocation\"}', NULL, 0, NULL, '2024-01-19 09:43:47', 181);
INSERT INTO `sys_oper_log` VALUES (635, '菜单管理', 2, 'com.ruoyi.web.controller.system.SysMenuController.edit()', 'PUT', 1, 'admin', NULL, '/system/menu', '127.0.0.1', '内网IP', '{\"children\":[],\"component\":\"allocation\",\"createTime\":\"2023-12-16 14:23:12\",\"icon\":\"component\",\"isCache\":\"1\",\"isFrame\":\"1\",\"menuId\":2041,\"menuName\":\"货物分配\",\"menuType\":\"C\",\"orderNum\":1,\"params\":{},\"parentId\":2000,\"path\":\"allocation\",\"perms\":\"\",\"status\":\"0\",\"updateBy\":\"admin\",\"visible\":\"0\"}', '{\"msg\":\"操作成功\",\"code\":200}', 0, NULL, '2024-01-19 09:55:56', 9);
INSERT INTO `sys_oper_log` VALUES (636, '货物管理', 1, 'com.ruoyi.web.controller.cargoinfo.BCargoController.add()', 'POST', 1, 'admin', NULL, '/cargoinfo/cargoinfo', '127.0.0.1', '内网IP', '{\"cargoVolume\":null,\"cargoWeight\":null,\"params\":{}}', NULL, 1, '\r\n### Error updating database.  Cause: java.sql.SQLSyntaxErrorException: You have an error in your SQL syntax; check the manual that corresponds to your MySQL server version for the right syntax to use near \'\' at line 1\r\n### The error may exist in file [C:\\Users\\16789\\Desktop\\总文件\\项目\\Cargo-ship-carrying-visualization-platform-system\\cargo-cargoinfo\\target\\classes\\mapper\\cargoinfo\\BCargoMapper.xml]\r\n### The error may involve com.ruoyi.cargoinfo.mapper.BCargoMapper.insertBCargo-Inline\r\n### The error occurred while setting parameters\r\n### SQL: insert into b_cargo\r\n### Cause: java.sql.SQLSyntaxErrorException: You have an error in your SQL syntax; check the manual that corresponds to your MySQL server version for the right syntax to use near \'\' at line 1\n; bad SQL grammar []; nested exception is java.sql.SQLSyntaxErrorException: You have an error in your SQL syntax; check the manual that corresponds to your MySQL server version for the right syntax to use near \'\' at line 1', '2024-01-19 10:06:45', 71);
INSERT INTO `sys_oper_log` VALUES (637, '货物管理', 1, 'com.ruoyi.web.controller.cargoinfo.BCargoController.add()', 'POST', 1, 'admin', NULL, '/cargoinfo/cargoinfo', '127.0.0.1', '内网IP', '{\"cargoId\":51,\"cargoName\":\"2\",\"cargoVolume\":null,\"cargoWeight\":null,\"params\":{}}', '{\"msg\":\"操作成功\",\"code\":200}', 0, NULL, '2024-01-19 10:06:50', 12);
INSERT INTO `sys_oper_log` VALUES (638, '货物管理', 3, 'com.ruoyi.web.controller.cargoinfo.BCargoController.remove()', 'DELETE', 1, 'admin', NULL, '/cargoinfo/cargoinfo/51', '127.0.0.1', '内网IP', '{}', '{\"msg\":\"操作成功\",\"code\":200}', 0, NULL, '2024-01-19 10:06:54', 9);
INSERT INTO `sys_oper_log` VALUES (639, '航运计划', 1, 'com.ruoyi.web.controller.routeschedule.BRoutescheduleController.add1()', 'POST', 1, 'admin', NULL, '/routeschedule/routeschedule/add1', '127.0.0.1', '内网IP', '{\"estimatedDuration\":null,\"params\":{},\"routeDistance\":null,\"scheduleBox\":0,\"shipId\":4}', '{\"msg\":\"没有货轮信息\",\"code\":500}', 0, NULL, '2024-01-19 10:38:50', 15);
INSERT INTO `sys_oper_log` VALUES (640, '货物管理', 2, 'com.ruoyi.web.controller.cargoinfo.BCargoController.edit()', 'PUT', 1, 'admin', NULL, '/cargoinfo/cargoinfo', '127.0.0.1', '内网IP', '{\"cargoId\":32,\"cargoImage\":\"/profile/upload/2024/01/16/冰箱_20240116092200A001.png\",\"cargoName\":\"冰箱\",\"cargoStatus\":\"未分配\",\"cargoType\":\"电器\",\"cargoVolume\":40.0,\"cargoWeight\":3000.0,\"params\":{},\"userId\":\"ogj5Q6VEG1HHJMqTEebwUtIPlGBs\"}', '{\"msg\":\"操作成功\",\"code\":200}', 0, NULL, '2024-01-19 13:31:04', 23);
INSERT INTO `sys_oper_log` VALUES (641, '货物管理', 2, 'com.ruoyi.web.controller.cargoinfo.BCargoController.edit()', 'PUT', 1, 'admin', NULL, '/cargoinfo/cargoinfo', '127.0.0.1', '内网IP', '{\"cargoId\":47,\"cargoImage\":\"/profile/upload/2024/01/18/电脑_20240118180621A005.jpg\",\"cargoName\":\"电脑\",\"cargoStatus\":\"未分配\",\"cargoType\":\"家电\",\"cargoVolume\":60.0,\"cargoWeight\":3000.0,\"params\":{},\"userId\":\"ogj5Q6VEG1HHJMqTEebwUtIPlGBs\"}', '{\"msg\":\"操作成功\",\"code\":200}', 0, NULL, '2024-01-19 19:54:45', 33);
INSERT INTO `sys_oper_log` VALUES (642, '集装箱管理', 2, 'com.ruoyi.web.controller.container.BContainerController.edit()', 'PUT', 1, 'admin', NULL, '/container/container', '127.0.0.1', '内网IP', '{\"cabinId\":1,\"containerHumidity\":0,\"containerId\":1,\"containerImage\":\"/profile/upload/2024/01/18/干货集装箱2_20240118181731A010.jpg\",\"containerLatitude\":\"\",\"containerLocation\":\"连云港\",\"containerLongitude\":\"\",\"containerStatus\":\"未装配\",\"containerTemperature\":0,\"containerType\":\"干货集装箱\",\"currentVolume\":0.0,\"currentWeight\":0.0,\"maxVolume\":67.7,\"maxWeight\":27600.0,\"params\":{},\"shipId\":1}', '{\"msg\":\"操作成功\",\"code\":200}', 0, NULL, '2024-01-19 20:09:19', 29);
INSERT INTO `sys_oper_log` VALUES (643, '集装箱管理', 2, 'com.ruoyi.web.controller.container.BContainerController.edit()', 'PUT', 1, 'admin', NULL, '/container/container', '127.0.0.1', '内网IP', '{\"containerHumidity\":0,\"containerId\":2,\"containerImage\":\"/profile/upload/2024/01/18/干货集装箱1_20240118181133A006.jpg\",\"containerLocation\":\"连云港\",\"containerStatus\":\"未装配\",\"containerTemperature\":0,\"containerType\":\"干货集装箱\",\"currentVolume\":0.0,\"currentWeight\":0.0,\"maxVolume\":67.7,\"maxWeight\":27600.0,\"params\":{}}', '{\"msg\":\"操作成功\",\"code\":200}', 0, NULL, '2024-01-19 20:09:24', 9);
INSERT INTO `sys_oper_log` VALUES (644, '集装箱管理', 2, 'com.ruoyi.web.controller.container.BContainerController.edit()', 'PUT', 1, 'admin', NULL, '/container/container', '127.0.0.1', '内网IP', '{\"containerId\":3,\"containerImage\":\"/profile/upload/2024/01/18/干货集装箱2_20240118181307A007.jpg\",\"containerLocation\":\"连云港\",\"containerStatus\":\"未装配\",\"containerType\":\"干货集装箱\",\"currentVolume\":0.0,\"currentWeight\":0.0,\"maxVolume\":67.7,\"maxWeight\":27600.0,\"params\":{}}', '{\"msg\":\"操作成功\",\"code\":200}', 0, NULL, '2024-01-19 20:09:28', 6);
INSERT INTO `sys_oper_log` VALUES (645, '集装箱管理', 2, 'com.ruoyi.web.controller.container.BContainerController.edit()', 'PUT', 1, 'admin', NULL, '/container/container', '127.0.0.1', '内网IP', '{\"containerId\":4,\"containerImage\":\"/profile/upload/2024/01/18/干货集装箱3_20240118181423A008.jpg\",\"containerLocation\":\"连云港\",\"containerStatus\":\"未装配\",\"containerType\":\"干货集装箱\",\"currentVolume\":0.0,\"currentWeight\":0.0,\"maxVolume\":67.7,\"maxWeight\":27600.0,\"params\":{}}', '{\"msg\":\"操作成功\",\"code\":200}', 0, NULL, '2024-01-19 20:09:32', 7);
INSERT INTO `sys_oper_log` VALUES (646, '集装箱管理', 2, 'com.ruoyi.web.controller.container.BContainerController.edit()', 'PUT', 1, 'admin', NULL, '/container/container', '127.0.0.1', '内网IP', '{\"containerId\":5,\"containerImage\":\"/profile/upload/2024/01/18/冷藏集装箱1_20240118181615A009.jpg\",\"containerLocation\":\"连云港\",\"containerStatus\":\"未装配\",\"containerType\":\"冷藏集装箱\",\"currentVolume\":0.0,\"currentWeight\":0.0,\"maxVolume\":33.0,\"maxWeight\":24000.0,\"params\":{}}', '{\"msg\":\"操作成功\",\"code\":200}', 0, NULL, '2024-01-19 20:09:38', 5);
INSERT INTO `sys_oper_log` VALUES (647, '集装箱管理', 2, 'com.ruoyi.web.controller.container.BContainerController.edit()', 'PUT', 1, 'admin', NULL, '/container/container', '127.0.0.1', '内网IP', '{\"containerId\":6,\"containerImage\":\"/profile/upload/2024/01/18/冷藏集装箱2_20240118181847A011.jpg\",\"containerLocation\":\"连云港\",\"containerStatus\":\"未装配\",\"containerType\":\"冷藏集装箱\",\"currentVolume\":0.0,\"currentWeight\":0.0,\"maxVolume\":33.0,\"maxWeight\":24000.0,\"params\":{}}', '{\"msg\":\"操作成功\",\"code\":200}', 0, NULL, '2024-01-19 20:09:42', 8);
INSERT INTO `sys_oper_log` VALUES (648, '集装箱管理', 2, 'com.ruoyi.web.controller.container.BContainerController.edit()', 'PUT', 1, 'admin', NULL, '/container/container', '127.0.0.1', '内网IP', '{\"containerId\":7,\"containerImage\":\"/profile/upload/2024/01/18/开顶集装箱_20240118182042A012.jpg\",\"containerLocation\":\"连云港\",\"containerStatus\":\"未装配\",\"containerType\":\"开顶集装箱\",\"currentVolume\":0.0,\"currentWeight\":0.0,\"maxVolume\":66.4,\"maxWeight\":26630.0,\"params\":{}}', '{\"msg\":\"操作成功\",\"code\":200}', 0, NULL, '2024-01-19 20:09:46', 10);
INSERT INTO `sys_oper_log` VALUES (649, '代码生成', 6, 'com.ruoyi.generator.controller.GenController.importTableSave()', 'POST', 1, 'admin', NULL, '/tool/gen/importTable', '127.0.0.1', '内网IP', '{\"tables\":\"b_spacenote\"}', '{\"msg\":\"操作成功\",\"code\":200}', 0, NULL, '2024-01-19 21:14:05', 148);
INSERT INTO `sys_oper_log` VALUES (650, '代码生成', 2, 'com.ruoyi.generator.controller.GenController.editSave()', 'PUT', 1, 'admin', NULL, '/tool/gen', '127.0.0.1', '内网IP', '{\"businessName\":\"spacenote\",\"className\":\"BSpacenote\",\"columns\":[{\"capJavaField\":\"SpaceutilizationrateId\",\"columnComment\":\"集装箱空间利用率记录id\",\"columnId\":126,\"columnName\":\"spaceutilizationrate_id\",\"columnType\":\"int\",\"createBy\":\"admin\",\"createTime\":\"2024-01-19 21:14:05\",\"dictType\":\"\",\"edit\":false,\"htmlType\":\"input\",\"increment\":true,\"insert\":true,\"isIncrement\":\"1\",\"isInsert\":\"1\",\"isPk\":\"1\",\"javaField\":\"spaceutilizationrateId\",\"javaType\":\"Long\",\"list\":false,\"params\":{},\"pk\":true,\"query\":false,\"queryType\":\"EQ\",\"required\":false,\"sort\":1,\"superColumn\":false,\"tableId\":19,\"updateBy\":\"\",\"usableColumn\":false},{\"capJavaField\":\"ScheduleId\",\"columnComment\":\"航运计划id\",\"columnId\":127,\"columnName\":\"schedule_id\",\"columnType\":\"int\",\"createBy\":\"admin\",\"createTime\":\"2024-01-19 21:14:05\",\"dictType\":\"\",\"edit\":true,\"htmlType\":\"input\",\"increment\":false,\"insert\":true,\"isEdit\":\"1\",\"isIncrement\":\"0\",\"isInsert\":\"1\",\"isList\":\"1\",\"isPk\":\"0\",\"isQuery\":\"1\",\"javaField\":\"scheduleId\",\"javaType\":\"Long\",\"list\":true,\"params\":{},\"pk\":false,\"query\":true,\"queryType\":\"EQ\",\"required\":false,\"sort\":2,\"superColumn\":false,\"tableId\":19,\"updateBy\":\"\",\"usableColumn\":false},{\"capJavaField\":\"ContainerId\",\"columnComment\":\"集装箱id\",\"columnId\":128,\"columnName\":\"container_id\",\"columnType\":\"int\",\"createBy\":\"admin\",\"createTime\":\"2024-01-19 21:14:05\",\"dictType\":\"\",\"edit\":true,\"htmlType\":\"input\",\"increment\":false,\"insert\":true,\"isEdit\":\"1\",\"isIncrement\":\"0\",\"isInsert\":\"1\",\"isList\":\"1\",\"isPk\":\"0\",\"isQuery\":\"1\",\"javaField\":\"containerId\",\"javaType\":\"Long\",\"list\":true,\"params\":{},\"pk\":false,\"query\":true,\"queryType\":\"EQ\",\"required\":false,\"sort\":3,\"superColumn\":false,\"tableId\":19,\"updateBy\":\"\",\"usableColumn\":false},{\"capJavaField\":\"Rate\",\"columnComment\":\"空间利用率\",\"columnId\":129,\"columnName\":\"rate\",\"columnType\":\"varchar(255)\",\"createBy\":\"admin\",\"createTime\":\"2024-01-19 21:14:05\",\"dictType\":\"\",\"edit\":true,\"htmlType\":\"input\",\"increment\":false,\"insert\":true,\"isEdit\":\"1\",\"isIncrement\":\"0\",\"isInsert\":\"1\",\"isList\":\"1\",\"isPk\":\"0\",\"isQuery\":\"1\",\"javaFi', '{\"msg\":\"操作成功\",\"code\":200}', 0, NULL, '2024-01-19 21:15:00', 29);
INSERT INTO `sys_oper_log` VALUES (651, '菜单管理', 1, 'com.ruoyi.web.controller.system.SysMenuController.add()', 'POST', 1, 'admin', NULL, '/system/menu', '127.0.0.1', '内网IP', '{\"children\":[],\"component\":\"spacenote\",\"createBy\":\"admin\",\"icon\":\"date-range\",\"isCache\":\"1\",\"isFrame\":\"1\",\"menuName\":\"集装箱空间利用率\",\"menuType\":\"C\",\"orderNum\":4,\"params\":{},\"parentId\":2000,\"path\":\"spacenote\",\"status\":\"0\",\"visible\":\"0\"}', '{\"msg\":\"操作成功\",\"code\":200}', 0, NULL, '2024-01-19 21:15:44', 20);
INSERT INTO `sys_oper_log` VALUES (652, '代码生成', 2, 'com.ruoyi.generator.controller.GenController.editSave()', 'PUT', 1, 'admin', NULL, '/tool/gen', '127.0.0.1', '内网IP', '{\"businessName\":\"spacenote\",\"className\":\"BSpacenote\",\"columns\":[{\"capJavaField\":\"SpaceutilizationrateId\",\"columnComment\":\"集装箱空间利用率记录id\",\"columnId\":126,\"columnName\":\"spaceutilizationrate_id\",\"columnType\":\"int\",\"createBy\":\"admin\",\"createTime\":\"2024-01-19 21:14:05\",\"dictType\":\"\",\"edit\":false,\"htmlType\":\"input\",\"increment\":true,\"insert\":true,\"isIncrement\":\"1\",\"isInsert\":\"1\",\"isPk\":\"1\",\"javaField\":\"spaceutilizationrateId\",\"javaType\":\"Long\",\"list\":false,\"params\":{},\"pk\":true,\"query\":false,\"queryType\":\"EQ\",\"required\":false,\"sort\":1,\"superColumn\":false,\"tableId\":19,\"updateBy\":\"\",\"updateTime\":\"2024-01-19 21:15:00\",\"usableColumn\":false},{\"capJavaField\":\"ScheduleId\",\"columnComment\":\"航运计划id\",\"columnId\":127,\"columnName\":\"schedule_id\",\"columnType\":\"int\",\"createBy\":\"admin\",\"createTime\":\"2024-01-19 21:14:05\",\"dictType\":\"\",\"edit\":true,\"htmlType\":\"input\",\"increment\":false,\"insert\":true,\"isEdit\":\"1\",\"isIncrement\":\"0\",\"isInsert\":\"1\",\"isList\":\"1\",\"isPk\":\"0\",\"isQuery\":\"1\",\"javaField\":\"scheduleId\",\"javaType\":\"Long\",\"list\":true,\"params\":{},\"pk\":false,\"query\":true,\"queryType\":\"EQ\",\"required\":false,\"sort\":2,\"superColumn\":false,\"tableId\":19,\"updateBy\":\"\",\"updateTime\":\"2024-01-19 21:15:00\",\"usableColumn\":false},{\"capJavaField\":\"ContainerId\",\"columnComment\":\"集装箱id\",\"columnId\":128,\"columnName\":\"container_id\",\"columnType\":\"int\",\"createBy\":\"admin\",\"createTime\":\"2024-01-19 21:14:05\",\"dictType\":\"\",\"edit\":true,\"htmlType\":\"input\",\"increment\":false,\"insert\":true,\"isEdit\":\"1\",\"isIncrement\":\"0\",\"isInsert\":\"1\",\"isList\":\"1\",\"isPk\":\"0\",\"isQuery\":\"1\",\"javaField\":\"containerId\",\"javaType\":\"Long\",\"list\":true,\"params\":{},\"pk\":false,\"query\":true,\"queryType\":\"EQ\",\"required\":false,\"sort\":3,\"superColumn\":false,\"tableId\":19,\"updateBy\":\"\",\"updateTime\":\"2024-01-19 21:15:00\",\"usableColumn\":false},{\"capJavaField\":\"Rate\",\"columnComment\":\"空间利用率\",\"columnId\":129,\"columnName\":\"rate\",\"columnType\":\"varchar(255)\",\"createBy\":\"admin\",\"createTime\":\"2024-01-19 21:14:05\",\"dictType\":\"\",\"edit\":true,\"htmlType\":\"input\",\"increment\":false,', '{\"msg\":\"操作成功\",\"code\":200}', 0, NULL, '2024-01-19 21:16:02', 22);
INSERT INTO `sys_oper_log` VALUES (653, '代码生成', 8, 'com.ruoyi.generator.controller.GenController.batchGenCode()', 'GET', 1, 'admin', NULL, '/tool/gen/batchGenCode', '127.0.0.1', '内网IP', '{\"tables\":\"b_spacenote\"}', NULL, 0, NULL, '2024-01-19 21:16:06', 159);
INSERT INTO `sys_oper_log` VALUES (654, '货物分配', 3, 'com.ruoyi.web.controller.allocation.BAllocationController.remove()', 'DELETE', 1, 'admin', NULL, '/allocation/allocation/1', '127.0.0.1', '内网IP', '{}', '{\"msg\":\"操作成功\",\"code\":200}', 0, NULL, '2024-01-19 21:41:53', 25);
INSERT INTO `sys_oper_log` VALUES (655, '货物管理', 2, 'com.ruoyi.web.controller.cargoinfo.BCargoController.edit()', 'PUT', 1, 'admin', NULL, '/cargoinfo/cargoinfo', '127.0.0.1', '内网IP', '{\"cargoId\":47,\"cargoImage\":\"/profile/upload/2024/01/18/电脑_20240118180621A005.jpg\",\"cargoName\":\"电脑\",\"cargoStatus\":\"未分配\",\"cargoType\":\"家电\",\"cargoVolume\":60.0,\"cargoWeight\":3000.0,\"params\":{},\"userId\":\"ogj5Q6VEG1HHJMqTEebwUtIPlGBs\"}', '{\"msg\":\"操作成功\",\"code\":200}', 0, NULL, '2024-01-19 21:42:04', 16);
INSERT INTO `sys_oper_log` VALUES (656, '集装箱空间利用率', 3, 'com.ruoyi.web.controller.spacenote.BSpacenoteController.remove()', 'DELETE', 1, 'admin', NULL, '/spacenote/spacenote/1', '127.0.0.1', '内网IP', '{}', '{\"msg\":\"操作成功\",\"code\":200}', 0, NULL, '2024-01-19 21:42:18', 7);
INSERT INTO `sys_oper_log` VALUES (657, '集装箱管理', 2, 'com.ruoyi.web.controller.container.BContainerController.edit()', 'PUT', 1, 'admin', NULL, '/container/container', '127.0.0.1', '内网IP', '{\"containerId\":3,\"containerImage\":\"/profile/upload/2024/01/18/干货集装箱2_20240118181307A007.jpg\",\"containerLocation\":\"连云港\",\"containerStatus\":\"未装载\",\"containerType\":\"干货集装箱\",\"currentVolume\":0.0,\"currentWeight\":0.0,\"maxVolume\":67.7,\"maxWeight\":27600.0,\"params\":{}}', '{\"msg\":\"操作成功\",\"code\":200}', 0, NULL, '2024-01-19 21:47:42', 25);
INSERT INTO `sys_oper_log` VALUES (658, '集装箱管理', 2, 'com.ruoyi.web.controller.container.BContainerController.edit()', 'PUT', 1, 'admin', NULL, '/container/container', '127.0.0.1', '内网IP', '{\"containerHumidity\":0,\"containerId\":2,\"containerImage\":\"/profile/upload/2024/01/18/干货集装箱1_20240118181133A006.jpg\",\"containerLocation\":\"连云港\",\"containerStatus\":\"未装载\",\"containerTemperature\":0,\"containerType\":\"干货集装箱\",\"currentVolume\":0.0,\"currentWeight\":0.0,\"maxVolume\":67.7,\"maxWeight\":27600.0,\"params\":{}}', '{\"msg\":\"操作成功\",\"code\":200}', 0, NULL, '2024-01-19 21:48:01', 10);
INSERT INTO `sys_oper_log` VALUES (659, '集装箱管理', 2, 'com.ruoyi.web.controller.container.BContainerController.edit()', 'PUT', 1, 'admin', NULL, '/container/container', '127.0.0.1', '内网IP', '{\"containerHumidity\":0,\"containerId\":2,\"containerImage\":\"/profile/upload/2024/01/18/干货集装箱1_20240118181133A006.jpg\",\"containerLocation\":\"连云港\",\"containerStatus\":\"未装载\",\"containerTemperature\":0,\"containerType\":\"干货集装箱\",\"currentVolume\":0.0,\"currentWeight\":0.0,\"maxVolume\":67.7,\"maxWeight\":27600.0,\"params\":{}}', '{\"msg\":\"操作成功\",\"code\":200}', 0, NULL, '2024-01-19 21:48:05', 4);
INSERT INTO `sys_oper_log` VALUES (660, '集装箱管理', 2, 'com.ruoyi.web.controller.container.BContainerController.edit()', 'PUT', 1, 'admin', NULL, '/container/container', '127.0.0.1', '内网IP', '{\"cabinId\":1,\"containerHumidity\":0,\"containerId\":1,\"containerImage\":\"/profile/upload/2024/01/18/干货集装箱2_20240118181731A010.jpg\",\"containerLatitude\":\"\",\"containerLocation\":\"连云港\",\"containerLongitude\":\"\",\"containerStatus\":\"未装载\",\"containerTemperature\":0,\"containerType\":\"干货集装箱\",\"currentVolume\":0.0,\"currentWeight\":0.0,\"maxVolume\":67.7,\"maxWeight\":27600.0,\"params\":{},\"shipId\":1}', '{\"msg\":\"操作成功\",\"code\":200}', 0, NULL, '2024-01-19 21:48:09', 8);
INSERT INTO `sys_oper_log` VALUES (661, '货物分配', 3, 'com.ruoyi.web.controller.allocation.BAllocationController.remove()', 'DELETE', 1, 'admin', NULL, '/allocation/allocation/3', '127.0.0.1', '内网IP', '{}', '{\"msg\":\"操作成功\",\"code\":200}', 0, NULL, '2024-01-19 21:48:19', 11);
INSERT INTO `sys_oper_log` VALUES (662, '货物分配', 3, 'com.ruoyi.web.controller.allocation.BAllocationController.remove()', 'DELETE', 1, 'admin', NULL, '/allocation/allocation/2', '127.0.0.1', '内网IP', '{}', '{\"msg\":\"操作成功\",\"code\":200}', 0, NULL, '2024-01-19 21:48:21', 9);
INSERT INTO `sys_oper_log` VALUES (663, '集装箱空间利用率', 3, 'com.ruoyi.web.controller.spacenote.BSpacenoteController.remove()', 'DELETE', 1, 'admin', NULL, '/spacenote/spacenote/3', '127.0.0.1', '内网IP', '{}', '{\"msg\":\"操作成功\",\"code\":200}', 0, NULL, '2024-01-19 21:48:24', 4);
INSERT INTO `sys_oper_log` VALUES (664, '集装箱空间利用率', 3, 'com.ruoyi.web.controller.spacenote.BSpacenoteController.remove()', 'DELETE', 1, 'admin', NULL, '/spacenote/spacenote/2', '127.0.0.1', '内网IP', '{}', '{\"msg\":\"操作成功\",\"code\":200}', 0, NULL, '2024-01-19 21:48:26', 7);
INSERT INTO `sys_oper_log` VALUES (665, '货物管理', 2, 'com.ruoyi.web.controller.cargoinfo.BCargoController.edit()', 'PUT', 1, 'admin', NULL, '/cargoinfo/cargoinfo', '127.0.0.1', '内网IP', '{\"cargoId\":46,\"cargoImage\":\"/profile/upload/2024/01/18/空调_20240118180239A004.png\",\"cargoName\":\"空调\",\"cargoStatus\":\"未分配\",\"cargoType\":\"电器\",\"cargoVolume\":50.0,\"cargoWeight\":4000.0,\"params\":{},\"userId\":\"ogj5Q6VEG1HHJMqTEebwUtIPlGBs\"}', '{\"msg\":\"操作成功\",\"code\":200}', 0, NULL, '2024-01-19 21:48:36', 15);
INSERT INTO `sys_oper_log` VALUES (666, '货物管理', 2, 'com.ruoyi.web.controller.cargoinfo.BCargoController.edit()', 'PUT', 1, 'admin', NULL, '/cargoinfo/cargoinfo', '127.0.0.1', '内网IP', '{\"cargoId\":47,\"cargoImage\":\"/profile/upload/2024/01/18/电脑_20240118180621A005.jpg\",\"cargoName\":\"电脑\",\"cargoStatus\":\"未分配\",\"cargoType\":\"家电\",\"cargoVolume\":60.0,\"cargoWeight\":3000.0,\"params\":{},\"userId\":\"ogj5Q6VEG1HHJMqTEebwUtIPlGBs\"}', '{\"msg\":\"操作成功\",\"code\":200}', 0, NULL, '2024-01-19 21:48:40', 7);
INSERT INTO `sys_oper_log` VALUES (667, '集装箱管理', 2, 'com.ruoyi.web.controller.container.BContainerController.edit()', 'PUT', 1, 'admin', NULL, '/container/container', '127.0.0.1', '内网IP', '{\"containerId\":4,\"containerImage\":\"/profile/upload/2024/01/18/干货集装箱3_20240118181423A008.jpg\",\"containerLocation\":\"连云港\",\"containerStatus\":\"未装载\",\"containerType\":\"干货集装箱\",\"currentVolume\":0.0,\"currentWeight\":0.0,\"maxVolume\":67.7,\"maxWeight\":27600.0,\"params\":{}}', '{\"msg\":\"操作成功\",\"code\":200}', 0, NULL, '2024-01-19 21:52:55', 25);
INSERT INTO `sys_oper_log` VALUES (668, '货物管理', 2, 'com.ruoyi.web.controller.cargoinfo.BCargoController.edit()', 'PUT', 1, 'admin', NULL, '/cargoinfo/cargoinfo', '127.0.0.1', '内网IP', '{\"cargoId\":47,\"cargoImage\":\"/profile/upload/2024/01/18/电脑_20240118180621A005.jpg\",\"cargoName\":\"电脑\",\"cargoStatus\":\"未分配\",\"cargoType\":\"家电\",\"cargoVolume\":60.0,\"cargoWeight\":3000.0,\"params\":{},\"userId\":\"ogj5Q6VEG1HHJMqTEebwUtIPlGBs\"}', '{\"msg\":\"操作成功\",\"code\":200}', 0, NULL, '2024-01-19 21:53:24', 12);
INSERT INTO `sys_oper_log` VALUES (669, '货物分配', 3, 'com.ruoyi.web.controller.allocation.BAllocationController.remove()', 'DELETE', 1, 'admin', NULL, '/allocation/allocation/4', '127.0.0.1', '内网IP', '{}', '{\"msg\":\"操作成功\",\"code\":200}', 0, NULL, '2024-01-19 21:53:28', 9);
INSERT INTO `sys_oper_log` VALUES (670, '集装箱空间利用率', 3, 'com.ruoyi.web.controller.spacenote.BSpacenoteController.remove()', 'DELETE', 1, 'admin', NULL, '/spacenote/spacenote/4', '127.0.0.1', '内网IP', '{}', '{\"msg\":\"操作成功\",\"code\":200}', 0, NULL, '2024-01-19 21:53:31', 4);
INSERT INTO `sys_oper_log` VALUES (671, 'order', 3, 'com.ruoyi.web.controller.order.BOrderController.remove()', 'DELETE', 1, 'admin', NULL, '/order/order/wqewqeqwe', '127.0.0.1', '内网IP', '{}', '{\"msg\":\"操作成功\",\"code\":200}', 0, NULL, '2024-01-19 22:01:28', 21);
INSERT INTO `sys_oper_log` VALUES (672, '集装箱管理', 2, 'com.ruoyi.web.controller.container.BContainerController.edit()', 'PUT', 1, 'admin', NULL, '/container/container', '127.0.0.1', '内网IP', '{\"containerId\":3,\"containerImage\":\"/profile/upload/2024/01/18/干货集装箱2_20240118181307A007.jpg\",\"containerLocation\":\"连云港\",\"containerStatus\":\"未装载\",\"containerType\":\"干货集装箱\",\"currentVolume\":0.0,\"currentWeight\":0.0,\"maxVolume\":67.7,\"maxWeight\":27600.0,\"params\":{}}', '{\"msg\":\"操作成功\",\"code\":200}', 0, NULL, '2024-01-19 22:23:52', 29);
INSERT INTO `sys_oper_log` VALUES (673, '集装箱管理', 2, 'com.ruoyi.web.controller.container.BContainerController.edit()', 'PUT', 1, 'admin', NULL, '/container/container', '127.0.0.1', '内网IP', '{\"containerHumidity\":0,\"containerId\":2,\"containerImage\":\"/profile/upload/2024/01/18/干货集装箱1_20240118181133A006.jpg\",\"containerLocation\":\"连云港\",\"containerStatus\":\"未装载\",\"containerTemperature\":0,\"containerType\":\"干货集装箱\",\"currentVolume\":0.0,\"currentWeight\":0.0,\"maxVolume\":67.7,\"maxWeight\":27600.0,\"params\":{}}', '{\"msg\":\"操作成功\",\"code\":200}', 0, NULL, '2024-01-19 22:23:55', 5);
INSERT INTO `sys_oper_log` VALUES (674, '集装箱管理', 2, 'com.ruoyi.web.controller.container.BContainerController.edit()', 'PUT', 1, 'admin', NULL, '/container/container', '127.0.0.1', '内网IP', '{\"cabinId\":1,\"containerHumidity\":0,\"containerId\":1,\"containerImage\":\"/profile/upload/2024/01/18/干货集装箱2_20240118181731A010.jpg\",\"containerLatitude\":\"\",\"containerLocation\":\"连云港\",\"containerLongitude\":\"\",\"containerStatus\":\"未装载\",\"containerTemperature\":0,\"containerType\":\"干货集装箱\",\"currentVolume\":0.0,\"currentWeight\":0.0,\"maxVolume\":67.7,\"maxWeight\":27600.0,\"params\":{},\"shipId\":1}', '{\"msg\":\"操作成功\",\"code\":200}', 0, NULL, '2024-01-19 22:23:58', 9);
INSERT INTO `sys_oper_log` VALUES (675, '货物管理', 2, 'com.ruoyi.web.controller.cargoinfo.BCargoController.edit()', 'PUT', 1, 'admin', NULL, '/cargoinfo/cargoinfo', '127.0.0.1', '内网IP', '{\"cargoId\":32,\"cargoImage\":\"/profile/upload/2024/01/16/冰箱_20240116092200A001.png\",\"cargoName\":\"冰箱\",\"cargoStatus\":\"未分配\",\"cargoType\":\"电器\",\"cargoVolume\":40.0,\"cargoWeight\":3000.0,\"params\":{},\"userId\":\"ogj5Q6VEG1HHJMqTEebwUtIPlGBs\"}', '{\"msg\":\"操作成功\",\"code\":200}', 0, NULL, '2024-01-19 22:25:51', 11);
INSERT INTO `sys_oper_log` VALUES (676, '货物管理', 2, 'com.ruoyi.web.controller.cargoinfo.BCargoController.edit()', 'PUT', 1, 'admin', NULL, '/cargoinfo/cargoinfo', '127.0.0.1', '内网IP', '{\"cargoId\":46,\"cargoImage\":\"/profile/upload/2024/01/18/空调_20240118180239A004.png\",\"cargoName\":\"空调\",\"cargoStatus\":\"未分配\",\"cargoType\":\"电器\",\"cargoVolume\":50.0,\"cargoWeight\":4000.0,\"params\":{},\"userId\":\"ogj5Q6VEG1HHJMqTEebwUtIPlGBs\"}', '{\"msg\":\"操作成功\",\"code\":200}', 0, NULL, '2024-01-19 22:25:55', 8);
INSERT INTO `sys_oper_log` VALUES (677, '货物管理', 2, 'com.ruoyi.web.controller.cargoinfo.BCargoController.edit()', 'PUT', 1, 'admin', NULL, '/cargoinfo/cargoinfo', '127.0.0.1', '内网IP', '{\"cargoId\":47,\"cargoImage\":\"/profile/upload/2024/01/18/电脑_20240118180621A005.jpg\",\"cargoName\":\"电脑\",\"cargoStatus\":\"未分配\",\"cargoType\":\"家电\",\"cargoVolume\":60.0,\"cargoWeight\":3000.0,\"params\":{},\"userId\":\"ogj5Q6VEG1HHJMqTEebwUtIPlGBs\"}', '{\"msg\":\"操作成功\",\"code\":200}', 0, NULL, '2024-01-19 22:25:59', 8);
INSERT INTO `sys_oper_log` VALUES (678, '集装箱空间利用率', 3, 'com.ruoyi.web.controller.spacenote.BSpacenoteController.remove()', 'DELETE', 1, 'admin', NULL, '/spacenote/spacenote/5', '127.0.0.1', '内网IP', '{}', '{\"msg\":\"操作成功\",\"code\":200}', 0, NULL, '2024-01-19 22:26:10', 9);
INSERT INTO `sys_oper_log` VALUES (679, '集装箱空间利用率', 3, 'com.ruoyi.web.controller.spacenote.BSpacenoteController.remove()', 'DELETE', 1, 'admin', NULL, '/spacenote/spacenote/6', '127.0.0.1', '内网IP', '{}', '{\"msg\":\"操作成功\",\"code\":200}', 0, NULL, '2024-01-19 22:26:12', 7);
INSERT INTO `sys_oper_log` VALUES (680, '集装箱空间利用率', 3, 'com.ruoyi.web.controller.spacenote.BSpacenoteController.remove()', 'DELETE', 1, 'admin', NULL, '/spacenote/spacenote/7', '127.0.0.1', '内网IP', '{}', '{\"msg\":\"操作成功\",\"code\":200}', 0, NULL, '2024-01-19 22:26:13', 4);
INSERT INTO `sys_oper_log` VALUES (681, '货物分配', 3, 'com.ruoyi.web.controller.allocation.BAllocationController.remove()', 'DELETE', 1, 'admin', NULL, '/allocation/allocation/5', '127.0.0.1', '内网IP', '{}', '{\"msg\":\"操作成功\",\"code\":200}', 0, NULL, '2024-01-19 22:26:17', 7);
INSERT INTO `sys_oper_log` VALUES (682, '货物分配', 3, 'com.ruoyi.web.controller.allocation.BAllocationController.remove()', 'DELETE', 1, 'admin', NULL, '/allocation/allocation/6', '127.0.0.1', '内网IP', '{}', '{\"msg\":\"操作成功\",\"code\":200}', 0, NULL, '2024-01-19 22:26:18', 4);
INSERT INTO `sys_oper_log` VALUES (683, '货物分配', 3, 'com.ruoyi.web.controller.allocation.BAllocationController.remove()', 'DELETE', 1, 'admin', NULL, '/allocation/allocation/7', '127.0.0.1', '内网IP', '{}', '{\"msg\":\"操作成功\",\"code\":200}', 0, NULL, '2024-01-19 22:26:20', 8);
INSERT INTO `sys_oper_log` VALUES (684, '货物分配', 3, 'com.ruoyi.web.controller.allocation.BAllocationController.remove()', 'DELETE', 1, 'admin', NULL, '/allocation/allocation/8', '127.0.0.1', '内网IP', '{}', '{\"msg\":\"操作成功\",\"code\":200}', 0, NULL, '2024-01-20 10:20:48', 7);
INSERT INTO `sys_oper_log` VALUES (685, '货物分配', 3, 'com.ruoyi.web.controller.allocation.BAllocationController.remove()', 'DELETE', 1, 'admin', NULL, '/allocation/allocation/9', '127.0.0.1', '内网IP', '{}', '{\"msg\":\"操作成功\",\"code\":200}', 0, NULL, '2024-01-20 10:20:50', 3);
INSERT INTO `sys_oper_log` VALUES (686, '货物分配', 3, 'com.ruoyi.web.controller.allocation.BAllocationController.remove()', 'DELETE', 1, 'admin', NULL, '/allocation/allocation/10', '127.0.0.1', '内网IP', '{}', '{\"msg\":\"操作成功\",\"code\":200}', 0, NULL, '2024-01-20 10:20:51', 4);
INSERT INTO `sys_oper_log` VALUES (687, '货物分配', 3, 'com.ruoyi.web.controller.allocation.BAllocationController.remove()', 'DELETE', 1, 'admin', NULL, '/allocation/allocation/11', '127.0.0.1', '内网IP', '{}', '{\"msg\":\"操作成功\",\"code\":200}', 0, NULL, '2024-01-20 10:20:53', 7);
INSERT INTO `sys_oper_log` VALUES (688, '集装箱空间利用率', 3, 'com.ruoyi.web.controller.spacenote.BSpacenoteController.remove()', 'DELETE', 1, 'admin', NULL, '/spacenote/spacenote/8', '127.0.0.1', '内网IP', '{}', '{\"msg\":\"操作成功\",\"code\":200}', 0, NULL, '2024-01-20 10:20:57', 6);
INSERT INTO `sys_oper_log` VALUES (689, '集装箱空间利用率', 3, 'com.ruoyi.web.controller.spacenote.BSpacenoteController.remove()', 'DELETE', 1, 'admin', NULL, '/spacenote/spacenote/9', '127.0.0.1', '内网IP', '{}', '{\"msg\":\"操作成功\",\"code\":200}', 0, NULL, '2024-01-20 10:20:59', 4);
INSERT INTO `sys_oper_log` VALUES (690, '集装箱空间利用率', 3, 'com.ruoyi.web.controller.spacenote.BSpacenoteController.remove()', 'DELETE', 1, 'admin', NULL, '/spacenote/spacenote/10', '127.0.0.1', '内网IP', '{}', '{\"msg\":\"操作成功\",\"code\":200}', 0, NULL, '2024-01-20 10:21:00', 4);
INSERT INTO `sys_oper_log` VALUES (691, '集装箱空间利用率', 3, 'com.ruoyi.web.controller.spacenote.BSpacenoteController.remove()', 'DELETE', 1, 'admin', NULL, '/spacenote/spacenote/11', '127.0.0.1', '内网IP', '{}', '{\"msg\":\"操作成功\",\"code\":200}', 0, NULL, '2024-01-20 10:21:02', 4);
INSERT INTO `sys_oper_log` VALUES (692, '货物管理', 2, 'com.ruoyi.web.controller.cargoinfo.BCargoController.edit()', 'PUT', 1, 'admin', NULL, '/cargoinfo/cargoinfo', '127.0.0.1', '内网IP', '{\"cargoId\":47,\"cargoImage\":\"/profile/upload/2024/01/18/电脑_20240118180621A005.jpg\",\"cargoName\":\"电脑\",\"cargoStatus\":\"未分配\",\"cargoType\":\"家电\",\"cargoVolume\":60.0,\"cargoWeight\":3000.0,\"params\":{},\"userId\":\"ogj5Q6VEG1HHJMqTEebwUtIPlGBs\"}', '{\"msg\":\"操作成功\",\"code\":200}', 0, NULL, '2024-01-20 10:21:14', 4);
INSERT INTO `sys_oper_log` VALUES (693, '货物管理', 2, 'com.ruoyi.web.controller.cargoinfo.BCargoController.edit()', 'PUT', 1, 'admin', NULL, '/cargoinfo/cargoinfo', '127.0.0.1', '内网IP', '{\"cargoId\":46,\"cargoImage\":\"/profile/upload/2024/01/18/空调_20240118180239A004.png\",\"cargoName\":\"空调\",\"cargoStatus\":\"未分配\",\"cargoType\":\"电器\",\"cargoVolume\":50.0,\"cargoWeight\":4000.0,\"params\":{},\"userId\":\"ogj5Q6VEG1HHJMqTEebwUtIPlGBs\"}', '{\"msg\":\"操作成功\",\"code\":200}', 0, NULL, '2024-01-20 10:21:18', 7);
INSERT INTO `sys_oper_log` VALUES (694, '货物管理', 2, 'com.ruoyi.web.controller.cargoinfo.BCargoController.edit()', 'PUT', 1, 'admin', NULL, '/cargoinfo/cargoinfo', '127.0.0.1', '内网IP', '{\"cargoId\":45,\"cargoImage\":\"/profile/upload/2024/01/18/液晶电视_20240118175438A001.png\",\"cargoName\":\"液晶电视\",\"cargoStatus\":\"未分配\",\"cargoType\":\"电器\",\"cargoVolume\":30.0,\"cargoWeight\":2000.0,\"params\":{},\"userId\":\"ogj5Q6VEG1HHJMqTEebwUtIPlGBs\"}', '{\"msg\":\"操作成功\",\"code\":200}', 0, NULL, '2024-01-20 10:21:21', 6);
INSERT INTO `sys_oper_log` VALUES (695, '货物管理', 2, 'com.ruoyi.web.controller.cargoinfo.BCargoController.edit()', 'PUT', 1, 'admin', NULL, '/cargoinfo/cargoinfo', '127.0.0.1', '内网IP', '{\"cargoId\":45,\"cargoImage\":\"/profile/upload/2024/01/18/液晶电视_20240118175438A001.png\",\"cargoName\":\"液晶电视\",\"cargoStatus\":\"未分配\",\"cargoType\":\"电器\",\"cargoVolume\":30.0,\"cargoWeight\":2000.0,\"params\":{},\"userId\":\"ogj5Q6VEG1HHJMqTEebwUtIPlGBs\"}', '{\"msg\":\"操作成功\",\"code\":200}', 0, NULL, '2024-01-20 10:21:26', 5);
INSERT INTO `sys_oper_log` VALUES (696, '货物管理', 2, 'com.ruoyi.web.controller.cargoinfo.BCargoController.edit()', 'PUT', 1, 'admin', NULL, '/cargoinfo/cargoinfo', '127.0.0.1', '内网IP', '{\"cargoId\":32,\"cargoImage\":\"/profile/upload/2024/01/16/冰箱_20240116092200A001.png\",\"cargoName\":\"冰箱\",\"cargoStatus\":\"未分配\",\"cargoType\":\"电器\",\"cargoVolume\":40.0,\"cargoWeight\":3000.0,\"params\":{},\"userId\":\"ogj5Q6VEG1HHJMqTEebwUtIPlGBs\"}', '{\"msg\":\"操作成功\",\"code\":200}', 0, NULL, '2024-01-20 10:21:29', 5);
INSERT INTO `sys_oper_log` VALUES (697, '货物管理', 2, 'com.ruoyi.web.controller.cargoinfo.BCargoController.edit()', 'PUT', 1, 'admin', NULL, '/cargoinfo/cargoinfo', '127.0.0.1', '内网IP', '{\"cargoId\":47,\"cargoImage\":\"/profile/upload/2024/01/18/电脑_20240118180621A005.jpg\",\"cargoName\":\"电脑\",\"cargoStatus\":\"未分配\",\"cargoType\":\"家电\",\"cargoVolume\":30.0,\"cargoWeight\":3000.0,\"params\":{},\"userId\":\"ogj5Q6VEG1HHJMqTEebwUtIPlGBs\"}', '{\"msg\":\"操作成功\",\"code\":200}', 0, NULL, '2024-01-20 10:21:40', 8);
INSERT INTO `sys_oper_log` VALUES (698, '货物管理', 2, 'com.ruoyi.web.controller.cargoinfo.BCargoController.edit()', 'PUT', 1, 'admin', NULL, '/cargoinfo/cargoinfo', '127.0.0.1', '内网IP', '{\"cargoId\":46,\"cargoImage\":\"/profile/upload/2024/01/18/空调_20240118180239A004.png\",\"cargoName\":\"空调\",\"cargoStatus\":\"未分配\",\"cargoType\":\"电器\",\"cargoVolume\":20.0,\"cargoWeight\":4000.0,\"params\":{},\"userId\":\"ogj5Q6VEG1HHJMqTEebwUtIPlGBs\"}', '{\"msg\":\"操作成功\",\"code\":200}', 0, NULL, '2024-01-20 10:21:49', 9);
INSERT INTO `sys_oper_log` VALUES (699, '货物管理', 2, 'com.ruoyi.web.controller.cargoinfo.BCargoController.edit()', 'PUT', 1, 'admin', NULL, '/cargoinfo/cargoinfo', '127.0.0.1', '内网IP', '{\"cargoId\":32,\"cargoImage\":\"/profile/upload/2024/01/16/冰箱_20240116092200A001.png\",\"cargoName\":\"冰箱\",\"cargoStatus\":\"未分配\",\"cargoType\":\"电器\",\"cargoVolume\":35.0,\"cargoWeight\":3000.0,\"params\":{},\"userId\":\"ogj5Q6VEG1HHJMqTEebwUtIPlGBs\"}', '{\"msg\":\"操作成功\",\"code\":200}', 0, NULL, '2024-01-20 10:21:55', 8);
INSERT INTO `sys_oper_log` VALUES (700, '货物管理', 2, 'com.ruoyi.web.controller.cargoinfo.BCargoController.edit()', 'PUT', 1, 'admin', NULL, '/cargoinfo/cargoinfo', '127.0.0.1', '内网IP', '{\"cargoId\":45,\"cargoImage\":\"/profile/upload/2024/01/18/液晶电视_20240118175438A001.png\",\"cargoName\":\"液晶电视\",\"cargoStatus\":\"未分配\",\"cargoType\":\"电器\",\"cargoVolume\":10.0,\"cargoWeight\":2000.0,\"params\":{},\"userId\":\"ogj5Q6VEG1HHJMqTEebwUtIPlGBs\"}', '{\"msg\":\"操作成功\",\"code\":200}', 0, NULL, '2024-01-20 10:22:01', 9);
INSERT INTO `sys_oper_log` VALUES (701, '集装箱管理', 2, 'com.ruoyi.web.controller.container.BContainerController.edit()', 'PUT', 1, 'admin', NULL, '/container/container', '127.0.0.1', '内网IP', '{\"containerId\":5,\"containerImage\":\"/profile/upload/2024/01/18/冷藏集装箱1_20240118181615A009.jpg\",\"containerLocation\":\"连云港\",\"containerStatus\":\"未装载\",\"containerType\":\"冷藏集装箱\",\"currentVolume\":0.0,\"currentWeight\":0.0,\"maxVolume\":33.0,\"maxWeight\":24000.0,\"params\":{}}', '{\"msg\":\"操作成功\",\"code\":200}', 0, NULL, '2024-01-20 10:22:47', 8);
INSERT INTO `sys_oper_log` VALUES (702, '集装箱管理', 2, 'com.ruoyi.web.controller.container.BContainerController.edit()', 'PUT', 1, 'admin', NULL, '/container/container', '127.0.0.1', '内网IP', '{\"containerId\":6,\"containerImage\":\"/profile/upload/2024/01/18/冷藏集装箱2_20240118181847A011.jpg\",\"containerLocation\":\"连云港\",\"containerStatus\":\"未装载\",\"containerType\":\"冷藏集装箱\",\"currentVolume\":0.0,\"currentWeight\":0.0,\"maxVolume\":33.0,\"maxWeight\":24000.0,\"params\":{}}', '{\"msg\":\"操作成功\",\"code\":200}', 0, NULL, '2024-01-20 10:22:51', 3);
INSERT INTO `sys_oper_log` VALUES (703, '集装箱管理', 2, 'com.ruoyi.web.controller.container.BContainerController.edit()', 'PUT', 1, 'admin', NULL, '/container/container', '127.0.0.1', '内网IP', '{\"containerId\":7,\"containerImage\":\"/profile/upload/2024/01/18/开顶集装箱_20240118182042A012.jpg\",\"containerLocation\":\"连云港\",\"containerStatus\":\"未装载\",\"containerType\":\"开顶集装箱\",\"currentVolume\":0.0,\"currentWeight\":0.0,\"maxVolume\":66.4,\"maxWeight\":26630.0,\"params\":{}}', '{\"msg\":\"操作成功\",\"code\":200}', 0, NULL, '2024-01-20 10:22:54', 7);
INSERT INTO `sys_oper_log` VALUES (704, '集装箱管理', 2, 'com.ruoyi.web.controller.container.BContainerController.edit()', 'PUT', 1, 'admin', NULL, '/container/container', '127.0.0.1', '内网IP', '{\"containerId\":4,\"containerImage\":\"/profile/upload/2024/01/18/干货集装箱3_20240118181423A008.jpg\",\"containerLocation\":\"连云港\",\"containerStatus\":\"未装载\",\"containerType\":\"干货集装箱\",\"currentVolume\":0.0,\"currentWeight\":0.0,\"maxVolume\":67.7,\"maxWeight\":27600.0,\"params\":{}}', '{\"msg\":\"操作成功\",\"code\":200}', 0, NULL, '2024-01-20 10:22:58', 4);
INSERT INTO `sys_oper_log` VALUES (705, '集装箱管理', 2, 'com.ruoyi.web.controller.container.BContainerController.edit()', 'PUT', 1, 'admin', NULL, '/container/container', '127.0.0.1', '内网IP', '{\"containerId\":3,\"containerImage\":\"/profile/upload/2024/01/18/干货集装箱2_20240118181307A007.jpg\",\"containerLocation\":\"连云港\",\"containerStatus\":\"未装载\",\"containerType\":\"干货集装箱\",\"currentVolume\":0.0,\"currentWeight\":0.0,\"maxVolume\":67.7,\"maxWeight\":27600.0,\"params\":{}}', '{\"msg\":\"操作成功\",\"code\":200}', 0, NULL, '2024-01-20 10:23:04', 9);
INSERT INTO `sys_oper_log` VALUES (706, '集装箱管理', 2, 'com.ruoyi.web.controller.container.BContainerController.edit()', 'PUT', 1, 'admin', NULL, '/container/container', '127.0.0.1', '内网IP', '{\"containerHumidity\":0,\"containerId\":2,\"containerImage\":\"/profile/upload/2024/01/18/干货集装箱1_20240118181133A006.jpg\",\"containerLocation\":\"连云港\",\"containerStatus\":\"未装载\",\"containerTemperature\":0,\"containerType\":\"干货集装箱\",\"currentVolume\":0.0,\"currentWeight\":0.0,\"maxVolume\":67.7,\"maxWeight\":27600.0,\"params\":{}}', '{\"msg\":\"操作成功\",\"code\":200}', 0, NULL, '2024-01-20 10:23:08', 8);
INSERT INTO `sys_oper_log` VALUES (707, '集装箱管理', 2, 'com.ruoyi.web.controller.container.BContainerController.edit()', 'PUT', 1, 'admin', NULL, '/container/container', '127.0.0.1', '内网IP', '{\"containerHumidity\":0,\"containerId\":2,\"containerImage\":\"/profile/upload/2024/01/18/干货集装箱1_20240118181133A006.jpg\",\"containerLocation\":\"连云港\",\"containerStatus\":\"未装载\",\"containerTemperature\":0,\"containerType\":\"干货集装箱\",\"currentVolume\":0.0,\"currentWeight\":0.0,\"maxVolume\":67.7,\"maxWeight\":27600.0,\"params\":{}}', '{\"msg\":\"操作成功\",\"code\":200}', 0, NULL, '2024-01-20 10:23:14', 2);
INSERT INTO `sys_oper_log` VALUES (708, '集装箱管理', 2, 'com.ruoyi.web.controller.container.BContainerController.edit()', 'PUT', 1, 'admin', NULL, '/container/container', '127.0.0.1', '内网IP', '{\"cabinId\":1,\"containerHumidity\":0,\"containerId\":1,\"containerImage\":\"/profile/upload/2024/01/18/干货集装箱2_20240118181731A010.jpg\",\"containerLatitude\":\"\",\"containerLocation\":\"连云港\",\"containerLongitude\":\"\",\"containerStatus\":\"未装载\",\"containerTemperature\":0,\"containerType\":\"干货集装箱\",\"currentVolume\":0.0,\"currentWeight\":0.0,\"maxVolume\":67.7,\"maxWeight\":27600.0,\"params\":{},\"shipId\":1}', '{\"msg\":\"操作成功\",\"code\":200}', 0, NULL, '2024-01-20 10:23:20', 7);
INSERT INTO `sys_oper_log` VALUES (709, '集装箱空间利用率', 3, 'com.ruoyi.web.controller.spacenote.BSpacenoteController.remove()', 'DELETE', 1, 'admin', NULL, '/spacenote/spacenote/12', '127.0.0.1', '内网IP', '{}', '{\"msg\":\"操作成功\",\"code\":200}', 0, NULL, '2024-01-20 10:34:51', 35);
INSERT INTO `sys_oper_log` VALUES (710, '集装箱空间利用率', 3, 'com.ruoyi.web.controller.spacenote.BSpacenoteController.remove()', 'DELETE', 1, 'admin', NULL, '/spacenote/spacenote/13', '127.0.0.1', '内网IP', '{}', '{\"msg\":\"操作成功\",\"code\":200}', 0, NULL, '2024-01-20 10:34:53', 4);
INSERT INTO `sys_oper_log` VALUES (711, '货物分配', 3, 'com.ruoyi.web.controller.allocation.BAllocationController.remove()', 'DELETE', 1, 'admin', NULL, '/allocation/allocation/12', '127.0.0.1', '内网IP', '{}', '{\"msg\":\"操作成功\",\"code\":200}', 0, NULL, '2024-01-20 10:34:56', 4);
INSERT INTO `sys_oper_log` VALUES (712, '货物分配', 3, 'com.ruoyi.web.controller.allocation.BAllocationController.remove()', 'DELETE', 1, 'admin', NULL, '/allocation/allocation/13', '127.0.0.1', '内网IP', '{}', '{\"msg\":\"操作成功\",\"code\":200}', 0, NULL, '2024-01-20 10:34:58', 4);
INSERT INTO `sys_oper_log` VALUES (713, '货物分配', 3, 'com.ruoyi.web.controller.allocation.BAllocationController.remove()', 'DELETE', 1, 'admin', NULL, '/allocation/allocation/14', '127.0.0.1', '内网IP', '{}', '{\"msg\":\"操作成功\",\"code\":200}', 0, NULL, '2024-01-20 10:34:59', 3);
INSERT INTO `sys_oper_log` VALUES (714, '货物分配', 3, 'com.ruoyi.web.controller.allocation.BAllocationController.remove()', 'DELETE', 1, 'admin', NULL, '/allocation/allocation/15', '127.0.0.1', '内网IP', '{}', '{\"msg\":\"操作成功\",\"code\":200}', 0, NULL, '2024-01-20 10:35:01', 4);
INSERT INTO `sys_oper_log` VALUES (715, '货物管理', 2, 'com.ruoyi.web.controller.cargoinfo.BCargoController.edit()', 'PUT', 1, 'admin', NULL, '/cargoinfo/cargoinfo', '127.0.0.1', '内网IP', '{\"cargoId\":32,\"cargoImage\":\"/profile/upload/2024/01/16/冰箱_20240116092200A001.png\",\"cargoName\":\"冰箱\",\"cargoStatus\":\"未分配\",\"cargoType\":\"电器\",\"cargoVolume\":35.0,\"cargoWeight\":3000.0,\"params\":{},\"userId\":\"ogj5Q6VEG1HHJMqTEebwUtIPlGBs\"}', '{\"msg\":\"操作成功\",\"code\":200}', 0, NULL, '2024-01-20 10:35:11', 9);
INSERT INTO `sys_oper_log` VALUES (716, '货物管理', 2, 'com.ruoyi.web.controller.cargoinfo.BCargoController.edit()', 'PUT', 1, 'admin', NULL, '/cargoinfo/cargoinfo', '127.0.0.1', '内网IP', '{\"cargoId\":45,\"cargoImage\":\"/profile/upload/2024/01/18/液晶电视_20240118175438A001.png\",\"cargoName\":\"液晶电视\",\"cargoStatus\":\"未分配\",\"cargoType\":\"电器\",\"cargoVolume\":10.0,\"cargoWeight\":2000.0,\"params\":{},\"userId\":\"ogj5Q6VEG1HHJMqTEebwUtIPlGBs\"}', '{\"msg\":\"操作成功\",\"code\":200}', 0, NULL, '2024-01-20 10:35:14', 8);
INSERT INTO `sys_oper_log` VALUES (717, '货物管理', 2, 'com.ruoyi.web.controller.cargoinfo.BCargoController.edit()', 'PUT', 1, 'admin', NULL, '/cargoinfo/cargoinfo', '127.0.0.1', '内网IP', '{\"cargoId\":46,\"cargoImage\":\"/profile/upload/2024/01/18/空调_20240118180239A004.png\",\"cargoName\":\"空调\",\"cargoStatus\":\"未分配\",\"cargoType\":\"电器\",\"cargoVolume\":20.0,\"cargoWeight\":4000.0,\"params\":{},\"userId\":\"ogj5Q6VEG1HHJMqTEebwUtIPlGBs\"}', '{\"msg\":\"操作成功\",\"code\":200}', 0, NULL, '2024-01-20 10:35:18', 8);
INSERT INTO `sys_oper_log` VALUES (718, '货物管理', 2, 'com.ruoyi.web.controller.cargoinfo.BCargoController.edit()', 'PUT', 1, 'admin', NULL, '/cargoinfo/cargoinfo', '127.0.0.1', '内网IP', '{\"cargoId\":47,\"cargoImage\":\"/profile/upload/2024/01/18/电脑_20240118180621A005.jpg\",\"cargoName\":\"电脑\",\"cargoStatus\":\"未分配\",\"cargoType\":\"家电\",\"cargoVolume\":30.0,\"cargoWeight\":3000.0,\"params\":{},\"userId\":\"ogj5Q6VEG1HHJMqTEebwUtIPlGBs\"}', '{\"msg\":\"操作成功\",\"code\":200}', 0, NULL, '2024-01-20 10:35:21', 5);
INSERT INTO `sys_oper_log` VALUES (719, '集装箱管理', 2, 'com.ruoyi.web.controller.container.BContainerController.edit()', 'PUT', 1, 'admin', NULL, '/container/container', '127.0.0.1', '内网IP', '{\"containerId\":6,\"containerImage\":\"/profile/upload/2024/01/18/冷藏集装箱2_20240118181847A011.jpg\",\"containerLocation\":\"连云港\",\"containerStatus\":\"未装载\",\"containerType\":\"冷藏集装箱\",\"currentVolume\":0.0,\"currentWeight\":0.0,\"maxVolume\":33.0,\"maxWeight\":24000.0,\"params\":{}}', '{\"msg\":\"操作成功\",\"code\":200}', 0, NULL, '2024-01-20 10:35:30', 5);
INSERT INTO `sys_oper_log` VALUES (720, '集装箱管理', 2, 'com.ruoyi.web.controller.container.BContainerController.edit()', 'PUT', 1, 'admin', NULL, '/container/container', '127.0.0.1', '内网IP', '{\"cabinId\":1,\"containerHumidity\":0,\"containerId\":1,\"containerImage\":\"/profile/upload/2024/01/18/干货集装箱2_20240118181731A010.jpg\",\"containerLatitude\":\"\",\"containerLocation\":\"连云港\",\"containerLongitude\":\"\",\"containerStatus\":\"未装载\",\"containerTemperature\":0,\"containerType\":\"干货集装箱\",\"currentVolume\":0.0,\"currentWeight\":0.0,\"maxVolume\":67.7,\"maxWeight\":27600.0,\"params\":{},\"shipId\":1}', '{\"msg\":\"操作成功\",\"code\":200}', 0, NULL, '2024-01-20 10:35:34', 7);
INSERT INTO `sys_oper_log` VALUES (721, '集装箱管理', 2, 'com.ruoyi.web.controller.container.BContainerController.edit()', 'PUT', 1, 'admin', NULL, '/container/container', '127.0.0.1', '内网IP', '{\"containerHumidity\":0,\"containerId\":2,\"containerImage\":\"/profile/upload/2024/01/18/干货集装箱1_20240118181133A006.jpg\",\"containerLocation\":\"连云港\",\"containerStatus\":\"未装载\",\"containerTemperature\":0,\"containerType\":\"干货集装箱\",\"currentVolume\":0.0,\"currentWeight\":0.0,\"maxVolume\":67.7,\"maxWeight\":27600.0,\"params\":{}}', '{\"msg\":\"操作成功\",\"code\":200}', 0, NULL, '2024-01-20 10:35:37', 5);
INSERT INTO `sys_oper_log` VALUES (722, '集装箱管理', 2, 'com.ruoyi.web.controller.container.BContainerController.edit()', 'PUT', 1, 'admin', NULL, '/container/container', '127.0.0.1', '内网IP', '{\"cabinId\":1,\"containerHumidity\":0,\"containerId\":1,\"containerImage\":\"/profile/upload/2024/01/18/干货集装箱2_20240118181731A010.jpg\",\"containerLatitude\":\"\",\"containerLocation\":\"连云港\",\"containerLongitude\":\"\",\"containerStatus\":\"未装载\",\"containerTemperature\":0,\"containerType\":\"干货集装箱\",\"currentVolume\":65.0,\"currentWeight\":9000.0,\"maxVolume\":67.7,\"maxWeight\":27600.0,\"params\":{},\"shipId\":1}', '{\"msg\":\"操作成功\",\"code\":200}', 0, NULL, '2024-01-20 11:07:04', 28);
INSERT INTO `sys_oper_log` VALUES (723, '集装箱管理', 2, 'com.ruoyi.web.controller.container.BContainerController.edit()', 'PUT', 1, 'admin', NULL, '/container/container', '127.0.0.1', '内网IP', '{\"containerHumidity\":0,\"containerId\":2,\"containerImage\":\"/profile/upload/2024/01/18/干货集装箱1_20240118181133A006.jpg\",\"containerLocation\":\"连云港\",\"containerStatus\":\"未装载\",\"containerTemperature\":0,\"containerType\":\"干货集装箱\",\"currentVolume\":30.0,\"currentWeight\":3000.0,\"maxVolume\":67.7,\"maxWeight\":27600.0,\"params\":{}}', '{\"msg\":\"操作成功\",\"code\":200}', 0, NULL, '2024-01-20 11:07:08', 9);
INSERT INTO `sys_oper_log` VALUES (724, '货物管理', 2, 'com.ruoyi.web.controller.cargoinfo.BCargoController.edit()', 'PUT', 1, 'admin', NULL, '/cargoinfo/cargoinfo', '127.0.0.1', '内网IP', '{\"cargoId\":32,\"cargoImage\":\"/profile/upload/2024/01/16/冰箱_20240116092200A001.png\",\"cargoName\":\"冰箱\",\"cargoStatus\":\"未分配\",\"cargoType\":\"电器\",\"cargoVolume\":35.0,\"cargoWeight\":3000.0,\"params\":{},\"userId\":\"ogj5Q6VEG1HHJMqTEebwUtIPlGBs\"}', '{\"msg\":\"操作成功\",\"code\":200}', 0, NULL, '2024-01-20 11:07:26', 11);
INSERT INTO `sys_oper_log` VALUES (725, '货物管理', 2, 'com.ruoyi.web.controller.cargoinfo.BCargoController.edit()', 'PUT', 1, 'admin', NULL, '/cargoinfo/cargoinfo', '127.0.0.1', '内网IP', '{\"cargoId\":45,\"cargoImage\":\"/profile/upload/2024/01/18/液晶电视_20240118175438A001.png\",\"cargoName\":\"液晶电视\",\"cargoStatus\":\"未分配\",\"cargoType\":\"电器\",\"cargoVolume\":10.0,\"cargoWeight\":2000.0,\"params\":{},\"userId\":\"ogj5Q6VEG1HHJMqTEebwUtIPlGBs\"}', '{\"msg\":\"操作成功\",\"code\":200}', 0, NULL, '2024-01-20 11:07:29', 6);
INSERT INTO `sys_oper_log` VALUES (726, '货物管理', 2, 'com.ruoyi.web.controller.cargoinfo.BCargoController.edit()', 'PUT', 1, 'admin', NULL, '/cargoinfo/cargoinfo', '127.0.0.1', '内网IP', '{\"cargoId\":46,\"cargoImage\":\"/profile/upload/2024/01/18/空调_20240118180239A004.png\",\"cargoName\":\"空调\",\"cargoStatus\":\"未分配\",\"cargoType\":\"电器\",\"cargoVolume\":20.0,\"cargoWeight\":4000.0,\"params\":{},\"userId\":\"ogj5Q6VEG1HHJMqTEebwUtIPlGBs\"}', '{\"msg\":\"操作成功\",\"code\":200}', 0, NULL, '2024-01-20 11:07:33', 9);
INSERT INTO `sys_oper_log` VALUES (727, '货物管理', 2, 'com.ruoyi.web.controller.cargoinfo.BCargoController.edit()', 'PUT', 1, 'admin', NULL, '/cargoinfo/cargoinfo', '127.0.0.1', '内网IP', '{\"cargoId\":47,\"cargoImage\":\"/profile/upload/2024/01/18/电脑_20240118180621A005.jpg\",\"cargoName\":\"电脑\",\"cargoStatus\":\"未分配\",\"cargoType\":\"家电\",\"cargoVolume\":30.0,\"cargoWeight\":3000.0,\"params\":{},\"userId\":\"ogj5Q6VEG1HHJMqTEebwUtIPlGBs\"}', '{\"msg\":\"操作成功\",\"code\":200}', 0, NULL, '2024-01-20 11:07:36', 10);
INSERT INTO `sys_oper_log` VALUES (728, '货物分配', 3, 'com.ruoyi.web.controller.allocation.BAllocationController.remove()', 'DELETE', 1, 'admin', NULL, '/allocation/allocation/17,18,19,16', '127.0.0.1', '内网IP', '{}', '{\"msg\":\"操作成功\",\"code\":200}', 0, NULL, '2024-01-20 11:07:46', 10);
INSERT INTO `sys_oper_log` VALUES (729, '集装箱空间利用率', 3, 'com.ruoyi.web.controller.spacenote.BSpacenoteController.remove()', 'DELETE', 1, 'admin', NULL, '/spacenote/spacenote/14,15', '127.0.0.1', '内网IP', '{}', '{\"msg\":\"操作成功\",\"code\":200}', 0, NULL, '2024-01-20 11:07:51', 7);
INSERT INTO `sys_oper_log` VALUES (730, '集装箱空间利用率', 3, 'com.ruoyi.web.controller.spacenote.BSpacenoteController.remove()', 'DELETE', 1, 'admin', NULL, '/spacenote/spacenote/16', '127.0.0.1', '内网IP', '{}', '{\"msg\":\"操作成功\",\"code\":200}', 0, NULL, '2024-01-20 11:23:46', 34);
INSERT INTO `sys_oper_log` VALUES (731, '集装箱空间利用率', 3, 'com.ruoyi.web.controller.spacenote.BSpacenoteController.remove()', 'DELETE', 1, 'admin', NULL, '/spacenote/spacenote/17', '127.0.0.1', '内网IP', '{}', '{\"msg\":\"操作成功\",\"code\":200}', 0, NULL, '2024-01-20 11:23:48', 7);
INSERT INTO `sys_oper_log` VALUES (732, '货物分配', 3, 'com.ruoyi.web.controller.allocation.BAllocationController.remove()', 'DELETE', 1, 'admin', NULL, '/allocation/allocation/20,21,22,23', '127.0.0.1', '内网IP', '{}', '{\"msg\":\"操作成功\",\"code\":200}', 0, NULL, '2024-01-20 11:23:55', 7);
INSERT INTO `sys_oper_log` VALUES (733, '货物管理', 2, 'com.ruoyi.web.controller.cargoinfo.BCargoController.edit()', 'PUT', 1, 'admin', NULL, '/cargoinfo/cargoinfo', '127.0.0.1', '内网IP', '{\"cargoId\":32,\"cargoImage\":\"/profile/upload/2024/01/16/冰箱_20240116092200A001.png\",\"cargoName\":\"冰箱\",\"cargoStatus\":\"未分配\",\"cargoType\":\"电器\",\"cargoVolume\":35.0,\"cargoWeight\":3000.0,\"params\":{},\"userId\":\"ogj5Q6VEG1HHJMqTEebwUtIPlGBs\"}', '{\"msg\":\"操作成功\",\"code\":200}', 0, NULL, '2024-01-20 11:24:05', 15);
INSERT INTO `sys_oper_log` VALUES (734, '货物管理', 2, 'com.ruoyi.web.controller.cargoinfo.BCargoController.edit()', 'PUT', 1, 'admin', NULL, '/cargoinfo/cargoinfo', '127.0.0.1', '内网IP', '{\"cargoId\":45,\"cargoImage\":\"/profile/upload/2024/01/18/液晶电视_20240118175438A001.png\",\"cargoName\":\"液晶电视\",\"cargoStatus\":\"未分配\",\"cargoType\":\"电器\",\"cargoVolume\":10.0,\"cargoWeight\":2000.0,\"params\":{},\"userId\":\"ogj5Q6VEG1HHJMqTEebwUtIPlGBs\"}', '{\"msg\":\"操作成功\",\"code\":200}', 0, NULL, '2024-01-20 11:24:09', 5);
INSERT INTO `sys_oper_log` VALUES (735, '货物管理', 2, 'com.ruoyi.web.controller.cargoinfo.BCargoController.edit()', 'PUT', 1, 'admin', NULL, '/cargoinfo/cargoinfo', '127.0.0.1', '内网IP', '{\"cargoId\":46,\"cargoImage\":\"/profile/upload/2024/01/18/空调_20240118180239A004.png\",\"cargoName\":\"空调\",\"cargoStatus\":\"未分配\",\"cargoType\":\"电器\",\"cargoVolume\":20.0,\"cargoWeight\":4000.0,\"params\":{},\"userId\":\"ogj5Q6VEG1HHJMqTEebwUtIPlGBs\"}', '{\"msg\":\"操作成功\",\"code\":200}', 0, NULL, '2024-01-20 11:24:11', 10);
INSERT INTO `sys_oper_log` VALUES (736, '货物管理', 2, 'com.ruoyi.web.controller.cargoinfo.BCargoController.edit()', 'PUT', 1, 'admin', NULL, '/cargoinfo/cargoinfo', '127.0.0.1', '内网IP', '{\"cargoId\":47,\"cargoImage\":\"/profile/upload/2024/01/18/电脑_20240118180621A005.jpg\",\"cargoName\":\"电脑\",\"cargoStatus\":\"未分配\",\"cargoType\":\"家电\",\"cargoVolume\":30.0,\"cargoWeight\":3000.0,\"params\":{},\"userId\":\"ogj5Q6VEG1HHJMqTEebwUtIPlGBs\"}', '{\"msg\":\"操作成功\",\"code\":200}', 0, NULL, '2024-01-20 11:24:18', 6);
INSERT INTO `sys_oper_log` VALUES (737, '集装箱管理', 2, 'com.ruoyi.web.controller.container.BContainerController.edit()', 'PUT', 1, 'admin', NULL, '/container/container', '127.0.0.1', '内网IP', '{\"cabinId\":1,\"containerHumidity\":0,\"containerId\":1,\"containerImage\":\"/profile/upload/2024/01/18/干货集装箱2_20240118181731A010.jpg\",\"containerLatitude\":\"\",\"containerLocation\":\"连云港\",\"containerLongitude\":\"\",\"containerStatus\":\"未装载\",\"containerTemperature\":0,\"containerType\":\"干货集装箱\",\"currentVolume\":130.0,\"currentWeight\":15000.0,\"maxVolume\":67.7,\"maxWeight\":27600.0,\"params\":{},\"shipId\":1}', '{\"msg\":\"操作成功\",\"code\":200}', 0, NULL, '2024-01-20 11:24:37', 13);
INSERT INTO `sys_oper_log` VALUES (738, '集装箱管理', 2, 'com.ruoyi.web.controller.container.BContainerController.edit()', 'PUT', 1, 'admin', NULL, '/container/container', '127.0.0.1', '内网IP', '{\"containerHumidity\":0,\"containerId\":2,\"containerImage\":\"/profile/upload/2024/01/18/干货集装箱1_20240118181133A006.jpg\",\"containerLocation\":\"连云港\",\"containerStatus\":\"未装载\",\"containerTemperature\":0,\"containerType\":\"干货集装箱\",\"currentVolume\":60.0,\"currentWeight\":9000.0,\"maxVolume\":67.7,\"maxWeight\":27600.0,\"params\":{}}', '{\"msg\":\"操作成功\",\"code\":200}', 0, NULL, '2024-01-20 11:24:41', 5);
INSERT INTO `sys_oper_log` VALUES (739, '集装箱管理', 2, 'com.ruoyi.web.controller.container.BContainerController.edit()', 'PUT', 1, 'admin', NULL, '/container/container', '127.0.0.1', '内网IP', '{\"containerId\":3,\"containerImage\":\"/profile/upload/2024/01/18/干货集装箱2_20240118181307A007.jpg\",\"containerLocation\":\"连云港\",\"containerStatus\":\"未装载\",\"containerType\":\"干货集装箱\",\"currentVolume\":0.0,\"currentWeight\":0.0,\"maxVolume\":67.7,\"maxWeight\":27600.0,\"params\":{}}', '{\"msg\":\"操作成功\",\"code\":200}', 0, NULL, '2024-01-20 11:33:14', 23);
INSERT INTO `sys_oper_log` VALUES (740, '集装箱管理', 2, 'com.ruoyi.web.controller.container.BContainerController.edit()', 'PUT', 1, 'admin', NULL, '/container/container', '127.0.0.1', '内网IP', '{\"containerHumidity\":0,\"containerId\":2,\"containerImage\":\"/profile/upload/2024/01/18/干货集装箱1_20240118181133A006.jpg\",\"containerLocation\":\"连云港\",\"containerStatus\":\"未装载\",\"containerTemperature\":0,\"containerType\":\"干货集装箱\",\"currentVolume\":60.0,\"currentWeight\":9000.0,\"maxVolume\":67.7,\"maxWeight\":27600.0,\"params\":{}}', '{\"msg\":\"操作成功\",\"code\":200}', 0, NULL, '2024-01-20 11:33:22', 5);
INSERT INTO `sys_oper_log` VALUES (741, '集装箱管理', 2, 'com.ruoyi.web.controller.container.BContainerController.edit()', 'PUT', 1, 'admin', NULL, '/container/container', '127.0.0.1', '内网IP', '{\"cabinId\":1,\"containerHumidity\":0,\"containerId\":1,\"containerImage\":\"/profile/upload/2024/01/18/干货集装箱2_20240118181731A010.jpg\",\"containerLatitude\":\"\",\"containerLocation\":\"连云港\",\"containerLongitude\":\"\",\"containerStatus\":\"未装载\",\"containerTemperature\":0,\"containerType\":\"干货集装箱\",\"currentVolume\":130.0,\"currentWeight\":15000.0,\"maxVolume\":67.7,\"maxWeight\":27600.0,\"params\":{},\"shipId\":1}', '{\"msg\":\"操作成功\",\"code\":200}', 0, NULL, '2024-01-20 11:33:28', 8);
INSERT INTO `sys_oper_log` VALUES (742, '集装箱管理', 2, 'com.ruoyi.web.controller.container.BContainerController.edit()', 'PUT', 1, 'admin', NULL, '/container/container', '127.0.0.1', '内网IP', '{\"cabinId\":1,\"containerHumidity\":0,\"containerId\":1,\"containerImage\":\"/profile/upload/2024/01/18/干货集装箱2_20240118181731A010.jpg\",\"containerLatitude\":\"\",\"containerLocation\":\"连云港\",\"containerLongitude\":\"\",\"containerStatus\":\"未装载\",\"containerTemperature\":0,\"containerType\":\"干货集装箱\",\"currentVolume\":130.0,\"currentWeight\":15000.0,\"maxVolume\":67.7,\"maxWeight\":27600.0,\"params\":{},\"shipId\":1}', '{\"msg\":\"操作成功\",\"code\":200}', 0, NULL, '2024-01-20 11:39:31', 29);
INSERT INTO `sys_oper_log` VALUES (743, '集装箱空间利用率', 3, 'com.ruoyi.web.controller.spacenote.BSpacenoteController.remove()', 'DELETE', 1, 'admin', NULL, '/spacenote/spacenote/18,19,20,21', '127.0.0.1', '内网IP', '{}', '{\"msg\":\"操作成功\",\"code\":200}', 0, NULL, '2024-01-20 11:39:46', 9);
INSERT INTO `sys_oper_log` VALUES (744, '集装箱空间利用率', 3, 'com.ruoyi.web.controller.spacenote.BSpacenoteController.remove()', 'DELETE', 1, 'admin', NULL, '/spacenote/spacenote/22', '127.0.0.1', '内网IP', '{}', '{\"msg\":\"操作成功\",\"code\":200}', 0, NULL, '2024-01-20 11:42:33', 16);
INSERT INTO `sys_oper_log` VALUES (745, '集装箱管理', 2, 'com.ruoyi.web.controller.container.BContainerController.edit()', 'PUT', 1, 'admin', NULL, '/container/container', '127.0.0.1', '内网IP', '{\"cabinId\":1,\"containerHumidity\":0,\"containerId\":1,\"containerImage\":\"/profile/upload/2024/01/18/干货集装箱2_20240118181731A010.jpg\",\"containerLatitude\":\"\",\"containerLocation\":\"连云港\",\"containerLongitude\":\"\",\"containerStatus\":\"未装载\",\"containerTemperature\":0,\"containerType\":\"干货集装箱\",\"currentVolume\":130.0,\"currentWeight\":15000.0,\"maxVolume\":67.7,\"maxWeight\":27600.0,\"params\":{},\"shipId\":1}', '{\"msg\":\"操作成功\",\"code\":200}', 0, NULL, '2024-01-20 11:42:48', 24);
INSERT INTO `sys_oper_log` VALUES (746, '集装箱管理', 2, 'com.ruoyi.web.controller.container.BContainerController.edit()', 'PUT', 1, 'admin', NULL, '/container/container', '127.0.0.1', '内网IP', '{\"cabinId\":1,\"containerHumidity\":0,\"containerId\":1,\"containerImage\":\"/profile/upload/2024/01/18/干货集装箱2_20240118181731A010.jpg\",\"containerLatitude\":\"\",\"containerLocation\":\"连云港\",\"containerLongitude\":\"\",\"containerStatus\":\"未装载\",\"containerTemperature\":0,\"containerType\":\"干货集装箱\",\"currentVolume\":130.0,\"currentWeight\":15000.0,\"maxVolume\":67.7,\"maxWeight\":27600.0,\"params\":{},\"shipId\":1}', '{\"msg\":\"操作成功\",\"code\":200}', 0, NULL, '2024-01-20 12:09:00', 36);
INSERT INTO `sys_oper_log` VALUES (747, '集装箱空间利用率', 3, 'com.ruoyi.web.controller.spacenote.BSpacenoteController.remove()', 'DELETE', 1, 'admin', NULL, '/spacenote/spacenote/23', '127.0.0.1', '内网IP', '{}', '{\"msg\":\"操作成功\",\"code\":200}', 0, NULL, '2024-01-20 12:09:09', 12);
INSERT INTO `sys_oper_log` VALUES (748, '集装箱空间利用率', 3, 'com.ruoyi.web.controller.spacenote.BSpacenoteController.remove()', 'DELETE', 1, 'admin', NULL, '/spacenote/spacenote/24,25,26,27,28', '127.0.0.1', '内网IP', '{}', '{\"msg\":\"操作成功\",\"code\":200}', 0, NULL, '2024-01-20 12:20:30', 25);
INSERT INTO `sys_oper_log` VALUES (749, '货物分配', 3, 'com.ruoyi.web.controller.allocation.BAllocationController.remove()', 'DELETE', 1, 'admin', NULL, '/allocation/allocation/24,25,26,27,28', '127.0.0.1', '内网IP', '{}', '{\"msg\":\"操作成功\",\"code\":200}', 0, NULL, '2024-01-20 12:20:46', 24);
INSERT INTO `sys_oper_log` VALUES (750, '货物管理', 2, 'com.ruoyi.web.controller.cargoinfo.BCargoController.edit()', 'PUT', 1, 'admin', NULL, '/cargoinfo/cargoinfo', '127.0.0.1', '内网IP', '{\"cargoId\":32,\"cargoImage\":\"/profile/upload/2024/01/16/冰箱_20240116092200A001.png\",\"cargoName\":\"冰箱\",\"cargoStatus\":\"未分配\",\"cargoType\":\"电器\",\"cargoVolume\":35.0,\"cargoWeight\":3000.0,\"params\":{},\"userId\":\"ogj5Q6VEG1HHJMqTEebwUtIPlGBs\"}', '{\"msg\":\"操作成功\",\"code\":200}', 0, NULL, '2024-01-20 12:20:55', 17);
INSERT INTO `sys_oper_log` VALUES (751, '货物管理', 2, 'com.ruoyi.web.controller.cargoinfo.BCargoController.edit()', 'PUT', 1, 'admin', NULL, '/cargoinfo/cargoinfo', '127.0.0.1', '内网IP', '{\"cargoId\":45,\"cargoImage\":\"/profile/upload/2024/01/18/液晶电视_20240118175438A001.png\",\"cargoName\":\"液晶电视\",\"cargoStatus\":\"未分配\",\"cargoType\":\"电器\",\"cargoVolume\":10.0,\"cargoWeight\":2000.0,\"params\":{},\"userId\":\"ogj5Q6VEG1HHJMqTEebwUtIPlGBs\"}', '{\"msg\":\"操作成功\",\"code\":200}', 0, NULL, '2024-01-20 12:20:58', 8);
INSERT INTO `sys_oper_log` VALUES (752, '货物管理', 2, 'com.ruoyi.web.controller.cargoinfo.BCargoController.edit()', 'PUT', 1, 'admin', NULL, '/cargoinfo/cargoinfo', '127.0.0.1', '内网IP', '{\"cargoId\":46,\"cargoImage\":\"/profile/upload/2024/01/18/空调_20240118180239A004.png\",\"cargoName\":\"空调\",\"cargoStatus\":\"未分配\",\"cargoType\":\"电器\",\"cargoVolume\":20.0,\"cargoWeight\":4000.0,\"params\":{},\"userId\":\"ogj5Q6VEG1HHJMqTEebwUtIPlGBs\"}', '{\"msg\":\"操作成功\",\"code\":200}', 0, NULL, '2024-01-20 12:21:01', 5);
INSERT INTO `sys_oper_log` VALUES (753, '货物管理', 2, 'com.ruoyi.web.controller.cargoinfo.BCargoController.edit()', 'PUT', 1, 'admin', NULL, '/cargoinfo/cargoinfo', '127.0.0.1', '内网IP', '{\"cargoId\":47,\"cargoImage\":\"/profile/upload/2024/01/18/电脑_20240118180621A005.jpg\",\"cargoName\":\"电脑\",\"cargoStatus\":\"未分配\",\"cargoType\":\"家电\",\"cargoVolume\":30.0,\"cargoWeight\":3000.0,\"params\":{},\"userId\":\"ogj5Q6VEG1HHJMqTEebwUtIPlGBs\"}', '{\"msg\":\"操作成功\",\"code\":200}', 0, NULL, '2024-01-20 12:21:04', 10);
INSERT INTO `sys_oper_log` VALUES (754, '货物管理', 2, 'com.ruoyi.web.controller.cargoinfo.BCargoController.edit()', 'PUT', 1, 'admin', NULL, '/cargoinfo/cargoinfo', '127.0.0.1', '内网IP', '{\"cargoId\":47,\"cargoImage\":\"/profile/upload/2024/01/18/电脑_20240118180621A005.jpg\",\"cargoName\":\"电脑\",\"cargoStatus\":\"未分配\",\"cargoType\":\"家电\",\"cargoVolume\":30.0,\"cargoWeight\":3000.0,\"params\":{},\"userId\":\"ogj5Q6VEG1HHJMqTEebwUtIPlGBs\"}', '{\"msg\":\"操作成功\",\"code\":200}', 0, NULL, '2024-01-20 12:21:29', 3);
INSERT INTO `sys_oper_log` VALUES (755, '货物管理', 2, 'com.ruoyi.web.controller.cargoinfo.BCargoController.edit()', 'PUT', 1, 'admin', NULL, '/cargoinfo/cargoinfo', '127.0.0.1', '内网IP', '{\"cargoId\":48,\"cargoImage\":\"/profile/upload/2024/01/18/西瓜_20240118183744A013.jpg\",\"cargoName\":\"西瓜\",\"cargoStatus\":\"未分配\",\"cargoType\":\"冷冻冷藏货物\",\"cargoVolume\":30.0,\"cargoWeight\":3000.0,\"params\":{},\"userId\":\"ogj5Q6VEG1HHJMqTEebwUtIPlGBs\"}', '{\"msg\":\"操作成功\",\"code\":200}', 0, NULL, '2024-01-20 12:21:33', 12);
INSERT INTO `sys_oper_log` VALUES (756, '集装箱管理', 2, 'com.ruoyi.web.controller.container.BContainerController.edit()', 'PUT', 1, 'admin', NULL, '/container/container', '127.0.0.1', '内网IP', '{\"cabinId\":1,\"containerHumidity\":0,\"containerId\":1,\"containerImage\":\"/profile/upload/2024/01/18/干货集装箱2_20240118181731A010.jpg\",\"containerLatitude\":\"\",\"containerLocation\":\"连云港\",\"containerLongitude\":\"\",\"containerStatus\":\"未装载\",\"containerTemperature\":0,\"containerType\":\"干货集装箱\",\"currentVolume\":195.0,\"currentWeight\":24000.0,\"maxVolume\":67.7,\"maxWeight\":27600.0,\"params\":{},\"shipId\":1}', '{\"msg\":\"操作成功\",\"code\":200}', 0, NULL, '2024-01-20 12:22:05', 12);
INSERT INTO `sys_oper_log` VALUES (757, '集装箱管理', 2, 'com.ruoyi.web.controller.container.BContainerController.edit()', 'PUT', 1, 'admin', NULL, '/container/container', '127.0.0.1', '内网IP', '{\"containerHumidity\":0,\"containerId\":2,\"containerImage\":\"/profile/upload/2024/01/18/干货集装箱1_20240118181133A006.jpg\",\"containerLocation\":\"连云港\",\"containerStatus\":\"未装载\",\"containerTemperature\":0,\"containerType\":\"干货集装箱\",\"currentVolume\":90.0,\"currentWeight\":12000.0,\"maxVolume\":67.7,\"maxWeight\":27600.0,\"params\":{}}', '{\"msg\":\"操作成功\",\"code\":200}', 0, NULL, '2024-01-20 12:22:08', 8);
INSERT INTO `sys_oper_log` VALUES (758, '集装箱管理', 2, 'com.ruoyi.web.controller.container.BContainerController.edit()', 'PUT', 1, 'admin', NULL, '/container/container', '127.0.0.1', '内网IP', '{\"containerId\":5,\"containerImage\":\"/profile/upload/2024/01/18/冷藏集装箱1_20240118181615A009.jpg\",\"containerLocation\":\"连云港\",\"containerStatus\":\"未装载\",\"containerType\":\"冷藏集装箱\",\"currentVolume\":30.0,\"currentWeight\":3000.0,\"maxVolume\":33.0,\"maxWeight\":24000.0,\"params\":{}}', '{\"msg\":\"操作成功\",\"code\":200}', 0, NULL, '2024-01-20 12:22:13', 8);
INSERT INTO `sys_oper_log` VALUES (759, '集装箱管理', 2, 'com.ruoyi.web.controller.container.BContainerController.edit()', 'PUT', 1, 'admin', NULL, '/container/container', '127.0.0.1', '内网IP', '{\"containerId\":6,\"containerImage\":\"/profile/upload/2024/01/18/冷藏集装箱2_20240118181847A011.jpg\",\"containerLocation\":\"连云港\",\"containerStatus\":\"未装载\",\"containerType\":\"冷藏集装箱\",\"currentVolume\":0.0,\"currentWeight\":0.0,\"maxVolume\":33.0,\"maxWeight\":24000.0,\"params\":{}}', '{\"msg\":\"操作成功\",\"code\":200}', 0, NULL, '2024-01-20 12:22:16', 10);
INSERT INTO `sys_oper_log` VALUES (760, '集装箱管理', 2, 'com.ruoyi.web.controller.container.BContainerController.edit()', 'PUT', 1, 'admin', NULL, '/container/container', '127.0.0.1', '内网IP', '{\"containerId\":7,\"containerImage\":\"/profile/upload/2024/01/18/开顶集装箱_20240118182042A012.jpg\",\"containerLocation\":\"连云港\",\"containerStatus\":\"未装载\",\"containerType\":\"开顶集装箱\",\"currentVolume\":0.0,\"currentWeight\":0.0,\"maxVolume\":66.4,\"maxWeight\":26630.0,\"params\":{}}', '{\"msg\":\"操作成功\",\"code\":200}', 0, NULL, '2024-01-20 12:22:22', 4);
INSERT INTO `sys_oper_log` VALUES (761, '集装箱管理', 2, 'com.ruoyi.web.controller.container.BContainerController.edit()', 'PUT', 1, 'admin', NULL, '/container/container', '127.0.0.1', '内网IP', '{\"cabinId\":1,\"containerHumidity\":0,\"containerId\":1,\"containerImage\":\"/profile/upload/2024/01/18/干货集装箱2_20240118181731A010.jpg\",\"containerLatitude\":\"\",\"containerLocation\":\"连云港\",\"containerLongitude\":\"\",\"containerStatus\":\"未装载\",\"containerTemperature\":0,\"containerType\":\"干货集装箱\",\"currentVolume\":0.0,\"currentWeight\":0.0,\"maxVolume\":67.7,\"maxWeight\":27600.0,\"params\":{},\"shipId\":1}', '{\"msg\":\"操作成功\",\"code\":200}', 0, NULL, '2024-01-20 12:22:39', 9);
INSERT INTO `sys_oper_log` VALUES (762, '集装箱管理', 2, 'com.ruoyi.web.controller.container.BContainerController.edit()', 'PUT', 1, 'admin', NULL, '/container/container', '127.0.0.1', '内网IP', '{\"containerHumidity\":0,\"containerId\":2,\"containerImage\":\"/profile/upload/2024/01/18/干货集装箱1_20240118181133A006.jpg\",\"containerLocation\":\"连云港\",\"containerStatus\":\"未装载\",\"containerTemperature\":0,\"containerType\":\"干货集装箱\",\"currentVolume\":0.0,\"currentWeight\":0.0,\"maxVolume\":67.7,\"maxWeight\":27600.0,\"params\":{}}', '{\"msg\":\"操作成功\",\"code\":200}', 0, NULL, '2024-01-20 12:22:43', 7);
INSERT INTO `sys_oper_log` VALUES (763, '集装箱管理', 2, 'com.ruoyi.web.controller.container.BContainerController.edit()', 'PUT', 1, 'admin', NULL, '/container/container', '127.0.0.1', '内网IP', '{\"containerId\":5,\"containerImage\":\"/profile/upload/2024/01/18/冷藏集装箱1_20240118181615A009.jpg\",\"containerLocation\":\"连云港\",\"containerStatus\":\"未装载\",\"containerType\":\"冷藏集装箱\",\"currentVolume\":0.0,\"currentWeight\":0.0,\"maxVolume\":33.0,\"maxWeight\":24000.0,\"params\":{}}', '{\"msg\":\"操作成功\",\"code\":200}', 0, NULL, '2024-01-20 12:22:49', 7);
INSERT INTO `sys_oper_log` VALUES (764, '集装箱管理', 2, 'com.ruoyi.web.controller.container.BContainerController.edit()', 'PUT', 1, 'admin', NULL, '/container/container', '127.0.0.1', '内网IP', '{\"containerId\":6,\"containerImage\":\"/profile/upload/2024/01/18/冷藏集装箱2_20240118181847A011.jpg\",\"containerLocation\":\"连云港\",\"containerStatus\":\"未装载\",\"containerType\":\"冷藏集装箱\",\"currentVolume\":0.0,\"currentWeight\":0.0,\"maxVolume\":100.0,\"maxWeight\":24000.0,\"params\":{}}', '{\"msg\":\"操作成功\",\"code\":200}', 0, NULL, '2024-01-20 12:50:46', 7);
INSERT INTO `sys_oper_log` VALUES (765, '集装箱管理', 2, 'com.ruoyi.web.controller.container.BContainerController.edit()', 'PUT', 1, 'admin', NULL, '/container/container', '127.0.0.1', '内网IP', '{\"containerId\":7,\"containerImage\":\"/profile/upload/2024/01/18/开顶集装箱_20240118182042A012.jpg\",\"containerLocation\":\"连云港\",\"containerStatus\":\"未装载\",\"containerType\":\"开顶集装箱\",\"currentVolume\":0.0,\"currentWeight\":0.0,\"maxVolume\":200.0,\"maxWeight\":26630.0,\"params\":{}}', '{\"msg\":\"操作成功\",\"code\":200}', 0, NULL, '2024-01-20 12:50:53', 4);
INSERT INTO `sys_oper_log` VALUES (766, '集装箱管理', 2, 'com.ruoyi.web.controller.container.BContainerController.edit()', 'PUT', 1, 'admin', NULL, '/container/container', '127.0.0.1', '内网IP', '{\"containerId\":5,\"containerImage\":\"/profile/upload/2024/01/18/冷藏集装箱1_20240118181615A009.jpg\",\"containerLocation\":\"连云港\",\"containerStatus\":\"已装载\",\"containerType\":\"冷藏集装箱\",\"currentVolume\":30.0,\"currentWeight\":3000.0,\"maxVolume\":60.0,\"maxWeight\":24000.0,\"params\":{}}', '{\"msg\":\"操作成功\",\"code\":200}', 0, NULL, '2024-01-20 12:51:36', 6);
INSERT INTO `sys_oper_log` VALUES (767, '集装箱管理', 2, 'com.ruoyi.web.controller.container.BContainerController.edit()', 'PUT', 1, 'admin', NULL, '/container/container', '127.0.0.1', '内网IP', '{\"containerId\":7,\"containerImage\":\"/profile/upload/2024/01/18/开顶集装箱_20240118182042A012.jpg\",\"containerLocation\":\"连云港\",\"containerStatus\":\"未装载\",\"containerType\":\"开顶集装箱\",\"currentVolume\":0.0,\"currentWeight\":0.0,\"maxVolume\":150.0,\"maxWeight\":26630.0,\"params\":{}}', '{\"msg\":\"操作成功\",\"code\":200}', 0, NULL, '2024-01-20 12:51:43', 4);
INSERT INTO `sys_oper_log` VALUES (768, '菜单管理', 1, 'com.ruoyi.web.controller.system.SysMenuController.add()', 'POST', 1, 'admin', NULL, '/system/menu', '127.0.0.1', '内网IP', '{\"children\":[],\"component\":\"containervisual\",\"createBy\":\"admin\",\"icon\":\"date\",\"isCache\":\"1\",\"isFrame\":\"1\",\"menuName\":\"集装箱分配可视化\",\"menuType\":\"C\",\"orderNum\":5,\"params\":{},\"parentId\":2000,\"path\":\"containervisual\",\"status\":\"0\",\"visible\":\"0\"}', '{\"msg\":\"操作成功\",\"code\":200}', 0, NULL, '2024-01-20 16:14:50', 67);
INSERT INTO `sys_oper_log` VALUES (769, '菜单管理', 3, 'com.ruoyi.web.controller.system.SysMenuController.remove()', 'DELETE', 1, 'admin', NULL, '/system/menu/2049', '127.0.0.1', '内网IP', '{}', '{\"msg\":\"操作成功\",\"code\":200}', 0, NULL, '2024-01-20 20:19:54', 17);
INSERT INTO `sys_oper_log` VALUES (770, '角色管理', 1, 'com.ruoyi.web.controller.system.SysRoleController.add()', 'POST', 1, 'admin', NULL, '/system/role', '127.0.0.1', '内网IP', '{\"admin\":false,\"createBy\":\"admin\",\"deptCheckStrictly\":true,\"deptIds\":[],\"flag\":false,\"menuCheckStrictly\":true,\"menuIds\":[2059,2061,2062,2063,2067,2070],\"params\":{},\"roleId\":101,\"roleKey\":\"shipcompany\",\"roleName\":\"航运公司\",\"roleSort\":3,\"status\":\"0\"}', '{\"msg\":\"操作成功\",\"code\":200}', 0, NULL, '2024-01-21 18:53:01', 51);
INSERT INTO `sys_oper_log` VALUES (771, '角色管理', 1, 'com.ruoyi.web.controller.system.SysRoleController.add()', 'POST', 1, 'admin', NULL, '/system/role', '127.0.0.1', '内网IP', '{\"admin\":false,\"createBy\":\"admin\",\"deptCheckStrictly\":true,\"deptIds\":[],\"flag\":false,\"menuCheckStrictly\":true,\"menuIds\":[2060,2064,2065,2066,2000,2040,2041,2071,2072],\"params\":{},\"roleId\":102,\"roleKey\":\"ff\",\"roleName\":\"货代公司\",\"roleSort\":0,\"status\":\"0\"}', '{\"msg\":\"操作成功\",\"code\":200}', 0, NULL, '2024-01-21 18:53:42', 18);
INSERT INTO `sys_oper_log` VALUES (772, '角色管理', 2, 'com.ruoyi.web.controller.system.SysRoleController.edit()', 'PUT', 1, 'admin', NULL, '/system/role', '127.0.0.1', '内网IP', '{\"admin\":false,\"createTime\":\"2024-01-21 18:53:42\",\"dataScope\":\"1\",\"delFlag\":\"0\",\"deptCheckStrictly\":true,\"flag\":false,\"menuCheckStrictly\":true,\"menuIds\":[2060,2064,2065,2066,2000,2040,2041,2071,2072],\"params\":{},\"roleId\":102,\"roleKey\":\"ff\",\"roleName\":\"货代公司\",\"roleSort\":5,\"status\":\"0\",\"updateBy\":\"admin\"}', '{\"msg\":\"操作成功\",\"code\":200}', 0, NULL, '2024-01-21 18:54:08', 11);
INSERT INTO `sys_oper_log` VALUES (773, '角色管理', 2, 'com.ruoyi.web.controller.system.SysRoleController.edit()', 'PUT', 1, 'admin', NULL, '/system/role', '127.0.0.1', '内网IP', '{\"admin\":false,\"createTime\":\"2023-12-17 15:55:20\",\"dataScope\":\"1\",\"delFlag\":\"0\",\"deptCheckStrictly\":true,\"flag\":false,\"menuCheckStrictly\":true,\"menuIds\":[2039,2042,2044,2043,2068,2069,2045,2046,2047,2053,2003],\"params\":{},\"roleId\":100,\"roleKey\":\"portuser\",\"roleName\":\"港口\",\"roleSort\":3,\"status\":\"0\",\"updateBy\":\"admin\"}', '{\"msg\":\"操作成功\",\"code\":200}', 0, NULL, '2024-01-21 18:54:32', 12);
INSERT INTO `sys_oper_log` VALUES (774, '用户管理', 1, 'com.ruoyi.web.controller.system.SysUserController.add()', 'POST', 1, 'admin', NULL, '/system/user', '127.0.0.1', '内网IP', '{\"admin\":false,\"createBy\":\"admin\",\"deptId\":105,\"nickName\":\"shipcompany\",\"params\":{},\"postIds\":[],\"roleIds\":[],\"status\":\"0\",\"userId\":101,\"userName\":\"shipcompany\"}', '{\"msg\":\"操作成功\",\"code\":200}', 0, NULL, '2024-01-21 18:55:14', 84);
INSERT INTO `sys_oper_log` VALUES (775, '用户管理', 2, 'com.ruoyi.web.controller.system.SysUserController.edit()', 'PUT', 1, 'admin', NULL, '/system/user', '127.0.0.1', '内网IP', '{\"admin\":false,\"avatar\":\"\",\"createBy\":\"admin\",\"createTime\":\"2024-01-21 18:55:14\",\"delFlag\":\"0\",\"dept\":{\"ancestors\":\"0,100,101\",\"children\":[],\"deptId\":105,\"deptName\":\"测试部门\",\"leader\":\"若依\",\"orderNum\":3,\"params\":{},\"parentId\":101,\"status\":\"0\"},\"deptId\":105,\"email\":\"\",\"loginIp\":\"\",\"nickName\":\"shipcompany\",\"params\":{},\"phonenumber\":\"\",\"postIds\":[],\"roleIds\":[101],\"roles\":[],\"sex\":\"0\",\"status\":\"0\",\"updateBy\":\"admin\",\"userId\":101,\"userName\":\"shipcompany\"}', '{\"msg\":\"操作成功\",\"code\":200}', 0, NULL, '2024-01-21 18:55:39', 16);
INSERT INTO `sys_oper_log` VALUES (776, '用户管理', 1, 'com.ruoyi.web.controller.system.SysUserController.add()', 'POST', 1, 'admin', NULL, '/system/user', '127.0.0.1', '内网IP', '{\"admin\":false,\"createBy\":\"admin\",\"nickName\":\"ff\",\"params\":{},\"postIds\":[],\"roleIds\":[102],\"status\":\"0\",\"userId\":102,\"userName\":\"ff\"}', '{\"msg\":\"操作成功\",\"code\":200}', 0, NULL, '2024-01-21 18:55:50', 86);
INSERT INTO `sys_oper_log` VALUES (777, 'wxuser', 2, 'com.ruoyi.web.controller.user.WxUserController.edit()', 'PUT', 1, 'admin', NULL, '/user/user', '127.0.0.1', '内网IP', '{\"openId\":\"ogj5Q6VEG1HHJMqTEebwUtIPlGBs\",\"params\":{},\"phoneNumber\":\"13236310189\",\"userIdentity\":\"货物检测人员\",\"userName\":\"Victor\",\"walletBalance\":0}', '{\"msg\":\"操作成功\",\"code\":200}', 0, NULL, '2024-01-22 12:10:52', 20);
INSERT INTO `sys_oper_log` VALUES (778, '代码生成', 6, 'com.ruoyi.generator.controller.GenController.importTableSave()', 'POST', 1, 'admin', NULL, '/tool/gen/importTable', '127.0.0.1', '内网IP', '{\"tables\":\"b_dangerknowledge\"}', '{\"msg\":\"操作成功\",\"code\":200}', 0, NULL, '2024-01-22 12:54:07', 64);
INSERT INTO `sys_oper_log` VALUES (779, '代码生成', 2, 'com.ruoyi.generator.controller.GenController.editSave()', 'PUT', 1, 'admin', NULL, '/tool/gen', '127.0.0.1', '内网IP', '{\"businessName\":\"dangerknowledge\",\"className\":\"BDangerknowledge\",\"columns\":[{\"capJavaField\":\"DangerId\",\"columnComment\":\"id\",\"columnId\":131,\"columnName\":\"danger_id\",\"columnType\":\"int\",\"createBy\":\"admin\",\"createTime\":\"2024-01-22 12:54:07\",\"dictType\":\"\",\"edit\":false,\"htmlType\":\"input\",\"increment\":false,\"insert\":true,\"isIncrement\":\"0\",\"isInsert\":\"1\",\"isPk\":\"1\",\"javaField\":\"dangerId\",\"javaType\":\"Long\",\"list\":false,\"params\":{},\"pk\":true,\"query\":false,\"queryType\":\"EQ\",\"required\":false,\"sort\":1,\"superColumn\":false,\"tableId\":20,\"updateBy\":\"\",\"usableColumn\":false},{\"capJavaField\":\"DangerName\",\"columnComment\":\"危险品名称\",\"columnId\":132,\"columnName\":\"danger_name\",\"columnType\":\"varchar(255)\",\"createBy\":\"admin\",\"createTime\":\"2024-01-22 12:54:07\",\"dictType\":\"\",\"edit\":true,\"htmlType\":\"input\",\"increment\":false,\"insert\":true,\"isEdit\":\"1\",\"isIncrement\":\"0\",\"isInsert\":\"1\",\"isList\":\"1\",\"isPk\":\"0\",\"isQuery\":\"1\",\"javaField\":\"dangerName\",\"javaType\":\"String\",\"list\":true,\"params\":{},\"pk\":false,\"query\":true,\"queryType\":\"LIKE\",\"required\":false,\"sort\":2,\"superColumn\":false,\"tableId\":20,\"updateBy\":\"\",\"usableColumn\":false},{\"capJavaField\":\"DangerType\",\"columnComment\":\"危险品分类\",\"columnId\":133,\"columnName\":\"danger_type\",\"columnType\":\"varchar(255)\",\"createBy\":\"admin\",\"createTime\":\"2024-01-22 12:54:07\",\"dictType\":\"\",\"edit\":true,\"htmlType\":\"select\",\"increment\":false,\"insert\":true,\"isEdit\":\"1\",\"isIncrement\":\"0\",\"isInsert\":\"1\",\"isList\":\"1\",\"isPk\":\"0\",\"isQuery\":\"1\",\"javaField\":\"dangerType\",\"javaType\":\"String\",\"list\":true,\"params\":{},\"pk\":false,\"query\":true,\"queryType\":\"EQ\",\"required\":false,\"sort\":3,\"superColumn\":false,\"tableId\":20,\"updateBy\":\"\",\"usableColumn\":false},{\"capJavaField\":\"DangerNum\",\"columnComment\":\"危险品代码\",\"columnId\":134,\"columnName\":\"danger_num\",\"columnType\":\"int\",\"createBy\":\"admin\",\"createTime\":\"2024-01-22 12:54:07\",\"dictType\":\"\",\"edit\":true,\"htmlType\":\"input\",\"increment\":false,\"insert\":true,\"isEdit\":\"1\",\"isIncrement\":\"0\",\"isInsert\":\"1\",\"isList\":\"1\",\"isPk\":\"0\",\"isQuery\":\"1\",\"javaField\":\"dangerNum\"', '{\"msg\":\"操作成功\",\"code\":200}', 0, NULL, '2024-01-22 13:01:07', 56);
INSERT INTO `sys_oper_log` VALUES (780, '代码生成', 8, 'com.ruoyi.generator.controller.GenController.batchGenCode()', 'GET', 1, 'admin', NULL, '/tool/gen/batchGenCode', '127.0.0.1', '内网IP', '{\"tables\":\"b_dangerknowledge\"}', NULL, 0, NULL, '2024-01-22 13:01:14', 174);
INSERT INTO `sys_oper_log` VALUES (781, '代码生成', 8, 'com.ruoyi.generator.controller.GenController.batchGenCode()', 'GET', 1, 'admin', NULL, '/tool/gen/batchGenCode', '127.0.0.1', '内网IP', '{\"tables\":\"b_dangerknowledge\"}', NULL, 0, NULL, '2024-01-22 13:17:28', 45);
INSERT INTO `sys_oper_log` VALUES (782, '危险品知识库', 1, 'com.ruoyi.web.controller.dangerknowledge.BDangerknowledgeController.add()', 'POST', 1, 'admin', NULL, '/dangerknowledge/dangerknowledge', '127.0.0.1', '内网IP', '{\"checkWay\":\"对于刀具的检查可以包括检查刀刃是否锋利、是否存在破损或松动的部分，以及是否有适当的保护措施（如刀鞘或刀套）等\",\"dangerAction\":\"在使用刀具时要注意安全，避免刺伤自己或他人。刀具在使用完毕后应妥善存放，远离儿童或未经许可的人群。使用过程中如发生意外伤害，应及时寻求医疗救助。\",\"dangerName\":\"刀（Knife）\",\"dangerNum\":\"KN\",\"dangerType\":\"利器类\",\"params\":{},\"securityNotes\":\"使用刀具时要谨慎操作，避免误伤自己或他人。在携带刀具时要遵守相关法律法规，并确保刀具的合法性和合规性\"}', NULL, 1, '\r\n### Error updating database.  Cause: java.sql.SQLException: Field \'danger_id\' doesn\'t have a default value\r\n### The error may exist in file [C:\\Users\\16789\\Desktop\\总文件\\项目\\Cargo-ship-carrying-visualization-platform-system\\cargo-dangerknowledge\\target\\classes\\mapper\\dangerknowledge\\BDangerknowledgeMapper.xml]\r\n### The error may involve com.ruoyi.dangerknowledge.mapper.BDangerknowledgeMapper.insertBDangerknowledge-Inline\r\n### The error occurred while setting parameters\r\n### SQL: insert into b_dangerknowledge          ( danger_name,             danger_type,             danger_num,             danger_action,             check_way,             security_notes )           values ( ?,             ?,             ?,             ?,             ?,             ? )\r\n### Cause: java.sql.SQLException: Field \'danger_id\' doesn\'t have a default value\n; Field \'danger_id\' doesn\'t have a default value; nested exception is java.sql.SQLException: Field \'danger_id\' doesn\'t have a default value', '2024-01-23 10:14:16', 82);
INSERT INTO `sys_oper_log` VALUES (783, '危险品知识库', 1, 'com.ruoyi.web.controller.dangerknowledge.BDangerknowledgeController.add()', 'POST', 1, 'admin', NULL, '/dangerknowledge/dangerknowledge', '127.0.0.1', '内网IP', '{\"checkWay\":\"对于刀具的检查可以包括检查刀刃是否锋利、是否存在破损或松动的部分，以及是否有适当的保护措施（如刀鞘或刀套）等\",\"dangerAction\":\"在使用刀具时要注意安全，避免刺伤自己或他人。刀具在使用完毕后应妥善存放，远离儿童或未经许可的人群。使用过程中如发生意外伤害，应及时寻求医疗救助。\",\"dangerName\":\"刀（Knife）\",\"dangerNum\":\"KN\",\"dangerType\":\"利器类\",\"params\":{},\"securityNotes\":\"使用刀具时要谨慎操作，避免误伤自己或他人。在携带刀具时要遵守相关法律法规，并确保刀具的合法性和合规性\"}', '{\"msg\":\"操作成功\",\"code\":200}', 0, NULL, '2024-01-23 10:14:35', 10);
INSERT INTO `sys_oper_log` VALUES (784, '危险品知识库', 2, 'com.ruoyi.web.controller.dangerknowledge.BDangerknowledgeController.edit()', 'PUT', 1, 'admin', NULL, '/dangerknowledge/dangerknowledge', '127.0.0.1', '内网IP', '{\"checkWay\":\"对于刀具的检查可以包括检查刀刃是否锋利、是否存在破损或松动的部分，以及是否有适当的保护措施（如刀鞘或刀套）等\",\"dangerAction\":\"在使用刀具时要注意安全，避免刺伤自己或他人。刀具在使用完毕后应妥善存放，远离儿童或未经许可的人群。使用过程中如发生意外伤害，应及时寻求医疗救助。\",\"dangerId\":1,\"dangerImage\":\"/profile/upload/2024/01/23/刀_20240123101527A001.jpg\",\"dangerName\":\"刀（Knife）\",\"dangerNum\":\"KN\",\"dangerType\":\"利器类\",\"params\":{},\"securityNotes\":\"使用刀具时要谨慎操作，避免误伤自己或他人。在携带刀具时要遵守相关法律法规，并确保刀具的合法性和合规性\"}', '{\"msg\":\"操作成功\",\"code\":200}', 0, NULL, '2024-01-23 10:15:27', 9);
INSERT INTO `sys_oper_log` VALUES (785, '菜单管理', 1, 'com.ruoyi.web.controller.system.SysMenuController.add()', 'POST', 1, 'admin', NULL, '/system/menu', '127.0.0.1', '内网IP', '{\"children\":[],\"component\":\"vehicle\",\"createBy\":\"admin\",\"icon\":\"date\",\"isCache\":\"1\",\"isFrame\":\"1\",\"menuName\":\"货车管理\",\"menuType\":\"C\",\"orderNum\":0,\"params\":{},\"parentId\":2046,\"path\":\"vehicle\",\"status\":\"0\",\"visible\":\"0\"}', '{\"msg\":\"操作成功\",\"code\":200}', 0, NULL, '2024-01-24 11:15:02', 25);
INSERT INTO `sys_oper_log` VALUES (786, '代码生成', 6, 'com.ruoyi.generator.controller.GenController.importTableSave()', 'POST', 1, 'admin', NULL, '/tool/gen/importTable', '127.0.0.1', '内网IP', '{\"tables\":\"b_vehicle\"}', '{\"msg\":\"操作成功\",\"code\":200}', 0, NULL, '2024-01-24 11:16:06', 58);
INSERT INTO `sys_oper_log` VALUES (787, '代码生成', 2, 'com.ruoyi.generator.controller.GenController.editSave()', 'PUT', 1, 'admin', NULL, '/tool/gen', '127.0.0.1', '内网IP', '{\"businessName\":\"vehicle\",\"className\":\"BVehicle\",\"columns\":[{\"capJavaField\":\"VehicleId\",\"columnComment\":\"车辆编号\",\"columnId\":139,\"columnName\":\"vehicle_id\",\"columnType\":\"int\",\"createBy\":\"admin\",\"createTime\":\"2024-01-24 11:16:06\",\"dictType\":\"\",\"edit\":false,\"htmlType\":\"input\",\"increment\":true,\"insert\":true,\"isIncrement\":\"1\",\"isInsert\":\"1\",\"isPk\":\"1\",\"javaField\":\"vehicleId\",\"javaType\":\"Long\",\"list\":false,\"params\":{},\"pk\":true,\"query\":false,\"queryType\":\"EQ\",\"required\":false,\"sort\":1,\"superColumn\":false,\"tableId\":21,\"updateBy\":\"\",\"usableColumn\":false},{\"capJavaField\":\"VehicleType\",\"columnComment\":\"车辆类型\",\"columnId\":140,\"columnName\":\"vehicle_type\",\"columnType\":\"varchar(255)\",\"createBy\":\"admin\",\"createTime\":\"2024-01-24 11:16:06\",\"dictType\":\"\",\"edit\":true,\"htmlType\":\"select\",\"increment\":false,\"insert\":true,\"isEdit\":\"1\",\"isIncrement\":\"0\",\"isInsert\":\"1\",\"isList\":\"1\",\"isPk\":\"0\",\"isQuery\":\"1\",\"javaField\":\"vehicleType\",\"javaType\":\"String\",\"list\":true,\"params\":{},\"pk\":false,\"query\":true,\"queryType\":\"EQ\",\"required\":false,\"sort\":2,\"superColumn\":false,\"tableId\":21,\"updateBy\":\"\",\"usableColumn\":false},{\"capJavaField\":\"VehicleStatus\",\"columnComment\":\"车辆状态\",\"columnId\":141,\"columnName\":\"vehicle_status\",\"columnType\":\"varchar(255)\",\"createBy\":\"admin\",\"createTime\":\"2024-01-24 11:16:06\",\"dictType\":\"\",\"edit\":true,\"htmlType\":\"radio\",\"increment\":false,\"insert\":true,\"isEdit\":\"1\",\"isIncrement\":\"0\",\"isInsert\":\"1\",\"isList\":\"1\",\"isPk\":\"0\",\"isQuery\":\"1\",\"javaField\":\"vehicleStatus\",\"javaType\":\"String\",\"list\":true,\"params\":{},\"pk\":false,\"query\":true,\"queryType\":\"EQ\",\"required\":false,\"sort\":3,\"superColumn\":false,\"tableId\":21,\"updateBy\":\"\",\"usableColumn\":false},{\"capJavaField\":\"VehicleImage\",\"columnComment\":\"车辆图片\",\"columnId\":142,\"columnName\":\"vehicle_image\",\"columnType\":\"varchar(255)\",\"createBy\":\"admin\",\"createTime\":\"2024-01-24 11:16:06\",\"dictType\":\"\",\"edit\":true,\"htmlType\":\"imageUpload\",\"increment\":false,\"insert\":true,\"isEdit\":\"1\",\"isIncrement\":\"0\",\"isInsert\":\"1\",\"isList\":\"1\",\"isPk\":\"0\",\"isQuery\":\"1\",\"javaFi', '{\"msg\":\"操作成功\",\"code\":200}', 0, NULL, '2024-01-24 11:16:46', 23);
INSERT INTO `sys_oper_log` VALUES (788, '代码生成', 8, 'com.ruoyi.generator.controller.GenController.batchGenCode()', 'GET', 1, 'admin', NULL, '/tool/gen/batchGenCode', '127.0.0.1', '内网IP', '{\"tables\":\"b_vehicle\"}', NULL, 0, NULL, '2024-01-24 11:16:51', 226);
INSERT INTO `sys_oper_log` VALUES (789, '货车管理', 2, 'com.ruoyi.web.controller.vehicle.BVehicleController.edit()', 'PUT', 1, 'admin', NULL, '/vehicle/vehicle', '127.0.0.1', '内网IP', '{\"params\":{},\"vehicleId\":\"苏G 12345\",\"vehicleImage\":\"/profile/upload/2024/01/24/卡车1_20240124114559A001.jpg\",\"vehicleStatus\":\"待装\",\"vehicleType\":\"集装箱货卡\"}', '{\"msg\":\"操作失败\",\"code\":500}', 0, NULL, '2024-01-24 11:46:28', 46);
INSERT INTO `sys_oper_log` VALUES (790, '货车管理', 2, 'com.ruoyi.web.controller.vehicle.BVehicleController.edit()', 'PUT', 1, 'admin', NULL, '/vehicle/vehicle', '127.0.0.1', '内网IP', '{\"params\":{},\"vehicleId\":\"苏G 12345\",\"vehicleImage\":\"/profile/upload/2024/01/24/卡车1_20240124114559A001.jpg\",\"vehicleStatus\":\"待装\",\"vehicleType\":\"集装箱货卡\"}', '{\"msg\":\"操作失败\",\"code\":500}', 0, NULL, '2024-01-24 11:46:30', 3);
INSERT INTO `sys_oper_log` VALUES (791, '货车管理', 2, 'com.ruoyi.web.controller.vehicle.BVehicleController.edit()', 'PUT', 1, 'admin', NULL, '/vehicle/vehicle', '127.0.0.1', '内网IP', '{\"params\":{},\"vehicleId\":\"苏G12345\",\"vehicleImage\":\"/profile/upload/2024/01/24/卡车1_20240124114559A001.jpg\",\"vehicleStatus\":\"待装\",\"vehicleType\":\"集装箱货卡\"}', '{\"msg\":\"操作失败\",\"code\":500}', 0, NULL, '2024-01-24 11:46:38', 2);
INSERT INTO `sys_oper_log` VALUES (792, '货车管理', 2, 'com.ruoyi.web.controller.vehicle.BVehicleController.edit()', 'PUT', 1, 'admin', NULL, '/vehicle/vehicle', '127.0.0.1', '内网IP', '{\"params\":{},\"vehicleId\":\"苏G12345\",\"vehicleImage\":\"/profile/upload/2024/01/24/卡车1_20240124114559A001.jpg\",\"vehicleStatus\":\"待装\",\"vehicleType\":\"集装箱货卡\"}', '{\"msg\":\"操作失败\",\"code\":500}', 0, NULL, '2024-01-24 11:46:54', 3);
INSERT INTO `sys_oper_log` VALUES (793, '货车管理', 2, 'com.ruoyi.web.controller.vehicle.BVehicleController.edit()', 'PUT', 1, 'admin', NULL, '/vehicle/vehicle', '127.0.0.1', '内网IP', '{\"params\":{},\"vehicleId\":\"苏G12345\",\"vehicleImage\":\"/profile/upload/2024/01/24/卡车1_20240124114716A002.jpg\",\"vehicleStatus\":\"待装\",\"vehicleType\":\"集装箱货卡\"}', '{\"msg\":\"操作失败\",\"code\":500}', 0, NULL, '2024-01-24 11:47:17', 3);
INSERT INTO `sys_oper_log` VALUES (794, '货车管理', 2, 'com.ruoyi.web.controller.vehicle.BVehicleController.edit()', 'PUT', 1, 'admin', NULL, '/vehicle/vehicle', '127.0.0.1', '内网IP', '{\"params\":{},\"vehicleId\":\"苏G12345\",\"vehicleImage\":\"/profile/upload/2024/01/24/卡车1_20240124114716A002.jpg\",\"vehicleStatus\":\"待装\",\"vehicleType\":\"集装箱货卡\"}', '{\"msg\":\"操作失败\",\"code\":500}', 0, NULL, '2024-01-24 11:47:33', 3);
INSERT INTO `sys_oper_log` VALUES (795, '货车管理', 2, 'com.ruoyi.web.controller.vehicle.BVehicleController.edit()', 'PUT', 1, 'admin', NULL, '/vehicle/vehicle', '127.0.0.1', '内网IP', '{\"params\":{},\"vehicleId\":\"苏G12345\",\"vehicleImage\":\"/profile/upload/2024/01/24/卡车1_20240124115051A001.jpg\",\"vehicleStatus\":\"待装\",\"vehicleType\":\"集装箱货卡\"}', '{\"msg\":\"操作失败\",\"code\":500}', 0, NULL, '2024-01-24 11:50:53', 21);
INSERT INTO `sys_oper_log` VALUES (796, '货车管理', 2, 'com.ruoyi.web.controller.vehicle.BVehicleController.edit()', 'PUT', 1, 'admin', NULL, '/vehicle/vehicle', '127.0.0.1', '内网IP', '{\"params\":{},\"vehicleId\":\"苏G12345\"}', NULL, 1, '\r\n### Error updating database.  Cause: java.sql.SQLSyntaxErrorException: You have an error in your SQL syntax; check the manual that corresponds to your MySQL server version for the right syntax to use near \'where vehicle_id = \'苏G12345\'\' at line 3\r\n### The error may exist in file [C:\\Users\\16789\\Desktop\\总文件\\项目\\Cargo-ship-carrying-visualization-platform-system\\cargo-vehicle\\target\\classes\\mapper\\vehicle\\BVehicleMapper.xml]\r\n### The error may involve com.ruoyi.vehicle.mapper.BVehicleMapper.updateBVehicle-Inline\r\n### The error occurred while setting parameters\r\n### SQL: update b_vehicle                    where vehicle_id = ?\r\n### Cause: java.sql.SQLSyntaxErrorException: You have an error in your SQL syntax; check the manual that corresponds to your MySQL server version for the right syntax to use near \'where vehicle_id = \'苏G12345\'\' at line 3\n; bad SQL grammar []; nested exception is java.sql.SQLSyntaxErrorException: You have an error in your SQL syntax; check the manual that corresponds to your MySQL server version for the right syntax to use near \'where vehicle_id = \'苏G12345\'\' at line 3', '2024-01-24 11:52:56', 58);
INSERT INTO `sys_oper_log` VALUES (797, '货车管理', 2, 'com.ruoyi.web.controller.vehicle.BVehicleController.edit()', 'PUT', 1, 'admin', NULL, '/vehicle/vehicle', '127.0.0.1', '内网IP', '{\"params\":{},\"vehicleId\":\"苏G12345\",\"vehicleImage\":\"/profile/upload/2024/01/24/卡车1_20240124115348A002.jpg\",\"vehicleStatus\":\"待装\",\"vehicleType\":\"集装箱货卡\"}', '{\"msg\":\"操作失败\",\"code\":500}', 0, NULL, '2024-01-24 11:53:49', 2);
INSERT INTO `sys_oper_log` VALUES (798, '货车管理', 1, 'com.ruoyi.web.controller.vehicle.BVehicleController.add()', 'POST', 1, 'admin', NULL, '/vehicle/vehicle', '127.0.0.1', '内网IP', '{\"params\":{},\"vehicleId\":\"阿达达瓦\"}', '{\"msg\":\"操作成功\",\"code\":200}', 0, NULL, '2024-01-24 11:55:04', 7);
INSERT INTO `sys_oper_log` VALUES (799, '代码生成', 2, 'com.ruoyi.generator.controller.GenController.synchDb()', 'GET', 1, 'admin', NULL, '/tool/gen/synchDb/b_vehicle', '127.0.0.1', '内网IP', '{}', '{\"msg\":\"操作成功\",\"code\":200}', 0, NULL, '2024-01-24 11:56:45', 55);
INSERT INTO `sys_oper_log` VALUES (800, '代码生成', 3, 'com.ruoyi.generator.controller.GenController.remove()', 'DELETE', 1, 'admin', NULL, '/tool/gen/21', '127.0.0.1', '内网IP', '{}', '{\"msg\":\"操作成功\",\"code\":200}', 0, NULL, '2024-01-24 11:57:27', 9);
INSERT INTO `sys_oper_log` VALUES (801, '代码生成', 6, 'com.ruoyi.generator.controller.GenController.importTableSave()', 'POST', 1, 'admin', NULL, '/tool/gen/importTable', '127.0.0.1', '内网IP', '{\"tables\":\"b_vehicle\"}', '{\"msg\":\"操作成功\",\"code\":200}', 0, NULL, '2024-01-24 11:57:30', 27);
INSERT INTO `sys_oper_log` VALUES (802, '代码生成', 2, 'com.ruoyi.generator.controller.GenController.editSave()', 'PUT', 1, 'admin', NULL, '/tool/gen', '127.0.0.1', '内网IP', '{\"businessName\":\"vehicle\",\"className\":\"BVehicle\",\"columns\":[{\"capJavaField\":\"VehicleId\",\"columnComment\":\"车辆编号\",\"columnId\":143,\"columnName\":\"vehicle_id\",\"columnType\":\"varchar(255)\",\"createBy\":\"admin\",\"createTime\":\"2024-01-24 11:57:30\",\"dictType\":\"\",\"edit\":false,\"htmlType\":\"input\",\"increment\":false,\"insert\":true,\"isIncrement\":\"0\",\"isInsert\":\"1\",\"isPk\":\"1\",\"javaField\":\"vehicleId\",\"javaType\":\"String\",\"list\":false,\"params\":{},\"pk\":true,\"query\":false,\"queryType\":\"EQ\",\"required\":false,\"sort\":1,\"superColumn\":false,\"tableId\":22,\"updateBy\":\"\",\"usableColumn\":false},{\"capJavaField\":\"VehicleType\",\"columnComment\":\"车辆类型\",\"columnId\":144,\"columnName\":\"vehicle_type\",\"columnType\":\"varchar(255)\",\"createBy\":\"admin\",\"createTime\":\"2024-01-24 11:57:30\",\"dictType\":\"\",\"edit\":true,\"htmlType\":\"select\",\"increment\":false,\"insert\":true,\"isEdit\":\"1\",\"isIncrement\":\"0\",\"isInsert\":\"1\",\"isList\":\"1\",\"isPk\":\"0\",\"isQuery\":\"1\",\"javaField\":\"vehicleType\",\"javaType\":\"String\",\"list\":true,\"params\":{},\"pk\":false,\"query\":true,\"queryType\":\"EQ\",\"required\":false,\"sort\":2,\"superColumn\":false,\"tableId\":22,\"updateBy\":\"\",\"usableColumn\":false},{\"capJavaField\":\"VehicleStatus\",\"columnComment\":\"车辆状态\",\"columnId\":145,\"columnName\":\"vehicle_status\",\"columnType\":\"varchar(255)\",\"createBy\":\"admin\",\"createTime\":\"2024-01-24 11:57:30\",\"dictType\":\"\",\"edit\":true,\"htmlType\":\"radio\",\"increment\":false,\"insert\":true,\"isEdit\":\"1\",\"isIncrement\":\"0\",\"isInsert\":\"1\",\"isList\":\"1\",\"isPk\":\"0\",\"isQuery\":\"1\",\"javaField\":\"vehicleStatus\",\"javaType\":\"String\",\"list\":true,\"params\":{},\"pk\":false,\"query\":true,\"queryType\":\"EQ\",\"required\":false,\"sort\":3,\"superColumn\":false,\"tableId\":22,\"updateBy\":\"\",\"usableColumn\":false},{\"capJavaField\":\"VehicleImage\",\"columnComment\":\"车辆图片\",\"columnId\":146,\"columnName\":\"vehicle_image\",\"columnType\":\"varchar(255)\",\"createBy\":\"admin\",\"createTime\":\"2024-01-24 11:57:30\",\"dictType\":\"\",\"edit\":true,\"htmlType\":\"imageUpload\",\"increment\":false,\"insert\":true,\"isEdit\":\"1\",\"isIncrement\":\"0\",\"isInsert\":\"1\",\"isList\":\"1\",\"isPk\":\"0\",\"isQuery\"', '{\"msg\":\"操作成功\",\"code\":200}', 0, NULL, '2024-01-24 11:58:05', 25);
INSERT INTO `sys_oper_log` VALUES (803, '代码生成', 8, 'com.ruoyi.generator.controller.GenController.batchGenCode()', 'GET', 1, 'admin', NULL, '/tool/gen/batchGenCode', '127.0.0.1', '内网IP', '{\"tables\":\"b_vehicle\"}', NULL, 0, NULL, '2024-01-24 11:58:11', 144);
INSERT INTO `sys_oper_log` VALUES (804, '货车管理', 3, 'com.ruoyi.web.controller.vehicle.BVehicleController.remove()', 'DELETE', 1, 'admin', NULL, '/vehicle/vehicle/%E9%98%BF%E8%BE%BE%E8%BE%BE%E7%93%A6', '127.0.0.1', '内网IP', '{}', '{\"msg\":\"操作成功\",\"code\":200}', 0, NULL, '2024-01-24 12:00:20', 18);
INSERT INTO `sys_oper_log` VALUES (805, '货车管理', 1, 'com.ruoyi.web.controller.vehicle.BVehicleController.add()', 'POST', 1, 'admin', NULL, '/vehicle/vehicle', '127.0.0.1', '内网IP', '{\"params\":{},\"vehicleId\":\"苏G1234\",\"vehicleImage\":\"/profile/upload/2024/01/24/卡车1_20240124120050A001.jpg\",\"vehicleStatus\":\"待装\",\"vehicleType\":\"集装箱货卡\"}', '{\"msg\":\"操作成功\",\"code\":200}', 0, NULL, '2024-01-24 12:00:50', 9);
INSERT INTO `sys_oper_log` VALUES (806, '货车管理', 1, 'com.ruoyi.web.controller.vehicle.BVehicleController.add()', 'POST', 1, 'admin', NULL, '/vehicle/vehicle', '127.0.0.1', '内网IP', '{\"params\":{},\"vehicleId\":\"苏G2345\",\"vehicleImage\":\"/profile/upload/2024/01/24/卡车1_20240124120124A002.jpg\",\"vehicleStatus\":\"待装\",\"vehicleType\":\"集装箱货卡\"}', '{\"msg\":\"操作成功\",\"code\":200}', 0, NULL, '2024-01-24 12:01:25', 4);
INSERT INTO `sys_oper_log` VALUES (807, '货车管理', 1, 'com.ruoyi.web.controller.vehicle.BVehicleController.add()', 'POST', 1, 'admin', NULL, '/vehicle/vehicle', '127.0.0.1', '内网IP', '{\"params\":{},\"vehicleId\":\"苏G5423\",\"vehicleImage\":\"/profile/upload/2024/01/24/卡车1_20240124120146A003.jpg\",\"vehicleStatus\":\"待装\",\"vehicleType\":\"集装箱货卡\"}', '{\"msg\":\"操作成功\",\"code\":200}', 0, NULL, '2024-01-24 12:01:47', 4);
INSERT INTO `sys_oper_log` VALUES (808, '货车管理', 1, 'com.ruoyi.web.controller.vehicle.BVehicleController.add()', 'POST', 1, 'admin', NULL, '/vehicle/vehicle', '127.0.0.1', '内网IP', '{\"params\":{},\"vehicleId\":\"苏G4564\",\"vehicleImage\":\"/profile/upload/2024/01/24/卡车1_20240124120204A004.jpg\",\"vehicleStatus\":\"待装\",\"vehicleType\":\"集装箱货卡\"}', '{\"msg\":\"操作成功\",\"code\":200}', 0, NULL, '2024-01-24 12:02:04', 4);
INSERT INTO `sys_oper_log` VALUES (809, '代码生成', 6, 'com.ruoyi.generator.controller.GenController.importTableSave()', 'POST', 1, 'admin', NULL, '/tool/gen/importTable', '127.0.0.1', '内网IP', '{\"tables\":\"b_pile\"}', '{\"msg\":\"操作成功\",\"code\":200}', 0, NULL, '2024-01-24 17:24:43', 64);
INSERT INTO `sys_oper_log` VALUES (810, '代码生成', 2, 'com.ruoyi.generator.controller.GenController.editSave()', 'PUT', 1, 'admin', NULL, '/tool/gen', '127.0.0.1', '内网IP', '{\"businessName\":\"pile\",\"className\":\"BPile\",\"columns\":[{\"capJavaField\":\"PileId\",\"columnComment\":\"货堆id\",\"columnId\":147,\"columnName\":\"pile_id\",\"columnType\":\"int\",\"createBy\":\"admin\",\"createTime\":\"2024-01-24 17:24:43\",\"dictType\":\"\",\"edit\":false,\"htmlType\":\"input\",\"increment\":true,\"insert\":true,\"isIncrement\":\"1\",\"isInsert\":\"1\",\"isPk\":\"1\",\"javaField\":\"pileId\",\"javaType\":\"Long\",\"list\":false,\"params\":{},\"pk\":true,\"query\":false,\"queryType\":\"EQ\",\"required\":false,\"sort\":1,\"superColumn\":false,\"tableId\":23,\"updateBy\":\"\",\"usableColumn\":false},{\"capJavaField\":\"PileX\",\"columnComment\":\"货堆x坐标\",\"columnId\":148,\"columnName\":\"pile_x\",\"columnType\":\"varchar(255)\",\"createBy\":\"admin\",\"createTime\":\"2024-01-24 17:24:43\",\"dictType\":\"\",\"edit\":true,\"htmlType\":\"input\",\"increment\":false,\"insert\":true,\"isEdit\":\"1\",\"isIncrement\":\"0\",\"isInsert\":\"1\",\"isList\":\"1\",\"isPk\":\"0\",\"isQuery\":\"1\",\"javaField\":\"pileX\",\"javaType\":\"String\",\"list\":true,\"params\":{},\"pk\":false,\"query\":true,\"queryType\":\"EQ\",\"required\":false,\"sort\":2,\"superColumn\":false,\"tableId\":23,\"updateBy\":\"\",\"usableColumn\":false},{\"capJavaField\":\"PileY\",\"columnComment\":\"货堆y坐标\",\"columnId\":149,\"columnName\":\"pile_y\",\"columnType\":\"varchar(255)\",\"createBy\":\"admin\",\"createTime\":\"2024-01-24 17:24:43\",\"dictType\":\"\",\"edit\":true,\"htmlType\":\"input\",\"increment\":false,\"insert\":true,\"isEdit\":\"1\",\"isIncrement\":\"0\",\"isInsert\":\"1\",\"isList\":\"1\",\"isPk\":\"0\",\"isQuery\":\"1\",\"javaField\":\"pileY\",\"javaType\":\"String\",\"list\":true,\"params\":{},\"pk\":false,\"query\":true,\"queryType\":\"EQ\",\"required\":false,\"sort\":3,\"superColumn\":false,\"tableId\":23,\"updateBy\":\"\",\"usableColumn\":false},{\"capJavaField\":\"PileCapacity\",\"columnComment\":\"货堆容量\",\"columnId\":150,\"columnName\":\"pile_capacity\",\"columnType\":\"varchar(255)\",\"createBy\":\"admin\",\"createTime\":\"2024-01-24 17:24:43\",\"dictType\":\"\",\"edit\":true,\"htmlType\":\"input\",\"increment\":false,\"insert\":true,\"isEdit\":\"1\",\"isIncrement\":\"0\",\"isInsert\":\"1\",\"isList\":\"1\",\"isPk\":\"0\",\"isQuery\":\"1\",\"javaField\":\"pileCapacity\",\"javaType\":\"String\",\"list\":true,\"params\":{', '{\"msg\":\"操作成功\",\"code\":200}', 0, NULL, '2024-01-24 17:25:19', 30);
INSERT INTO `sys_oper_log` VALUES (811, '代码生成', 8, 'com.ruoyi.generator.controller.GenController.batchGenCode()', 'GET', 1, 'admin', NULL, '/tool/gen/batchGenCode', '127.0.0.1', '内网IP', '{\"tables\":\"b_pile\"}', NULL, 0, NULL, '2024-01-24 17:25:52', 32);
INSERT INTO `sys_oper_log` VALUES (812, '菜单管理', 2, 'com.ruoyi.web.controller.system.SysMenuController.edit()', 'PUT', 1, 'admin', NULL, '/system/menu', '127.0.0.1', '内网IP', '{\"children\":[],\"component\":\"pile\",\"createTime\":\"2023-12-17 13:52:50\",\"icon\":\"documentation\",\"isCache\":\"1\",\"isFrame\":\"1\",\"menuId\":2047,\"menuName\":\"货堆管理\",\"menuType\":\"C\",\"orderNum\":0,\"params\":{},\"parentId\":2046,\"path\":\"pile\",\"perms\":\"\",\"status\":\"0\",\"updateBy\":\"admin\",\"visible\":\"0\"}', '{\"msg\":\"操作成功\",\"code\":200}', 0, NULL, '2024-01-24 17:26:50', 17);
INSERT INTO `sys_oper_log` VALUES (813, '货堆管理', 1, 'com.ruoyi.web.controller.pile.BPileController.add()', 'POST', 1, 'admin', NULL, '/pile/pile', '127.0.0.1', '内网IP', '{\"params\":{},\"pileCapacity\":\"200\",\"pileCurrentnum\":140,\"pileId\":1,\"pileX\":\"1\",\"pileY\":\"2\"}', '{\"msg\":\"操作成功\",\"code\":200}', 0, NULL, '2024-01-24 17:33:15', 135);
INSERT INTO `sys_oper_log` VALUES (814, '货堆管理', 1, 'com.ruoyi.web.controller.pile.BPileController.add()', 'POST', 1, 'admin', NULL, '/pile/pile', '127.0.0.1', '内网IP', '{\"params\":{},\"pileCapacity\":\"190\",\"pileCurrentnum\":150,\"pileId\":2,\"pileX\":\"2\",\"pileY\":\"1\"}', '{\"msg\":\"操作成功\",\"code\":200}', 0, NULL, '2024-01-24 17:33:25', 9);
INSERT INTO `sys_oper_log` VALUES (815, '货堆管理', 2, 'com.ruoyi.web.controller.pile.BPileController.edit()', 'PUT', 1, 'admin', NULL, '/pile/pile', '127.0.0.1', '内网IP', '{\"params\":{},\"pileCapacity\":\"200\",\"pileCurrentnum\":140,\"pileId\":1,\"pileX\":\"100\",\"pileY\":\"50\"}', '{\"msg\":\"操作成功\",\"code\":200}', 0, NULL, '2024-01-24 17:34:07', 5);
INSERT INTO `sys_oper_log` VALUES (816, '货堆管理', 2, 'com.ruoyi.web.controller.pile.BPileController.edit()', 'PUT', 1, 'admin', NULL, '/pile/pile', '127.0.0.1', '内网IP', '{\"params\":{},\"pileCapacity\":\"190\",\"pileCurrentnum\":150,\"pileId\":2,\"pileX\":\"200\",\"pileY\":\"50\"}', '{\"msg\":\"操作成功\",\"code\":200}', 0, NULL, '2024-01-24 17:34:21', 4);
INSERT INTO `sys_oper_log` VALUES (817, '货堆管理', 2, 'com.ruoyi.web.controller.pile.BPileController.edit()', 'PUT', 1, 'admin', NULL, '/pile/pile', '127.0.0.1', '内网IP', '{\"params\":{},\"pileCapacity\":\"200\",\"pileCurrentnum\":140,\"pileId\":1,\"pileX\":\"-100\",\"pileY\":\"50\"}', '{\"msg\":\"操作成功\",\"code\":200}', 0, NULL, '2024-01-24 17:34:41', 4);
INSERT INTO `sys_oper_log` VALUES (818, '货堆管理', 2, 'com.ruoyi.web.controller.pile.BPileController.edit()', 'PUT', 1, 'admin', NULL, '/pile/pile', '127.0.0.1', '内网IP', '{\"params\":{},\"pileCapacity\":\"190\",\"pileCurrentnum\":150,\"pileId\":2,\"pileX\":\"100\",\"pileY\":\"50\"}', '{\"msg\":\"操作成功\",\"code\":200}', 0, NULL, '2024-01-24 17:34:46', 8);
INSERT INTO `sys_oper_log` VALUES (819, '货堆管理', 1, 'com.ruoyi.web.controller.pile.BPileController.add()', 'POST', 1, 'admin', NULL, '/pile/pile', '127.0.0.1', '内网IP', '{\"params\":{},\"pileCapacity\":\"200\",\"pileCurrentnum\":150,\"pileId\":3,\"pileX\":\"-150\",\"pileY\":\"50\"}', '{\"msg\":\"操作成功\",\"code\":200}', 0, NULL, '2024-01-24 17:35:03', 4);
INSERT INTO `sys_oper_log` VALUES (820, '货堆管理', 1, 'com.ruoyi.web.controller.pile.BPileController.add()', 'POST', 1, 'admin', NULL, '/pile/pile', '127.0.0.1', '内网IP', '{\"params\":{},\"pileCapacity\":\"200\",\"pileCurrentnum\":130,\"pileId\":4,\"pileX\":\"150\",\"pileY\":\"100\"}', '{\"msg\":\"操作成功\",\"code\":200}', 0, NULL, '2024-01-24 17:35:16', 9);
INSERT INTO `sys_oper_log` VALUES (821, '货堆管理', 2, 'com.ruoyi.web.controller.pile.BPileController.edit()', 'PUT', 1, 'admin', NULL, '/pile/pile', '127.0.0.1', '内网IP', '{\"params\":{},\"pileCapacity\":\"200\",\"pileCurrentnum\":150,\"pileId\":3,\"pileX\":\"-150\",\"pileY\":\"100\"}', '{\"msg\":\"操作成功\",\"code\":200}', 0, NULL, '2024-01-24 17:35:29', 9);
INSERT INTO `sys_oper_log` VALUES (822, '货堆管理', 1, 'com.ruoyi.web.controller.pile.BPileController.add()', 'POST', 1, 'admin', NULL, '/pile/pile', '127.0.0.1', '内网IP', '{\"params\":{},\"pileCapacity\":\"200\",\"pileCurrentnum\":100,\"pileId\":5,\"pileX\":\"-300\",\"pileY\":\"150\"}', '{\"msg\":\"操作成功\",\"code\":200}', 0, NULL, '2024-01-24 17:35:50', 8);
INSERT INTO `sys_oper_log` VALUES (823, '货堆管理', 1, 'com.ruoyi.web.controller.pile.BPileController.add()', 'POST', 1, 'admin', NULL, '/pile/pile', '127.0.0.1', '内网IP', '{\"params\":{},\"pileCapacity\":\"123\",\"pileCurrentnum\":12,\"pileId\":6,\"pileX\":\"300\",\"pileY\":\"150\"}', '{\"msg\":\"操作成功\",\"code\":200}', 0, NULL, '2024-01-24 17:36:06', 5);
INSERT INTO `sys_oper_log` VALUES (824, '货堆管理', 2, 'com.ruoyi.web.controller.pile.BPileController.edit()', 'PUT', 1, 'admin', NULL, '/pile/pile', '127.0.0.1', '内网IP', '{\"params\":{},\"pileCapacity\":\"200\",\"pileCurrentnum\":150,\"pileId\":3,\"pileX\":\"-100\",\"pileY\":\"100\"}', '{\"msg\":\"操作成功\",\"code\":200}', 0, NULL, '2024-01-24 17:36:41', 5);
INSERT INTO `sys_oper_log` VALUES (825, '货堆管理', 2, 'com.ruoyi.web.controller.pile.BPileController.edit()', 'PUT', 1, 'admin', NULL, '/pile/pile', '127.0.0.1', '内网IP', '{\"params\":{},\"pileCapacity\":\"200\",\"pileCurrentnum\":130,\"pileId\":4,\"pileX\":\"100\",\"pileY\":\"100\"}', '{\"msg\":\"操作成功\",\"code\":200}', 0, NULL, '2024-01-24 17:36:47', 8);
INSERT INTO `sys_oper_log` VALUES (826, '货堆管理', 2, 'com.ruoyi.web.controller.pile.BPileController.edit()', 'PUT', 1, 'admin', NULL, '/pile/pile', '127.0.0.1', '内网IP', '{\"params\":{},\"pileCapacity\":\"200\",\"pileCurrentnum\":100,\"pileId\":5,\"pileX\":\"-100\",\"pileY\":\"150\"}', '{\"msg\":\"操作成功\",\"code\":200}', 0, NULL, '2024-01-24 17:36:54', 4);
INSERT INTO `sys_oper_log` VALUES (827, '货堆管理', 2, 'com.ruoyi.web.controller.pile.BPileController.edit()', 'PUT', 1, 'admin', NULL, '/pile/pile', '127.0.0.1', '内网IP', '{\"params\":{},\"pileCapacity\":\"123\",\"pileCurrentnum\":12,\"pileId\":6,\"pileX\":\"100\",\"pileY\":\"150\"}', '{\"msg\":\"操作成功\",\"code\":200}', 0, NULL, '2024-01-24 17:36:58', 4);
INSERT INTO `sys_oper_log` VALUES (828, '货堆管理', 1, 'com.ruoyi.web.controller.pile.BPileController.add()', 'POST', 1, 'admin', NULL, '/pile/pile', '127.0.0.1', '内网IP', '{\"params\":{},\"pileCapacity\":\"200\",\"pileCurrentnum\":123,\"pileId\":7,\"pileX\":\"-100\",\"pileY\":\"200\"}', '{\"msg\":\"操作成功\",\"code\":200}', 0, NULL, '2024-01-24 17:37:14', 9);
INSERT INTO `sys_oper_log` VALUES (829, '货堆管理', 2, 'com.ruoyi.web.controller.pile.BPileController.edit()', 'PUT', 1, 'admin', NULL, '/pile/pile', '127.0.0.1', '内网IP', '{\"params\":{},\"pileCapacity\":\"200\",\"pileCurrentnum\":150,\"pileId\":3,\"pileX\":\"-100\",\"pileY\":\"70\"}', '{\"msg\":\"操作成功\",\"code\":200}', 0, NULL, '2024-01-24 17:39:02', 8);
INSERT INTO `sys_oper_log` VALUES (830, '货堆管理', 2, 'com.ruoyi.web.controller.pile.BPileController.edit()', 'PUT', 1, 'admin', NULL, '/pile/pile', '127.0.0.1', '内网IP', '{\"params\":{},\"pileCapacity\":\"200\",\"pileCurrentnum\":130,\"pileId\":4,\"pileX\":\"100\",\"pileY\":\"70\"}', '{\"msg\":\"操作成功\",\"code\":200}', 0, NULL, '2024-01-24 17:39:10', 4);
INSERT INTO `sys_oper_log` VALUES (831, '货堆管理', 2, 'com.ruoyi.web.controller.pile.BPileController.edit()', 'PUT', 1, 'admin', NULL, '/pile/pile', '127.0.0.1', '内网IP', '{\"params\":{},\"pileCapacity\":\"200\",\"pileCurrentnum\":100,\"pileId\":5,\"pileX\":\"-100\",\"pileY\":\"90\"}', '{\"msg\":\"操作成功\",\"code\":200}', 0, NULL, '2024-01-24 17:39:16', 8);
INSERT INTO `sys_oper_log` VALUES (832, '货堆管理', 2, 'com.ruoyi.web.controller.pile.BPileController.edit()', 'PUT', 1, 'admin', NULL, '/pile/pile', '127.0.0.1', '内网IP', '{\"params\":{},\"pileCapacity\":\"123\",\"pileCurrentnum\":12,\"pileId\":6,\"pileX\":\"100\",\"pileY\":\"90\"}', '{\"msg\":\"操作成功\",\"code\":200}', 0, NULL, '2024-01-24 17:39:21', 4);
INSERT INTO `sys_oper_log` VALUES (833, '货堆管理', 2, 'com.ruoyi.web.controller.pile.BPileController.edit()', 'PUT', 1, 'admin', NULL, '/pile/pile', '127.0.0.1', '内网IP', '{\"params\":{},\"pileCapacity\":\"200\",\"pileCurrentnum\":123,\"pileId\":7,\"pileX\":\"-100\",\"pileY\":\"110\"}', '{\"msg\":\"操作成功\",\"code\":200}', 0, NULL, '2024-01-24 17:39:37', 7);
INSERT INTO `sys_oper_log` VALUES (834, '货堆管理', 1, 'com.ruoyi.web.controller.pile.BPileController.add()', 'POST', 1, 'admin', NULL, '/pile/pile', '127.0.0.1', '内网IP', '{\"params\":{},\"pileCapacity\":\"123\",\"pileCurrentnum\":23,\"pileId\":8,\"pileX\":\"100\",\"pileY\":\"110\"}', '{\"msg\":\"操作成功\",\"code\":200}', 0, NULL, '2024-01-24 17:39:51', 7);
INSERT INTO `sys_oper_log` VALUES (835, '货堆管理', 1, 'com.ruoyi.web.controller.pile.BPileController.add()', 'POST', 1, 'admin', NULL, '/pile/pile', '127.0.0.1', '内网IP', '{\"params\":{},\"pileCapacity\":\"213\",\"pileCurrentnum\":21,\"pileId\":9,\"pileX\":\"-100\",\"pileY\":\"130\"}', '{\"msg\":\"操作成功\",\"code\":200}', 0, NULL, '2024-01-24 17:40:05', 8);
INSERT INTO `sys_oper_log` VALUES (836, '货堆管理', 1, 'com.ruoyi.web.controller.pile.BPileController.add()', 'POST', 1, 'admin', NULL, '/pile/pile', '127.0.0.1', '内网IP', '{\"params\":{},\"pileCapacity\":\"213\",\"pileCurrentnum\":123,\"pileId\":10,\"pileX\":\"100\",\"pileY\":\"130\"}', '{\"msg\":\"操作成功\",\"code\":200}', 0, NULL, '2024-01-24 17:40:13', 8);
INSERT INTO `sys_oper_log` VALUES (837, '货堆管理', 2, 'com.ruoyi.web.controller.pile.BPileController.edit()', 'PUT', 1, 'admin', NULL, '/pile/pile', '127.0.0.1', '内网IP', '{\"params\":{},\"pileCapacity\":\"200\",\"pileCurrentnum\":140,\"pileId\":1,\"pileStatus\":\"可堆载\",\"pileX\":\"-100\",\"pileY\":\"50\"}', '{\"msg\":\"操作成功\",\"code\":200}', 0, NULL, '2024-01-24 17:41:30', 5);
INSERT INTO `sys_oper_log` VALUES (838, '货堆管理', 2, 'com.ruoyi.web.controller.pile.BPileController.edit()', 'PUT', 1, 'admin', NULL, '/pile/pile', '127.0.0.1', '内网IP', '{\"params\":{},\"pileCapacity\":\"190\",\"pileCurrentnum\":150,\"pileId\":2,\"pileStatus\":\"可堆载\",\"pileX\":\"100\",\"pileY\":\"50\"}', '{\"msg\":\"操作成功\",\"code\":200}', 0, NULL, '2024-01-24 17:41:33', 7);
INSERT INTO `sys_oper_log` VALUES (839, '货堆管理', 2, 'com.ruoyi.web.controller.pile.BPileController.edit()', 'PUT', 1, 'admin', NULL, '/pile/pile', '127.0.0.1', '内网IP', '{\"params\":{},\"pileCapacity\":\"200\",\"pileCurrentnum\":150,\"pileId\":3,\"pileStatus\":\"可堆载\",\"pileX\":\"-100\",\"pileY\":\"70\"}', '{\"msg\":\"操作成功\",\"code\":200}', 0, NULL, '2024-01-24 17:41:35', 7);
INSERT INTO `sys_oper_log` VALUES (840, '货堆管理', 2, 'com.ruoyi.web.controller.pile.BPileController.edit()', 'PUT', 1, 'admin', NULL, '/pile/pile', '127.0.0.1', '内网IP', '{\"params\":{},\"pileCapacity\":\"200\",\"pileCurrentnum\":130,\"pileId\":4,\"pileStatus\":\"可堆载\",\"pileX\":\"100\",\"pileY\":\"70\"}', '{\"msg\":\"操作成功\",\"code\":200}', 0, NULL, '2024-01-24 17:41:38', 4);
INSERT INTO `sys_oper_log` VALUES (841, '货堆管理', 2, 'com.ruoyi.web.controller.pile.BPileController.edit()', 'PUT', 1, 'admin', NULL, '/pile/pile', '127.0.0.1', '内网IP', '{\"params\":{},\"pileCapacity\":\"200\",\"pileCurrentnum\":100,\"pileId\":5,\"pileStatus\":\"可堆载\",\"pileX\":\"-100\",\"pileY\":\"90\"}', '{\"msg\":\"操作成功\",\"code\":200}', 0, NULL, '2024-01-24 17:41:40', 4);
INSERT INTO `sys_oper_log` VALUES (842, '货堆管理', 2, 'com.ruoyi.web.controller.pile.BPileController.edit()', 'PUT', 1, 'admin', NULL, '/pile/pile', '127.0.0.1', '内网IP', '{\"params\":{},\"pileCapacity\":\"123\",\"pileCurrentnum\":12,\"pileId\":6,\"pileStatus\":\"可堆载\",\"pileX\":\"100\",\"pileY\":\"90\"}', '{\"msg\":\"操作成功\",\"code\":200}', 0, NULL, '2024-01-24 17:41:43', 4);
INSERT INTO `sys_oper_log` VALUES (843, '货堆管理', 2, 'com.ruoyi.web.controller.pile.BPileController.edit()', 'PUT', 1, 'admin', NULL, '/pile/pile', '127.0.0.1', '内网IP', '{\"params\":{},\"pileCapacity\":\"200\",\"pileCurrentnum\":123,\"pileId\":7,\"pileStatus\":\"可堆载\",\"pileX\":\"-100\",\"pileY\":\"110\"}', '{\"msg\":\"操作成功\",\"code\":200}', 0, NULL, '2024-01-24 17:41:45', 7);
INSERT INTO `sys_oper_log` VALUES (844, '货堆管理', 2, 'com.ruoyi.web.controller.pile.BPileController.edit()', 'PUT', 1, 'admin', NULL, '/pile/pile', '127.0.0.1', '内网IP', '{\"params\":{},\"pileCapacity\":\"123\",\"pileCurrentnum\":23,\"pileId\":8,\"pileStatus\":\"可堆载\",\"pileX\":\"100\",\"pileY\":\"110\"}', '{\"msg\":\"操作成功\",\"code\":200}', 0, NULL, '2024-01-24 17:41:47', 8);
INSERT INTO `sys_oper_log` VALUES (845, '货堆管理', 2, 'com.ruoyi.web.controller.pile.BPileController.edit()', 'PUT', 1, 'admin', NULL, '/pile/pile', '127.0.0.1', '内网IP', '{\"params\":{},\"pileCapacity\":\"213\",\"pileCurrentnum\":21,\"pileId\":9,\"pileStatus\":\"可堆载\",\"pileX\":\"-100\",\"pileY\":\"130\"}', '{\"msg\":\"操作成功\",\"code\":200}', 0, NULL, '2024-01-24 17:41:50', 8);
INSERT INTO `sys_oper_log` VALUES (846, '货堆管理', 2, 'com.ruoyi.web.controller.pile.BPileController.edit()', 'PUT', 1, 'admin', NULL, '/pile/pile', '127.0.0.1', '内网IP', '{\"params\":{},\"pileCapacity\":\"213\",\"pileCurrentnum\":123,\"pileId\":10,\"pileStatus\":\"可堆载\",\"pileX\":\"100\",\"pileY\":\"130\"}', '{\"msg\":\"操作成功\",\"code\":200}', 0, NULL, '2024-01-24 17:41:53', 7);
INSERT INTO `sys_oper_log` VALUES (847, '菜单管理', 1, 'com.ruoyi.web.controller.system.SysMenuController.add()', 'POST', 1, 'admin', NULL, '/system/menu', '127.0.0.1', '内网IP', '{\"children\":[],\"component\":\"task\",\"createBy\":\"admin\",\"icon\":\"date\",\"isCache\":\"1\",\"isFrame\":\"1\",\"menuName\":\"货车计划管理\",\"menuType\":\"C\",\"orderNum\":0,\"params\":{},\"parentId\":2046,\"path\":\"task\",\"status\":\"0\",\"visible\":\"0\"}', '{\"msg\":\"操作成功\",\"code\":200}', 0, NULL, '2024-01-24 18:03:11', 17);
INSERT INTO `sys_oper_log` VALUES (848, '代码生成', 6, 'com.ruoyi.generator.controller.GenController.importTableSave()', 'POST', 1, 'admin', NULL, '/tool/gen/importTable', '127.0.0.1', '内网IP', '{\"tables\":\"b_task\"}', '{\"msg\":\"操作成功\",\"code\":200}', 0, NULL, '2024-01-24 18:03:24', 50);
INSERT INTO `sys_oper_log` VALUES (849, '代码生成', 2, 'com.ruoyi.generator.controller.GenController.editSave()', 'PUT', 1, 'admin', NULL, '/tool/gen', '127.0.0.1', '内网IP', '{\"businessName\":\"task\",\"className\":\"BTask\",\"columns\":[{\"capJavaField\":\"TaskId\",\"columnComment\":\"货车任务id\",\"columnId\":153,\"columnName\":\"task_id\",\"columnType\":\"int\",\"createBy\":\"admin\",\"createTime\":\"2024-01-24 18:03:24\",\"dictType\":\"\",\"edit\":false,\"htmlType\":\"input\",\"increment\":true,\"insert\":true,\"isIncrement\":\"1\",\"isInsert\":\"1\",\"isPk\":\"1\",\"javaField\":\"taskId\",\"javaType\":\"Long\",\"list\":false,\"params\":{},\"pk\":true,\"query\":false,\"queryType\":\"EQ\",\"required\":false,\"sort\":1,\"superColumn\":false,\"tableId\":24,\"updateBy\":\"\",\"usableColumn\":false},{\"capJavaField\":\"TruckId\",\"columnComment\":\"货车编号\",\"columnId\":154,\"columnName\":\"truck_id\",\"columnType\":\"int\",\"createBy\":\"admin\",\"createTime\":\"2024-01-24 18:03:24\",\"dictType\":\"\",\"edit\":true,\"htmlType\":\"input\",\"increment\":false,\"insert\":true,\"isEdit\":\"1\",\"isIncrement\":\"0\",\"isInsert\":\"1\",\"isList\":\"1\",\"isPk\":\"0\",\"isQuery\":\"1\",\"javaField\":\"truckId\",\"javaType\":\"Long\",\"list\":true,\"params\":{},\"pk\":false,\"query\":true,\"queryType\":\"EQ\",\"required\":false,\"sort\":2,\"superColumn\":false,\"tableId\":24,\"updateBy\":\"\",\"usableColumn\":false},{\"capJavaField\":\"ContainerId\",\"columnComment\":\"集装箱id\",\"columnId\":155,\"columnName\":\"container_id\",\"columnType\":\"int\",\"createBy\":\"admin\",\"createTime\":\"2024-01-24 18:03:24\",\"dictType\":\"\",\"edit\":true,\"htmlType\":\"input\",\"increment\":false,\"insert\":true,\"isEdit\":\"1\",\"isIncrement\":\"0\",\"isInsert\":\"1\",\"isList\":\"1\",\"isPk\":\"0\",\"isQuery\":\"1\",\"javaField\":\"containerId\",\"javaType\":\"Long\",\"list\":true,\"params\":{},\"pk\":false,\"query\":true,\"queryType\":\"EQ\",\"required\":false,\"sort\":3,\"superColumn\":false,\"tableId\":24,\"updateBy\":\"\",\"usableColumn\":false},{\"capJavaField\":\"TaskStatus\",\"columnComment\":\"任务状态\",\"columnId\":156,\"columnName\":\"task_status\",\"columnType\":\"varchar(255)\",\"createBy\":\"admin\",\"createTime\":\"2024-01-24 18:03:24\",\"dictType\":\"\",\"edit\":true,\"htmlType\":\"radio\",\"increment\":false,\"insert\":true,\"isEdit\":\"1\",\"isIncrement\":\"0\",\"isInsert\":\"1\",\"isList\":\"1\",\"isPk\":\"0\",\"isQuery\":\"1\",\"javaField\":\"taskStatus\",\"javaType\":\"String\",\"list\":true,\"params\":{},\"', '{\"msg\":\"操作成功\",\"code\":200}', 0, NULL, '2024-01-24 18:03:58', 29);
INSERT INTO `sys_oper_log` VALUES (850, '代码生成', 8, 'com.ruoyi.generator.controller.GenController.batchGenCode()', 'GET', 1, 'admin', NULL, '/tool/gen/batchGenCode', '127.0.0.1', '内网IP', '{\"tables\":\"b_task\"}', NULL, 0, NULL, '2024-01-24 18:04:02', 174);
INSERT INTO `sys_oper_log` VALUES (851, '代码生成', 2, 'com.ruoyi.generator.controller.GenController.synchDb()', 'GET', 1, 'admin', NULL, '/tool/gen/synchDb/b_task', '127.0.0.1', '内网IP', '{}', '{\"msg\":\"操作成功\",\"code\":200}', 0, NULL, '2024-01-24 18:13:12', 72);
INSERT INTO `sys_oper_log` VALUES (852, '代码生成', 3, 'com.ruoyi.generator.controller.GenController.remove()', 'DELETE', 1, 'admin', NULL, '/tool/gen/24', '127.0.0.1', '内网IP', '{}', '{\"msg\":\"操作成功\",\"code\":200}', 0, NULL, '2024-01-24 18:13:20', 10);
INSERT INTO `sys_oper_log` VALUES (853, '代码生成', 6, 'com.ruoyi.generator.controller.GenController.importTableSave()', 'POST', 1, 'admin', NULL, '/tool/gen/importTable', '127.0.0.1', '内网IP', '{\"tables\":\"b_task\"}', '{\"msg\":\"操作成功\",\"code\":200}', 0, NULL, '2024-01-24 18:13:25', 42);
INSERT INTO `sys_oper_log` VALUES (854, '代码生成', 3, 'com.ruoyi.generator.controller.GenController.remove()', 'DELETE', 1, 'admin', NULL, '/tool/gen/25', '127.0.0.1', '内网IP', '{}', '{\"msg\":\"操作成功\",\"code\":200}', 0, NULL, '2024-01-24 18:14:28', 9);
INSERT INTO `sys_oper_log` VALUES (855, '代码生成', 6, 'com.ruoyi.generator.controller.GenController.importTableSave()', 'POST', 1, 'admin', NULL, '/tool/gen/importTable', '127.0.0.1', '内网IP', '{\"tables\":\"b_task\"}', '{\"msg\":\"操作成功\",\"code\":200}', 0, NULL, '2024-01-24 18:14:32', 25);
INSERT INTO `sys_oper_log` VALUES (856, '代码生成', 2, 'com.ruoyi.generator.controller.GenController.editSave()', 'PUT', 1, 'admin', NULL, '/tool/gen', '127.0.0.1', '内网IP', '{\"businessName\":\"task\",\"className\":\"BTask\",\"columns\":[{\"capJavaField\":\"TaskId\",\"columnComment\":\"货车任务id\",\"columnId\":171,\"columnName\":\"task_id\",\"columnType\":\"int\",\"createBy\":\"admin\",\"createTime\":\"2024-01-24 18:14:32\",\"dictType\":\"\",\"edit\":false,\"htmlType\":\"input\",\"increment\":true,\"insert\":true,\"isIncrement\":\"1\",\"isInsert\":\"1\",\"isPk\":\"1\",\"javaField\":\"taskId\",\"javaType\":\"Long\",\"list\":false,\"params\":{},\"pk\":true,\"query\":false,\"queryType\":\"EQ\",\"required\":false,\"sort\":1,\"superColumn\":false,\"tableId\":26,\"updateBy\":\"\",\"usableColumn\":false},{\"capJavaField\":\"TruckId\",\"columnComment\":\"货车编号\",\"columnId\":172,\"columnName\":\"truck_id\",\"columnType\":\"varchar(255)\",\"createBy\":\"admin\",\"createTime\":\"2024-01-24 18:14:32\",\"dictType\":\"\",\"edit\":true,\"htmlType\":\"input\",\"increment\":false,\"insert\":true,\"isEdit\":\"1\",\"isIncrement\":\"0\",\"isInsert\":\"1\",\"isList\":\"1\",\"isPk\":\"0\",\"isQuery\":\"1\",\"javaField\":\"truckId\",\"javaType\":\"String\",\"list\":true,\"params\":{},\"pk\":false,\"query\":true,\"queryType\":\"EQ\",\"required\":false,\"sort\":2,\"superColumn\":false,\"tableId\":26,\"updateBy\":\"\",\"usableColumn\":false},{\"capJavaField\":\"ContainerId\",\"columnComment\":\"集装箱id\",\"columnId\":173,\"columnName\":\"container_id\",\"columnType\":\"int\",\"createBy\":\"admin\",\"createTime\":\"2024-01-24 18:14:32\",\"dictType\":\"\",\"edit\":true,\"htmlType\":\"input\",\"increment\":false,\"insert\":true,\"isEdit\":\"1\",\"isIncrement\":\"0\",\"isInsert\":\"1\",\"isList\":\"1\",\"isPk\":\"0\",\"isQuery\":\"1\",\"javaField\":\"containerId\",\"javaType\":\"Long\",\"list\":true,\"params\":{},\"pk\":false,\"query\":true,\"queryType\":\"EQ\",\"required\":false,\"sort\":3,\"superColumn\":false,\"tableId\":26,\"updateBy\":\"\",\"usableColumn\":false},{\"capJavaField\":\"TaskStatus\",\"columnComment\":\"任务状态\",\"columnId\":174,\"columnName\":\"task_status\",\"columnType\":\"varchar(255)\",\"createBy\":\"admin\",\"createTime\":\"2024-01-24 18:14:32\",\"dictType\":\"\",\"edit\":true,\"htmlType\":\"radio\",\"increment\":false,\"insert\":true,\"isEdit\":\"1\",\"isIncrement\":\"0\",\"isInsert\":\"1\",\"isList\":\"1\",\"isPk\":\"0\",\"isQuery\":\"1\",\"javaField\":\"taskStatus\",\"javaType\":\"String\",\"list\":true,\"p', '{\"msg\":\"操作成功\",\"code\":200}', 0, NULL, '2024-01-24 18:15:04', 37);
INSERT INTO `sys_oper_log` VALUES (857, '代码生成', 8, 'com.ruoyi.generator.controller.GenController.batchGenCode()', 'GET', 1, 'admin', NULL, '/tool/gen/batchGenCode', '127.0.0.1', '内网IP', '{\"tables\":\"b_task\"}', NULL, 0, NULL, '2024-01-24 18:15:07', 166);
INSERT INTO `sys_oper_log` VALUES (858, '货车计划管理', 1, 'com.ruoyi.web.controller.task.BTaskController.add()', 'POST', 1, 'admin', NULL, '/task/task', '127.0.0.1', '内网IP', '{\"containerId\":1,\"params\":{},\"taskEnd\":\"100，500\",\"taskId\":1,\"taskStart\":\"100，50\",\"taskTime\":\"2024-01-12\",\"truckId\":\"苏G1234\"}', '{\"msg\":\"操作成功\",\"code\":200}', 0, NULL, '2024-01-24 18:18:34', 100);
INSERT INTO `sys_oper_log` VALUES (859, '货车计划管理', 2, 'com.ruoyi.web.controller.task.BTaskController.edit()', 'PUT', 1, 'admin', NULL, '/task/task', '127.0.0.1', '内网IP', '{\"containerId\":1,\"params\":{},\"taskEnd\":\"100，500\",\"taskId\":1,\"taskStart\":\"100，50\",\"taskStatus\":\"未开始\",\"taskTime\":\"2024-01-12\",\"truckId\":\"苏G1234\"}', '{\"msg\":\"操作成功\",\"code\":200}', 0, NULL, '2024-01-24 18:20:17', 10);
INSERT INTO `sys_oper_log` VALUES (860, '货车计划管理', 2, 'com.ruoyi.web.controller.task.BTaskController.edit()', 'PUT', 1, 'admin', NULL, '/task/task', '127.0.0.1', '内网IP', '{\"containerId\":1,\"params\":{},\"taskEnd\":\"100，500\",\"taskId\":1,\"taskStart\":\"100，50\",\"taskStatus\":\"未开始\",\"taskTime\":\"2024-01-12\",\"truckId\":\"苏G1234\"}', '{\"msg\":\"操作成功\",\"code\":200}', 0, NULL, '2024-01-24 18:20:25', 3);
INSERT INTO `sys_oper_log` VALUES (861, '货车计划管理', 2, 'com.ruoyi.web.controller.task.BTaskController.edit()', 'PUT', 1, 'admin', NULL, '/task/task', '127.0.0.1', '内网IP', '{\"containerId\":1,\"params\":{},\"taskEnd\":\"100，500\",\"taskId\":1,\"taskStart\":\"100，50\",\"taskStatus\":\"未开始\",\"taskTime\":\"2024-01-12\",\"taskType\":\"装船\",\"truckId\":\"苏G1234\"}', '{\"msg\":\"操作成功\",\"code\":200}', 0, NULL, '2024-01-24 18:20:59', 4);
INSERT INTO `sys_oper_log` VALUES (862, '货车计划管理', 1, 'com.ruoyi.web.controller.task.BTaskController.add()', 'POST', 1, 'admin', NULL, '/task/task', '127.0.0.1', '内网IP', '{\"containerId\":2,\"params\":{},\"taskId\":2,\"taskStatus\":\"未开始\",\"taskType\":\"装船\",\"truckId\":\"苏G2345\"}', '{\"msg\":\"操作成功\",\"code\":200}', 0, NULL, '2024-01-24 18:42:42', 6);
INSERT INTO `sys_oper_log` VALUES (863, '货车计划管理', 2, 'com.ruoyi.web.controller.task.BTaskController.edit()', 'PUT', 1, 'admin', NULL, '/task/task', '127.0.0.1', '内网IP', '{\"containerId\":2,\"params\":{},\"taskEnd\":\"100，500\",\"taskId\":2,\"taskStart\":\"100，100\",\"taskStatus\":\"未开始\",\"taskTime\":\"2024-01-26\",\"taskType\":\"装船\",\"truckId\":\"苏G2345\"}', '{\"msg\":\"操作成功\",\"code\":200}', 0, NULL, '2024-01-24 18:46:18', 9);
INSERT INTO `sys_oper_log` VALUES (864, '菜单管理', 2, 'com.ruoyi.web.controller.system.SysMenuController.edit()', 'PUT', 1, 'admin', NULL, '/system/menu', '127.0.0.1', '内网IP', '{\"children\":[],\"component\":\"findroad\",\"createTime\":\"2023-12-24 13:33:05\",\"icon\":\"component\",\"isCache\":\"1\",\"isFrame\":\"0\",\"menuId\":2053,\"menuName\":\"货车货堆寻址\",\"menuType\":\"C\",\"orderNum\":1,\"params\":{},\"parentId\":2046,\"path\":\"http://8.130.41.217:5245/dataroom/index.html#/bigscreen/design?code=bigScreen_fHCmSU8QlV\",\"perms\":\"\",\"status\":\"0\",\"updateBy\":\"admin\",\"visible\":\"0\"}', '{\"msg\":\"操作成功\",\"code\":200}', 0, NULL, '2024-01-24 18:51:44', 14);
INSERT INTO `sys_oper_log` VALUES (865, '菜单管理', 2, 'com.ruoyi.web.controller.system.SysMenuController.edit()', 'PUT', 1, 'admin', NULL, '/system/menu', '127.0.0.1', '内网IP', '{\"children\":[],\"component\":\"findroad\",\"createTime\":\"2023-12-24 13:33:05\",\"icon\":\"component\",\"isCache\":\"1\",\"isFrame\":\"1\",\"menuId\":2053,\"menuName\":\"货车货堆寻址\",\"menuType\":\"C\",\"orderNum\":1,\"params\":{},\"parentId\":2046,\"path\":\"findroad\",\"perms\":\"\",\"status\":\"0\",\"updateBy\":\"admin\",\"visible\":\"0\"}', '{\"msg\":\"操作成功\",\"code\":200}', 0, NULL, '2024-01-24 19:18:05', 11);
INSERT INTO `sys_oper_log` VALUES (866, 'wxuser', 2, 'com.ruoyi.web.controller.user.WxUserController.edit()', 'PUT', 1, 'admin', NULL, '/user/user', '127.0.0.1', '内网IP', '{\"openId\":\"ogj5Q6VEG1HHJMqTEebwUtIPlGBs\",\"params\":{},\"phoneNumber\":\"13236310189\",\"userIdentity\":\"用户\",\"userName\":\"Victor\",\"walletBalance\":0}', '{\"msg\":\"操作成功\",\"code\":200}', 0, NULL, '2024-01-25 13:46:38', 12);
INSERT INTO `sys_oper_log` VALUES (867, 'wxuser', 2, 'com.ruoyi.web.controller.user.WxUserController.edit()', 'PUT', 1, 'admin', NULL, '/user/user', '127.0.0.1', '内网IP', '{\"openId\":\"ogj5Q6VEG1HHJMqTEebwUtIPlGBs\",\"params\":{},\"phoneNumber\":\"13236310189\",\"userIdentity\":\"货物检测人员\",\"userName\":\"Victor\",\"walletBalance\":0}', '{\"msg\":\"操作成功\",\"code\":200}', 0, NULL, '2024-01-25 14:20:52', 28);
INSERT INTO `sys_oper_log` VALUES (868, 'wxuser', 2, 'com.ruoyi.web.controller.user.WxUserController.edit()', 'PUT', 1, 'admin', NULL, '/user/user', '127.0.0.1', '内网IP', '{\"openId\":\"ogj5Q6VEG1HHJMqTEebwUtIPlGBs\",\"params\":{},\"phoneNumber\":\"13236310189\",\"userIdentity\":\"用户\",\"userName\":\"Victor\",\"walletBalance\":0}', '{\"msg\":\"操作成功\",\"code\":200}', 0, NULL, '2024-01-25 16:01:22', 11);
INSERT INTO `sys_oper_log` VALUES (869, '航运计划', 2, 'com.ruoyi.web.controller.routeschedule.BRoutescheduleController.edit()', 'PUT', 1, 'admin', NULL, '/routeschedule/routeschedule', '127.0.0.1', '内网IP', '{\"departurePort\":\"连云港\",\"endTime\":\"2024-01-31 17:59\",\"endingPort\":\"厦门\",\"estimatedDuration\":20.5,\"hdcompanyId\":1,\"params\":{},\"routeDistance\":837.0,\"routeId\":1,\"routescheduleId\":1,\"scheduleBox\":400,\"shipId\":1,\"startTime\":\"2024-02-01 12:20\"}', '{\"msg\":\"操作成功\",\"code\":200}', 0, NULL, '2024-01-25 16:02:32', 27);
INSERT INTO `sys_oper_log` VALUES (870, '航运计划', 2, 'com.ruoyi.web.controller.routeschedule.BRoutescheduleController.edit()', 'PUT', 1, 'admin', NULL, '/routeschedule/routeschedule', '127.0.0.1', '内网IP', '{\"departurePort\":\"连云港\",\"endTime\":\"2024-02-01 17:59\",\"endingPort\":\"厦门\",\"estimatedDuration\":20.5,\"hdcompanyId\":1,\"params\":{},\"routeDistance\":837.0,\"routeId\":1,\"routescheduleId\":1,\"scheduleBox\":400,\"shipId\":1,\"startTime\":\"2024-02-01 12:20\"}', '{\"msg\":\"操作成功\",\"code\":200}', 0, NULL, '2024-01-25 16:02:58', 7);
INSERT INTO `sys_oper_log` VALUES (871, '菜单管理', 2, 'com.ruoyi.web.controller.system.SysMenuController.edit()', 'PUT', 1, 'admin', NULL, '/system/menu', '127.0.0.1', '内网IP', '{\"children\":[],\"component\":\"findroad\",\"createTime\":\"2023-12-24 13:33:05\",\"icon\":\"component\",\"isCache\":\"1\",\"isFrame\":\"1\",\"menuId\":2053,\"menuName\":\"货车货堆计划可视化\",\"menuType\":\"C\",\"orderNum\":1,\"params\":{},\"parentId\":2046,\"path\":\"findroad\",\"perms\":\"\",\"status\":\"0\",\"updateBy\":\"admin\",\"visible\":\"0\"}', '{\"msg\":\"操作成功\",\"code\":200}', 0, NULL, '2024-01-30 15:40:39', 32);
INSERT INTO `sys_oper_log` VALUES (872, '菜单管理', 1, 'com.ruoyi.web.controller.system.SysMenuController.add()', 'POST', 1, 'admin', NULL, '/system/menu', '127.0.0.1', '内网IP', '{\"children\":[],\"component\":\"findroad1\",\"createBy\":\"admin\",\"icon\":\"date\",\"isCache\":\"1\",\"isFrame\":\"1\",\"menuName\":\"货车货堆寻址\",\"menuType\":\"C\",\"orderNum\":0,\"params\":{},\"parentId\":2046,\"path\":\"findroad1\",\"status\":\"0\",\"visible\":\"0\"}', '{\"msg\":\"操作成功\",\"code\":200}', 0, NULL, '2024-01-30 16:39:33', 10);
INSERT INTO `sys_oper_log` VALUES (873, '危险品识别信息管理', 3, 'com.ruoyi.web.controller.dangerinfo.BDangerController.remove()', 'DELETE', 1, 'admin', NULL, '/dangerinfo/dangerinfo/61', '127.0.0.1', '内网IP', '{}', '{\"msg\":\"操作成功\",\"code\":200}', 0, NULL, '2024-01-30 21:01:37', 10);
INSERT INTO `sys_oper_log` VALUES (874, '危险品识别信息管理', 3, 'com.ruoyi.web.controller.dangerinfo.BDangerController.remove()', 'DELETE', 1, 'admin', NULL, '/dangerinfo/dangerinfo/62', '127.0.0.1', '内网IP', '{}', '{\"msg\":\"操作成功\",\"code\":200}', 0, NULL, '2024-01-30 21:01:38', 3);
INSERT INTO `sys_oper_log` VALUES (875, '危险品识别信息管理', 3, 'com.ruoyi.web.controller.dangerinfo.BDangerController.remove()', 'DELETE', 1, 'admin', NULL, '/dangerinfo/dangerinfo/60', '127.0.0.1', '内网IP', '{}', '{\"msg\":\"操作成功\",\"code\":200}', 0, NULL, '2024-01-30 21:01:41', 5);
INSERT INTO `sys_oper_log` VALUES (876, '危险品识别信息管理', 3, 'com.ruoyi.web.controller.dangerinfo.BDangerController.remove()', 'DELETE', 1, 'admin', NULL, '/dangerinfo/dangerinfo/59', '127.0.0.1', '内网IP', '{}', '{\"msg\":\"操作成功\",\"code\":200}', 0, NULL, '2024-01-30 21:01:43', 7);
INSERT INTO `sys_oper_log` VALUES (877, '代码生成', 6, 'com.ruoyi.generator.controller.GenController.importTableSave()', 'POST', 1, 'admin', NULL, '/tool/gen/importTable', '127.0.0.1', '内网IP', '{\"tables\":\"b_containerslot\"}', '{\"msg\":\"操作成功\",\"code\":200}', 0, NULL, '2024-02-12 15:50:46', 106);
INSERT INTO `sys_oper_log` VALUES (878, '代码生成', 2, 'com.ruoyi.generator.controller.GenController.editSave()', 'PUT', 1, 'admin', NULL, '/tool/gen', '127.0.0.1', '内网IP', '{\"businessName\":\"containerslot\",\"className\":\"BContainerslot\",\"columns\":[{\"capJavaField\":\"SlotId\",\"columnComment\":\"船箱位\",\"columnId\":180,\"columnName\":\"slot_id\",\"columnType\":\"int\",\"createBy\":\"admin\",\"createTime\":\"2024-02-12 15:50:46\",\"dictType\":\"\",\"edit\":false,\"htmlType\":\"input\",\"increment\":true,\"insert\":true,\"isIncrement\":\"1\",\"isInsert\":\"1\",\"isPk\":\"1\",\"javaField\":\"slotId\",\"javaType\":\"Long\",\"list\":false,\"params\":{},\"pk\":true,\"query\":false,\"queryType\":\"EQ\",\"required\":false,\"sort\":1,\"superColumn\":false,\"tableId\":27,\"updateBy\":\"\",\"usableColumn\":false},{\"capJavaField\":\"ShipId\",\"columnComment\":\"船舶id\",\"columnId\":181,\"columnName\":\"ship_id\",\"columnType\":\"int\",\"createBy\":\"admin\",\"createTime\":\"2024-02-12 15:50:46\",\"dictType\":\"\",\"edit\":true,\"htmlType\":\"input\",\"increment\":false,\"insert\":true,\"isEdit\":\"1\",\"isIncrement\":\"0\",\"isInsert\":\"1\",\"isList\":\"1\",\"isPk\":\"0\",\"isQuery\":\"1\",\"javaField\":\"shipId\",\"javaType\":\"Long\",\"list\":true,\"params\":{},\"pk\":false,\"query\":true,\"queryType\":\"EQ\",\"required\":false,\"sort\":2,\"superColumn\":false,\"tableId\":27,\"updateBy\":\"\",\"usableColumn\":false},{\"capJavaField\":\"RowNumber\",\"columnComment\":\"船箱位的行号\",\"columnId\":182,\"columnName\":\"row_number\",\"columnType\":\"int\",\"createBy\":\"admin\",\"createTime\":\"2024-02-12 15:50:46\",\"dictType\":\"\",\"edit\":true,\"htmlType\":\"input\",\"increment\":false,\"insert\":true,\"isEdit\":\"1\",\"isIncrement\":\"0\",\"isInsert\":\"1\",\"isList\":\"1\",\"isPk\":\"0\",\"isQuery\":\"1\",\"javaField\":\"rowNumber\",\"javaType\":\"Long\",\"list\":true,\"params\":{},\"pk\":false,\"query\":true,\"queryType\":\"EQ\",\"required\":false,\"sort\":3,\"superColumn\":false,\"tableId\":27,\"updateBy\":\"\",\"usableColumn\":false},{\"capJavaField\":\"TierNumber\",\"columnComment\":\"船箱位的层号\",\"columnId\":183,\"columnName\":\"tier_number\",\"columnType\":\"int\",\"createBy\":\"admin\",\"createTime\":\"2024-02-12 15:50:46\",\"dictType\":\"\",\"edit\":true,\"htmlType\":\"input\",\"increment\":false,\"insert\":true,\"isEdit\":\"1\",\"isIncrement\":\"0\",\"isInsert\":\"1\",\"isList\":\"1\",\"isPk\":\"0\",\"isQuery\":\"1\",\"javaField\":\"tierNumber\",\"javaType\":\"Long\",\"list\":true,\"params\":{},\"pk', '{\"msg\":\"操作成功\",\"code\":200}', 0, NULL, '2024-02-12 15:55:55', 31);
INSERT INTO `sys_oper_log` VALUES (879, '代码生成', 8, 'com.ruoyi.generator.controller.GenController.batchGenCode()', 'GET', 1, 'admin', NULL, '/tool/gen/batchGenCode', '127.0.0.1', '内网IP', '{\"tables\":\"b_containerslot\"}', NULL, 0, NULL, '2024-02-12 15:56:02', 187);
INSERT INTO `sys_oper_log` VALUES (880, '菜单管理', 1, 'com.ruoyi.web.controller.system.SysMenuController.add()', 'POST', 1, 'admin', NULL, '/system/menu', '127.0.0.1', '内网IP', '{\"children\":[],\"component\":\"containerslot\",\"createBy\":\"admin\",\"icon\":\"date\",\"isCache\":\"1\",\"isFrame\":\"1\",\"menuName\":\"箱位管理\",\"menuType\":\"C\",\"orderNum\":8,\"params\":{},\"parentId\":2001,\"path\":\"containerslot\",\"status\":\"0\",\"visible\":\"0\"}', '{\"msg\":\"操作成功\",\"code\":200}', 0, NULL, '2024-02-12 15:57:03', 18);
INSERT INTO `sys_oper_log` VALUES (881, '箱位管理', 1, 'com.ruoyi.web.controller.containerslot.BContainerslotController.add()', 'POST', 1, 'admin', NULL, '/containerslot/containerslot', '127.0.0.1', '内网IP', '{\"columnNumber\":1,\"params\":{},\"rowNumber\":1,\"shipId\":1,\"tierNumber\":1}', NULL, 1, '\r\n### Error updating database.  Cause: java.sql.SQLSyntaxErrorException: You have an error in your SQL syntax; check the manual that corresponds to your MySQL server version for the right syntax to use near \'row_number,\n            tier_number,\n            column_number ) \n         value\' at line 3\r\n### The error may exist in file [C:\\Users\\16789\\Desktop\\总文件\\项目\\Cargo-ship-carrying-visualization-platform-system\\cargo-containerslot\\target\\classes\\mapper\\containerslot\\BContainerslotMapper.xml]\r\n### The error may involve com.ruoyi.containerslot.mapper.BContainerslotMapper.insertBContainerslot-Inline\r\n### The error occurred while setting parameters\r\n### SQL: insert into b_containerslot          ( ship_id,             row_number,             tier_number,             column_number )           values ( ?,             ?,             ?,             ? )\r\n### Cause: java.sql.SQLSyntaxErrorException: You have an error in your SQL syntax; check the manual that corresponds to your MySQL server version for the right syntax to use near \'row_number,\n            tier_number,\n            column_number ) \n         value\' at line 3\n; bad SQL grammar []; nested exception is java.sql.SQLSyntaxErrorException: You have an error in your SQL syntax; check the manual that corresponds to your MySQL server version for the right syntax to use near \'row_number,\n            tier_number,\n            column_number ) \n         value\' at line 3', '2024-02-12 16:08:41', 185);
INSERT INTO `sys_oper_log` VALUES (882, '箱位管理', 1, 'com.ruoyi.web.controller.containerslot.BContainerslotController.add()', 'POST', 1, 'admin', NULL, '/containerslot/containerslot', '127.0.0.1', '内网IP', '{\"columnNumber\":1,\"params\":{},\"rowNumber\":1,\"shipId\":1,\"tierNumber\":1}', NULL, 1, '\r\n### Error updating database.  Cause: java.sql.SQLSyntaxErrorException: You have an error in your SQL syntax; check the manual that corresponds to your MySQL server version for the right syntax to use near \'row_number,\n            tier_number,\n            column_number ) \n         value\' at line 3\r\n### The error may exist in file [C:\\Users\\16789\\Desktop\\总文件\\项目\\Cargo-ship-carrying-visualization-platform-system\\cargo-containerslot\\target\\classes\\mapper\\containerslot\\BContainerslotMapper.xml]\r\n### The error may involve com.ruoyi.containerslot.mapper.BContainerslotMapper.insertBContainerslot-Inline\r\n### The error occurred while setting parameters\r\n### SQL: insert into b_containerslot          ( ship_id,             row_number,             tier_number,             column_number )           values ( ?,             ?,             ?,             ? )\r\n### Cause: java.sql.SQLSyntaxErrorException: You have an error in your SQL syntax; check the manual that corresponds to your MySQL server version for the right syntax to use near \'row_number,\n            tier_number,\n            column_number ) \n         value\' at line 3\n; bad SQL grammar []; nested exception is java.sql.SQLSyntaxErrorException: You have an error in your SQL syntax; check the manual that corresponds to your MySQL server version for the right syntax to use near \'row_number,\n            tier_number,\n            column_number ) \n         value\' at line 3', '2024-02-12 16:08:46', 3);
INSERT INTO `sys_oper_log` VALUES (883, '代码生成', 3, 'com.ruoyi.generator.controller.GenController.remove()', 'DELETE', 1, 'admin', NULL, '/tool/gen/27', '127.0.0.1', '内网IP', '{}', '{\"msg\":\"操作成功\",\"code\":200}', 0, NULL, '2024-02-12 16:12:25', 39);
INSERT INTO `sys_oper_log` VALUES (884, '代码生成', 6, 'com.ruoyi.generator.controller.GenController.importTableSave()', 'POST', 1, 'admin', NULL, '/tool/gen/importTable', '127.0.0.1', '内网IP', '{\"tables\":\"b_containerslot\"}', '{\"msg\":\"操作成功\",\"code\":200}', 0, NULL, '2024-02-12 16:12:28', 45);
INSERT INTO `sys_oper_log` VALUES (885, '代码生成', 2, 'com.ruoyi.generator.controller.GenController.editSave()', 'PUT', 1, 'admin', NULL, '/tool/gen', '127.0.0.1', '内网IP', '{\"businessName\":\"containerslot\",\"className\":\"BContainerslot\",\"columns\":[{\"capJavaField\":\"SlotId\",\"columnComment\":\"船箱位\",\"columnId\":185,\"columnName\":\"slot_id\",\"columnType\":\"int\",\"createBy\":\"admin\",\"createTime\":\"2024-02-12 16:12:28\",\"dictType\":\"\",\"edit\":false,\"htmlType\":\"input\",\"increment\":true,\"insert\":true,\"isIncrement\":\"1\",\"isInsert\":\"1\",\"isPk\":\"1\",\"javaField\":\"slotId\",\"javaType\":\"Long\",\"list\":false,\"params\":{},\"pk\":true,\"query\":false,\"queryType\":\"EQ\",\"required\":false,\"sort\":1,\"superColumn\":false,\"tableId\":28,\"updateBy\":\"\",\"usableColumn\":false},{\"capJavaField\":\"ShipId\",\"columnComment\":\"船舶id\",\"columnId\":186,\"columnName\":\"ship_id\",\"columnType\":\"int\",\"createBy\":\"admin\",\"createTime\":\"2024-02-12 16:12:28\",\"dictType\":\"\",\"edit\":true,\"htmlType\":\"input\",\"increment\":false,\"insert\":true,\"isEdit\":\"1\",\"isIncrement\":\"0\",\"isInsert\":\"1\",\"isList\":\"1\",\"isPk\":\"0\",\"isQuery\":\"1\",\"javaField\":\"shipId\",\"javaType\":\"Long\",\"list\":true,\"params\":{},\"pk\":false,\"query\":true,\"queryType\":\"EQ\",\"required\":false,\"sort\":2,\"superColumn\":false,\"tableId\":28,\"updateBy\":\"\",\"usableColumn\":false},{\"capJavaField\":\"RNumber\",\"columnComment\":\"船箱位的行号\",\"columnId\":187,\"columnName\":\"r_number\",\"columnType\":\"int\",\"createBy\":\"admin\",\"createTime\":\"2024-02-12 16:12:28\",\"dictType\":\"\",\"edit\":true,\"htmlType\":\"input\",\"increment\":false,\"insert\":true,\"isEdit\":\"1\",\"isIncrement\":\"0\",\"isInsert\":\"1\",\"isList\":\"1\",\"isPk\":\"0\",\"isQuery\":\"1\",\"javaField\":\"rNumber\",\"javaType\":\"Long\",\"list\":true,\"params\":{},\"pk\":false,\"query\":true,\"queryType\":\"EQ\",\"required\":false,\"sort\":3,\"superColumn\":false,\"tableId\":28,\"updateBy\":\"\",\"usableColumn\":false},{\"capJavaField\":\"TierNumber\",\"columnComment\":\"船箱位的层号\",\"columnId\":188,\"columnName\":\"tier_number\",\"columnType\":\"int\",\"createBy\":\"admin\",\"createTime\":\"2024-02-12 16:12:28\",\"dictType\":\"\",\"edit\":true,\"htmlType\":\"input\",\"increment\":false,\"insert\":true,\"isEdit\":\"1\",\"isIncrement\":\"0\",\"isInsert\":\"1\",\"isList\":\"1\",\"isPk\":\"0\",\"isQuery\":\"1\",\"javaField\":\"tierNumber\",\"javaType\":\"Long\",\"list\":true,\"params\":{},\"pk\":fals', '{\"msg\":\"操作成功\",\"code\":200}', 0, NULL, '2024-02-12 16:13:02', 28);
INSERT INTO `sys_oper_log` VALUES (886, '代码生成', 8, 'com.ruoyi.generator.controller.GenController.batchGenCode()', 'GET', 1, 'admin', NULL, '/tool/gen/batchGenCode', '127.0.0.1', '内网IP', '{\"tables\":\"b_containerslot\"}', NULL, 0, NULL, '2024-02-12 16:13:07', 176);
INSERT INTO `sys_oper_log` VALUES (887, '箱位管理', 1, 'com.ruoyi.web.controller.containerslot.BContainerslotController.add()', 'POST', 1, 'admin', NULL, '/containerslot/containerslot', '127.0.0.1', '内网IP', '{\"cNumber\":1,\"params\":{},\"rNumber\":1,\"shipId\":1,\"slotId\":1,\"tierNumber\":1}', '{\"msg\":\"操作成功\",\"code\":200}', 0, NULL, '2024-02-12 16:15:16', 124);
INSERT INTO `sys_oper_log` VALUES (888, '箱位管理', 1, 'com.ruoyi.web.controller.containerslot.BContainerslotController.add()', 'POST', 1, 'admin', NULL, '/containerslot/containerslot', '127.0.0.1', '内网IP', '{\"cNumber\":1,\"params\":{},\"rNumber\":1,\"shipId\":2,\"slotId\":2,\"tierNumber\":2}', '{\"msg\":\"操作成功\",\"code\":200}', 0, NULL, '2024-02-12 16:16:00', 8);
INSERT INTO `sys_oper_log` VALUES (889, '箱位管理', 1, 'com.ruoyi.web.controller.containerslot.BContainerslotController.add()', 'POST', 1, 'admin', NULL, '/containerslot/containerslot', '127.0.0.1', '内网IP', '{\"cNumber\":1,\"params\":{},\"rNumber\":1,\"shipId\":1,\"slotId\":3,\"tierNumber\":3}', '{\"msg\":\"操作成功\",\"code\":200}', 0, NULL, '2024-02-12 16:16:12', 8);
INSERT INTO `sys_oper_log` VALUES (890, '箱位管理', 1, 'com.ruoyi.web.controller.containerslot.BContainerslotController.add()', 'POST', 1, 'admin', NULL, '/containerslot/containerslot', '127.0.0.1', '内网IP', '{\"cNumber\":1,\"params\":{},\"rNumber\":1,\"shipId\":1,\"slotId\":4,\"tierNumber\":3}', '{\"msg\":\"操作成功\",\"code\":200}', 0, NULL, '2024-02-12 16:16:21', 8);
INSERT INTO `sys_oper_log` VALUES (891, '箱位管理', 2, 'com.ruoyi.web.controller.containerslot.BContainerslotController.edit()', 'PUT', 1, 'admin', NULL, '/containerslot/containerslot', '127.0.0.1', '内网IP', '{\"cNumber\":1,\"params\":{},\"rNumber\":1,\"shipId\":1,\"slotId\":4,\"tierNumber\":4}', '{\"msg\":\"操作成功\",\"code\":200}', 0, NULL, '2024-02-12 16:16:25', 6);
INSERT INTO `sys_oper_log` VALUES (892, '箱位管理', 1, 'com.ruoyi.web.controller.containerslot.BContainerslotController.add()', 'POST', 1, 'admin', NULL, '/containerslot/containerslot', '127.0.0.1', '内网IP', '{\"cNumber\":1,\"params\":{},\"rNumber\":1,\"shipId\":1,\"slotId\":5,\"tierNumber\":5}', '{\"msg\":\"操作成功\",\"code\":200}', 0, NULL, '2024-02-12 16:18:02', 8);
INSERT INTO `sys_oper_log` VALUES (893, '箱位管理', 1, 'com.ruoyi.web.controller.containerslot.BContainerslotController.add()', 'POST', 1, 'admin', NULL, '/containerslot/containerslot', '127.0.0.1', '内网IP', '{\"cNumber\":2,\"params\":{},\"rNumber\":1,\"shipId\":1,\"slotId\":6,\"tierNumber\":1}', '{\"msg\":\"操作成功\",\"code\":200}', 0, NULL, '2024-02-12 16:18:07', 12);
INSERT INTO `sys_oper_log` VALUES (894, '箱位管理', 1, 'com.ruoyi.web.controller.containerslot.BContainerslotController.add()', 'POST', 1, 'admin', NULL, '/containerslot/containerslot', '127.0.0.1', '内网IP', '{\"cNumber\":2,\"params\":{},\"rNumber\":1,\"shipId\":1,\"slotId\":7,\"tierNumber\":2}', '{\"msg\":\"操作成功\",\"code\":200}', 0, NULL, '2024-02-12 16:18:11', 8);
INSERT INTO `sys_oper_log` VALUES (895, '箱位管理', 1, 'com.ruoyi.web.controller.containerslot.BContainerslotController.add()', 'POST', 1, 'admin', NULL, '/containerslot/containerslot', '127.0.0.1', '内网IP', '{\"cNumber\":2,\"params\":{},\"rNumber\":1,\"shipId\":1,\"slotId\":8,\"tierNumber\":3}', '{\"msg\":\"操作成功\",\"code\":200}', 0, NULL, '2024-02-12 16:18:18', 9);
INSERT INTO `sys_oper_log` VALUES (896, '箱位管理', 1, 'com.ruoyi.web.controller.containerslot.BContainerslotController.add()', 'POST', 1, 'admin', NULL, '/containerslot/containerslot', '127.0.0.1', '内网IP', '{\"cNumber\":2,\"params\":{},\"rNumber\":1,\"shipId\":1,\"slotId\":9,\"tierNumber\":4}', '{\"msg\":\"操作成功\",\"code\":200}', 0, NULL, '2024-02-12 16:18:33', 8);
INSERT INTO `sys_oper_log` VALUES (897, '箱位管理', 1, 'com.ruoyi.web.controller.containerslot.BContainerslotController.add()', 'POST', 1, 'admin', NULL, '/containerslot/containerslot', '127.0.0.1', '内网IP', '{\"cNumber\":2,\"params\":{},\"rNumber\":1,\"shipId\":1,\"slotId\":10,\"tierNumber\":5}', '{\"msg\":\"操作成功\",\"code\":200}', 0, NULL, '2024-02-12 16:18:50', 8);
INSERT INTO `sys_oper_log` VALUES (898, '箱位管理', 1, 'com.ruoyi.web.controller.containerslot.BContainerslotController.add()', 'POST', 1, 'admin', NULL, '/containerslot/containerslot', '127.0.0.1', '内网IP', '{\"cNumber\":3,\"params\":{},\"rNumber\":1,\"shipId\":1,\"slotId\":11,\"tierNumber\":1}', '{\"msg\":\"操作成功\",\"code\":200}', 0, NULL, '2024-02-12 16:19:15', 24);
INSERT INTO `sys_oper_log` VALUES (899, '箱位管理', 1, 'com.ruoyi.web.controller.containerslot.BContainerslotController.add()', 'POST', 1, 'admin', NULL, '/containerslot/containerslot', '127.0.0.1', '内网IP', '{\"cNumber\":3,\"params\":{},\"rNumber\":1,\"shipId\":1,\"slotId\":12,\"tierNumber\":1}', '{\"msg\":\"操作成功\",\"code\":200}', 0, NULL, '2024-02-12 16:19:55', 25);
INSERT INTO `sys_oper_log` VALUES (900, '箱位管理', 2, 'com.ruoyi.web.controller.containerslot.BContainerslotController.edit()', 'PUT', 1, 'admin', NULL, '/containerslot/containerslot', '127.0.0.1', '内网IP', '{\"cNumber\":3,\"params\":{},\"rNumber\":1,\"shipId\":1,\"slotId\":12,\"tierNumber\":2}', '{\"msg\":\"操作成功\",\"code\":200}', 0, NULL, '2024-02-12 16:20:01', 5);
INSERT INTO `sys_oper_log` VALUES (901, '箱位管理', 1, 'com.ruoyi.web.controller.containerslot.BContainerslotController.add()', 'POST', 1, 'admin', NULL, '/containerslot/containerslot', '127.0.0.1', '内网IP', '{\"cNumber\":3,\"params\":{},\"rNumber\":1,\"shipId\":1,\"slotId\":13,\"tierNumber\":3}', '{\"msg\":\"操作成功\",\"code\":200}', 0, NULL, '2024-02-12 16:20:07', 8);
INSERT INTO `sys_oper_log` VALUES (902, '箱位管理', 1, 'com.ruoyi.web.controller.containerslot.BContainerslotController.add()', 'POST', 1, 'admin', NULL, '/containerslot/containerslot', '127.0.0.1', '内网IP', '{\"cNumber\":3,\"params\":{},\"rNumber\":1,\"shipId\":1,\"slotId\":14,\"tierNumber\":4}', '{\"msg\":\"操作成功\",\"code\":200}', 0, NULL, '2024-02-12 16:20:12', 8);
INSERT INTO `sys_oper_log` VALUES (903, '箱位管理', 1, 'com.ruoyi.web.controller.containerslot.BContainerslotController.add()', 'POST', 1, 'admin', NULL, '/containerslot/containerslot', '127.0.0.1', '内网IP', '{\"cNumber\":3,\"params\":{},\"rNumber\":1,\"shipId\":1,\"slotId\":15,\"tierNumber\":5}', '{\"msg\":\"操作成功\",\"code\":200}', 0, NULL, '2024-02-12 16:20:19', 8);
INSERT INTO `sys_oper_log` VALUES (904, '代码生成', 3, 'com.ruoyi.generator.controller.GenController.remove()', 'DELETE', 1, 'admin', NULL, '/tool/gen/28', '127.0.0.1', '内网IP', '{}', '{\"msg\":\"操作成功\",\"code\":200}', 0, NULL, '2024-02-12 16:34:44', 41);
INSERT INTO `sys_oper_log` VALUES (905, '代码生成', 6, 'com.ruoyi.generator.controller.GenController.importTableSave()', 'POST', 1, 'admin', NULL, '/tool/gen/importTable', '127.0.0.1', '内网IP', '{\"tables\":\"b_containerslot\"}', '{\"msg\":\"操作成功\",\"code\":200}', 0, NULL, '2024-02-12 16:34:50', 48);
INSERT INTO `sys_oper_log` VALUES (906, '代码生成', 2, 'com.ruoyi.generator.controller.GenController.editSave()', 'PUT', 1, 'admin', NULL, '/tool/gen', '127.0.0.1', '内网IP', '{\"businessName\":\"containerslot\",\"className\":\"BContainerslot\",\"columns\":[{\"capJavaField\":\"SlotId\",\"columnComment\":\"船箱位\",\"columnId\":190,\"columnName\":\"slot_id\",\"columnType\":\"int\",\"createBy\":\"admin\",\"createTime\":\"2024-02-12 16:34:50\",\"dictType\":\"\",\"edit\":false,\"htmlType\":\"input\",\"increment\":true,\"insert\":true,\"isIncrement\":\"1\",\"isInsert\":\"1\",\"isPk\":\"1\",\"javaField\":\"slotId\",\"javaType\":\"Long\",\"list\":false,\"params\":{},\"pk\":true,\"query\":false,\"queryType\":\"EQ\",\"required\":false,\"sort\":1,\"superColumn\":false,\"tableId\":29,\"updateBy\":\"\",\"usableColumn\":false},{\"capJavaField\":\"ShipId\",\"columnComment\":\"船舶id\",\"columnId\":191,\"columnName\":\"ship_id\",\"columnType\":\"int\",\"createBy\":\"admin\",\"createTime\":\"2024-02-12 16:34:50\",\"dictType\":\"\",\"edit\":true,\"htmlType\":\"input\",\"increment\":false,\"insert\":true,\"isEdit\":\"1\",\"isIncrement\":\"0\",\"isInsert\":\"1\",\"isList\":\"1\",\"isPk\":\"0\",\"isQuery\":\"1\",\"javaField\":\"shipId\",\"javaType\":\"Long\",\"list\":true,\"params\":{},\"pk\":false,\"query\":true,\"queryType\":\"EQ\",\"required\":false,\"sort\":2,\"superColumn\":false,\"tableId\":29,\"updateBy\":\"\",\"usableColumn\":false},{\"capJavaField\":\"RNumber\",\"columnComment\":\"船箱位的行号\",\"columnId\":192,\"columnName\":\"r_number\",\"columnType\":\"int\",\"createBy\":\"admin\",\"createTime\":\"2024-02-12 16:34:50\",\"dictType\":\"\",\"edit\":true,\"htmlType\":\"input\",\"increment\":false,\"insert\":true,\"isEdit\":\"1\",\"isIncrement\":\"0\",\"isInsert\":\"1\",\"isList\":\"1\",\"isPk\":\"0\",\"isQuery\":\"1\",\"javaField\":\"rNumber\",\"javaType\":\"Long\",\"list\":true,\"params\":{},\"pk\":false,\"query\":true,\"queryType\":\"EQ\",\"required\":false,\"sort\":3,\"superColumn\":false,\"tableId\":29,\"updateBy\":\"\",\"usableColumn\":false},{\"capJavaField\":\"TierNumber\",\"columnComment\":\"船箱位的层号\",\"columnId\":193,\"columnName\":\"tier_number\",\"columnType\":\"int\",\"createBy\":\"admin\",\"createTime\":\"2024-02-12 16:34:50\",\"dictType\":\"\",\"edit\":true,\"htmlType\":\"input\",\"increment\":false,\"insert\":true,\"isEdit\":\"1\",\"isIncrement\":\"0\",\"isInsert\":\"1\",\"isList\":\"1\",\"isPk\":\"0\",\"isQuery\":\"1\",\"javaField\":\"tierNumber\",\"javaType\":\"Long\",\"list\":true,\"params\":{},\"pk\":fals', '{\"msg\":\"操作成功\",\"code\":200}', 0, NULL, '2024-02-12 16:35:17', 37);
INSERT INTO `sys_oper_log` VALUES (907, '代码生成', 8, 'com.ruoyi.generator.controller.GenController.batchGenCode()', 'GET', 1, 'admin', NULL, '/tool/gen/batchGenCode', '127.0.0.1', '内网IP', '{\"tables\":\"b_containerslot\"}', NULL, 0, NULL, '2024-02-12 16:35:21', 169);
INSERT INTO `sys_oper_log` VALUES (908, '箱位管理', 2, 'com.ruoyi.web.controller.containerslot.BContainerslotController.edit()', 'PUT', 1, 'admin', NULL, '/containerslot/containerslot', '127.0.0.1', '内网IP', '{\"cNumber\":1,\"params\":{},\"rNumber\":1,\"shipId\":1,\"slotId\":1,\"status\":\"装载\",\"tierNumber\":1}', '{\"msg\":\"操作成功\",\"code\":200}', 0, NULL, '2024-02-12 16:38:28', 28);
INSERT INTO `sys_oper_log` VALUES (909, '箱位管理', 2, 'com.ruoyi.web.controller.containerslot.BContainerslotController.edit()', 'PUT', 1, 'admin', NULL, '/containerslot/containerslot', '127.0.0.1', '内网IP', '{\"cNumber\":1,\"params\":{},\"rNumber\":1,\"shipId\":2,\"slotId\":2,\"status\":\"装载\",\"tierNumber\":2}', '{\"msg\":\"操作成功\",\"code\":200}', 0, NULL, '2024-02-12 16:39:31', 8);
INSERT INTO `sys_oper_log` VALUES (910, '箱位管理', 2, 'com.ruoyi.web.controller.containerslot.BContainerslotController.edit()', 'PUT', 1, 'admin', NULL, '/containerslot/containerslot', '127.0.0.1', '内网IP', '{\"cNumber\":1,\"params\":{},\"rNumber\":1,\"shipId\":1,\"slotId\":3,\"status\":\"装载\",\"tierNumber\":3}', '{\"msg\":\"操作成功\",\"code\":200}', 0, NULL, '2024-02-12 16:39:34', 8);
INSERT INTO `sys_oper_log` VALUES (911, '箱位管理', 2, 'com.ruoyi.web.controller.containerslot.BContainerslotController.edit()', 'PUT', 1, 'admin', NULL, '/containerslot/containerslot', '127.0.0.1', '内网IP', '{\"cNumber\":1,\"params\":{},\"rNumber\":1,\"shipId\":1,\"slotId\":4,\"status\":\"装载\",\"tierNumber\":4}', '{\"msg\":\"操作成功\",\"code\":200}', 0, NULL, '2024-02-12 16:43:02', 8);
INSERT INTO `sys_oper_log` VALUES (912, '箱位管理', 2, 'com.ruoyi.web.controller.containerslot.BContainerslotController.edit()', 'PUT', 1, 'admin', NULL, '/containerslot/containerslot', '127.0.0.1', '内网IP', '{\"cNumber\":1,\"params\":{},\"rNumber\":1,\"shipId\":1,\"slotId\":5,\"status\":\"装载\",\"tierNumber\":5}', '{\"msg\":\"操作成功\",\"code\":200}', 0, NULL, '2024-02-12 16:43:05', 7);
INSERT INTO `sys_oper_log` VALUES (913, '箱位管理', 2, 'com.ruoyi.web.controller.containerslot.BContainerslotController.edit()', 'PUT', 1, 'admin', NULL, '/containerslot/containerslot', '127.0.0.1', '内网IP', '{\"cNumber\":2,\"params\":{},\"rNumber\":1,\"shipId\":1,\"slotId\":6,\"status\":\"装载\",\"tierNumber\":1}', '{\"msg\":\"操作成功\",\"code\":200}', 0, NULL, '2024-02-12 16:43:09', 3);
INSERT INTO `sys_oper_log` VALUES (914, '箱位管理', 2, 'com.ruoyi.web.controller.containerslot.BContainerslotController.edit()', 'PUT', 1, 'admin', NULL, '/containerslot/containerslot', '127.0.0.1', '内网IP', '{\"cNumber\":2,\"params\":{},\"rNumber\":1,\"shipId\":1,\"slotId\":7,\"status\":\"装载\",\"tierNumber\":2}', '{\"msg\":\"操作成功\",\"code\":200}', 0, NULL, '2024-02-12 16:43:11', 5);
INSERT INTO `sys_oper_log` VALUES (915, '箱位管理', 2, 'com.ruoyi.web.controller.containerslot.BContainerslotController.edit()', 'PUT', 1, 'admin', NULL, '/containerslot/containerslot', '127.0.0.1', '内网IP', '{\"cNumber\":2,\"params\":{},\"rNumber\":1,\"shipId\":1,\"slotId\":8,\"status\":\"未装载\",\"tierNumber\":3}', '{\"msg\":\"操作成功\",\"code\":200}', 0, NULL, '2024-02-12 16:43:21', 9);
INSERT INTO `sys_oper_log` VALUES (916, '箱位管理', 2, 'com.ruoyi.web.controller.containerslot.BContainerslotController.edit()', 'PUT', 1, 'admin', NULL, '/containerslot/containerslot', '127.0.0.1', '内网IP', '{\"cNumber\":2,\"params\":{},\"rNumber\":1,\"shipId\":1,\"slotId\":9,\"tierNumber\":4}', '{\"msg\":\"操作成功\",\"code\":200}', 0, NULL, '2024-02-12 16:43:23', 2);
INSERT INTO `sys_oper_log` VALUES (917, '箱位管理', 2, 'com.ruoyi.web.controller.containerslot.BContainerslotController.edit()', 'PUT', 1, 'admin', NULL, '/containerslot/containerslot', '127.0.0.1', '内网IP', '{\"cNumber\":2,\"params\":{},\"rNumber\":1,\"shipId\":1,\"slotId\":9,\"status\":\"未装载\",\"tierNumber\":4}', '{\"msg\":\"操作成功\",\"code\":200}', 0, NULL, '2024-02-12 16:43:27', 8);
INSERT INTO `sys_oper_log` VALUES (918, '箱位管理', 2, 'com.ruoyi.web.controller.containerslot.BContainerslotController.edit()', 'PUT', 1, 'admin', NULL, '/containerslot/containerslot', '127.0.0.1', '内网IP', '{\"cNumber\":2,\"params\":{},\"rNumber\":1,\"shipId\":1,\"slotId\":10,\"status\":\"未装载\",\"tierNumber\":5}', '{\"msg\":\"操作成功\",\"code\":200}', 0, NULL, '2024-02-12 16:43:29', 5);
INSERT INTO `sys_oper_log` VALUES (919, '箱位管理', 2, 'com.ruoyi.web.controller.containerslot.BContainerslotController.edit()', 'PUT', 1, 'admin', NULL, '/containerslot/containerslot', '127.0.0.1', '内网IP', '{\"cNumber\":3,\"params\":{},\"rNumber\":1,\"shipId\":1,\"slotId\":11,\"status\":\"未装载\",\"tierNumber\":1}', '{\"msg\":\"操作成功\",\"code\":200}', 0, NULL, '2024-02-12 16:43:34', 10);
INSERT INTO `sys_oper_log` VALUES (920, '箱位管理', 2, 'com.ruoyi.web.controller.containerslot.BContainerslotController.edit()', 'PUT', 1, 'admin', NULL, '/containerslot/containerslot', '127.0.0.1', '内网IP', '{\"cNumber\":3,\"params\":{},\"rNumber\":1,\"shipId\":1,\"slotId\":12,\"status\":\"未装载\",\"tierNumber\":2}', '{\"msg\":\"操作成功\",\"code\":200}', 0, NULL, '2024-02-12 16:43:37', 8);
INSERT INTO `sys_oper_log` VALUES (921, '箱位管理', 2, 'com.ruoyi.web.controller.containerslot.BContainerslotController.edit()', 'PUT', 1, 'admin', NULL, '/containerslot/containerslot', '127.0.0.1', '内网IP', '{\"cNumber\":3,\"params\":{},\"rNumber\":1,\"shipId\":1,\"slotId\":13,\"status\":\"未装载\",\"tierNumber\":3}', '{\"msg\":\"操作成功\",\"code\":200}', 0, NULL, '2024-02-12 16:43:40', 7);
INSERT INTO `sys_oper_log` VALUES (922, '箱位管理', 2, 'com.ruoyi.web.controller.containerslot.BContainerslotController.edit()', 'PUT', 1, 'admin', NULL, '/containerslot/containerslot', '127.0.0.1', '内网IP', '{\"cNumber\":3,\"params\":{},\"rNumber\":1,\"shipId\":1,\"slotId\":14,\"status\":\"未装载\",\"tierNumber\":4}', '{\"msg\":\"操作成功\",\"code\":200}', 0, NULL, '2024-02-12 16:43:42', 7);
INSERT INTO `sys_oper_log` VALUES (923, '箱位管理', 2, 'com.ruoyi.web.controller.containerslot.BContainerslotController.edit()', 'PUT', 1, 'admin', NULL, '/containerslot/containerslot', '127.0.0.1', '内网IP', '{\"cNumber\":3,\"params\":{},\"rNumber\":1,\"shipId\":1,\"slotId\":15,\"status\":\"未装载\",\"tierNumber\":5}', '{\"msg\":\"操作成功\",\"code\":200}', 0, NULL, '2024-02-12 16:43:45', 7);
INSERT INTO `sys_oper_log` VALUES (924, '菜单管理', 1, 'com.ruoyi.web.controller.system.SysMenuController.add()', 'POST', 1, 'admin', NULL, '/system/menu', '127.0.0.1', '内网IP', '{\"children\":[],\"component\":\"containerassembly\",\"createBy\":\"admin\",\"icon\":\"date\",\"isCache\":\"1\",\"isFrame\":\"1\",\"menuName\":\"集装箱装配\",\"menuType\":\"C\",\"orderNum\":1,\"params\":{},\"parentId\":2068,\"path\":\"containerassembly\",\"status\":\"0\",\"visible\":\"0\"}', '{\"msg\":\"操作成功\",\"code\":200}', 0, NULL, '2024-02-12 16:46:45', 14);
INSERT INTO `sys_oper_log` VALUES (925, '菜单管理', 1, 'com.ruoyi.web.controller.system.SysMenuController.add()', 'POST', 1, 'admin', NULL, '/system/menu', '127.0.0.1', '内网IP', '{\"children\":[],\"component\":\"containerunloading\",\"createBy\":\"admin\",\"icon\":\"date\",\"isCache\":\"1\",\"isFrame\":\"1\",\"menuName\":\"集装箱装卸\",\"menuType\":\"C\",\"orderNum\":2,\"params\":{},\"parentId\":2068,\"path\":\"containerunloading\",\"status\":\"0\",\"visible\":\"0\"}', '{\"msg\":\"操作成功\",\"code\":200}', 0, NULL, '2024-02-12 16:48:28', 11);
INSERT INTO `sys_oper_log` VALUES (926, '代码生成', 6, 'com.ruoyi.generator.controller.GenController.importTableSave()', 'POST', 1, 'admin', NULL, '/tool/gen/importTable', '127.0.0.1', '内网IP', '{\"tables\":\"b_containerassembly\"}', '{\"msg\":\"操作成功\",\"code\":200}', 0, NULL, '2024-02-12 17:04:53', 27);
INSERT INTO `sys_oper_log` VALUES (927, '代码生成', 2, 'com.ruoyi.generator.controller.GenController.editSave()', 'PUT', 1, 'admin', NULL, '/tool/gen', '127.0.0.1', '内网IP', '{\"businessName\":\"containerassembly\",\"className\":\"BContainerassembly\",\"columns\":[{\"capJavaField\":\"AssemblyId\",\"columnComment\":\"装配id\",\"columnId\":196,\"columnName\":\"assembly_id\",\"columnType\":\"int\",\"createBy\":\"admin\",\"createTime\":\"2024-02-12 17:04:53\",\"dictType\":\"\",\"edit\":false,\"htmlType\":\"input\",\"increment\":true,\"insert\":true,\"isIncrement\":\"1\",\"isInsert\":\"1\",\"isPk\":\"1\",\"javaField\":\"assemblyId\",\"javaType\":\"Long\",\"list\":false,\"params\":{},\"pk\":true,\"query\":false,\"queryType\":\"EQ\",\"required\":false,\"sort\":1,\"superColumn\":false,\"tableId\":30,\"updateBy\":\"\",\"usableColumn\":false},{\"capJavaField\":\"ScheduleId\",\"columnComment\":\"航运计划id\",\"columnId\":197,\"columnName\":\"schedule_id\",\"columnType\":\"int\",\"createBy\":\"admin\",\"createTime\":\"2024-02-12 17:04:53\",\"dictType\":\"\",\"edit\":true,\"htmlType\":\"input\",\"increment\":false,\"insert\":true,\"isEdit\":\"1\",\"isIncrement\":\"0\",\"isInsert\":\"1\",\"isList\":\"1\",\"isPk\":\"0\",\"isQuery\":\"1\",\"javaField\":\"scheduleId\",\"javaType\":\"Long\",\"list\":true,\"params\":{},\"pk\":false,\"query\":true,\"queryType\":\"EQ\",\"required\":false,\"sort\":2,\"superColumn\":false,\"tableId\":30,\"updateBy\":\"\",\"usableColumn\":false},{\"capJavaField\":\"ContainerId\",\"columnComment\":\"集装箱id\",\"columnId\":198,\"columnName\":\"container_id\",\"columnType\":\"int\",\"createBy\":\"admin\",\"createTime\":\"2024-02-12 17:04:53\",\"dictType\":\"\",\"edit\":true,\"htmlType\":\"input\",\"increment\":false,\"insert\":true,\"isEdit\":\"1\",\"isIncrement\":\"0\",\"isInsert\":\"1\",\"isList\":\"1\",\"isPk\":\"0\",\"isQuery\":\"1\",\"javaField\":\"containerId\",\"javaType\":\"Long\",\"list\":true,\"params\":{},\"pk\":false,\"query\":true,\"queryType\":\"EQ\",\"required\":false,\"sort\":3,\"superColumn\":false,\"tableId\":30,\"updateBy\":\"\",\"usableColumn\":false},{\"capJavaField\":\"SlotId\",\"columnComment\":\"船箱位id\",\"columnId\":199,\"columnName\":\"slot_id\",\"columnType\":\"int\",\"createBy\":\"admin\",\"createTime\":\"2024-02-12 17:04:53\",\"dictType\":\"\",\"edit\":true,\"htmlType\":\"input\",\"increment\":false,\"insert\":true,\"isEdit\":\"1\",\"isIncrement\":\"0\",\"isInsert\":\"1\",\"isList\":\"1\",\"isPk\":\"0\",\"isQuery\":\"1\",\"javaField\":\"slotId\",\"javaType\":\"Long\",', '{\"msg\":\"操作成功\",\"code\":200}', 0, NULL, '2024-02-12 17:05:41', 21);
INSERT INTO `sys_oper_log` VALUES (928, '代码生成', 8, 'com.ruoyi.generator.controller.GenController.batchGenCode()', 'GET', 1, 'admin', NULL, '/tool/gen/batchGenCode', '127.0.0.1', '内网IP', '{\"tables\":\"b_containerassembly\"}', NULL, 0, NULL, '2024-02-12 17:07:49', 69);
INSERT INTO `sys_oper_log` VALUES (929, '代码生成', 8, 'com.ruoyi.generator.controller.GenController.batchGenCode()', 'GET', 1, 'admin', NULL, '/tool/gen/batchGenCode', '127.0.0.1', '内网IP', '{\"tables\":\"b_containerassembly\"}', NULL, 0, NULL, '2024-02-12 17:08:02', 29);
INSERT INTO `sys_oper_log` VALUES (930, '代码生成', 8, 'com.ruoyi.generator.controller.GenController.batchGenCode()', 'GET', 1, 'admin', NULL, '/tool/gen/batchGenCode', '127.0.0.1', '内网IP', '{\"tables\":\"b_containerassembly\"}', NULL, 0, NULL, '2024-02-12 17:08:15', 24);
INSERT INTO `sys_oper_log` VALUES (931, '集装箱装配', 1, 'com.ruoyi.web.controller.containerassembly.BContainerassemblyController.add()', 'POST', 1, 'admin', NULL, '/containerassembly/containerassembly', '127.0.0.1', '内网IP', '{\"assemblyId\":1,\"assemblyTime\":\"2024-02-12\",\"containerId\":1,\"params\":{},\"scheduleId\":1,\"slotId\":1}', '{\"msg\":\"操作成功\",\"code\":200}', 0, NULL, '2024-02-12 17:14:34', 40);
INSERT INTO `sys_oper_log` VALUES (932, '集装箱装配', 1, 'com.ruoyi.web.controller.containerassembly.BContainerassemblyController.add()', 'POST', 1, 'admin', NULL, '/containerassembly/containerassembly', '127.0.0.1', '内网IP', '{\"assemblyId\":2,\"assemblyTime\":\"2024-02-12\",\"containerId\":2,\"params\":{},\"scheduleId\":1,\"slotId\":2}', '{\"msg\":\"操作成功\",\"code\":200}', 0, NULL, '2024-02-12 17:14:54', 9);
INSERT INTO `sys_oper_log` VALUES (933, '集装箱装配', 1, 'com.ruoyi.web.controller.containerassembly.BContainerassemblyController.add()', 'POST', 1, 'admin', NULL, '/containerassembly/containerassembly', '127.0.0.1', '内网IP', '{\"assemblyId\":3,\"assemblyTime\":\"2024-02-12\",\"containerId\":3,\"params\":{},\"scheduleId\":1,\"slotId\":3}', '{\"msg\":\"操作成功\",\"code\":200}', 0, NULL, '2024-02-12 17:15:04', 8);
INSERT INTO `sys_oper_log` VALUES (934, '集装箱装配', 1, 'com.ruoyi.web.controller.containerassembly.BContainerassemblyController.add()', 'POST', 1, 'admin', NULL, '/containerassembly/containerassembly', '127.0.0.1', '内网IP', '{\"assemblyId\":4,\"assemblyTime\":\"2024-02-12\",\"containerId\":4,\"params\":{},\"scheduleId\":1,\"slotId\":4}', '{\"msg\":\"操作成功\",\"code\":200}', 0, NULL, '2024-02-12 17:15:12', 9);
INSERT INTO `sys_oper_log` VALUES (935, '集装箱装配', 1, 'com.ruoyi.web.controller.containerassembly.BContainerassemblyController.add()', 'POST', 1, 'admin', NULL, '/containerassembly/containerassembly', '127.0.0.1', '内网IP', '{\"assemblyId\":5,\"assemblyTime\":\"2024-02-12\",\"containerId\":5,\"params\":{},\"scheduleId\":1,\"slotId\":5}', '{\"msg\":\"操作成功\",\"code\":200}', 0, NULL, '2024-02-12 17:15:18', 9);
INSERT INTO `sys_oper_log` VALUES (936, '集装箱装配', 1, 'com.ruoyi.web.controller.containerassembly.BContainerassemblyController.add()', 'POST', 1, 'admin', NULL, '/containerassembly/containerassembly', '127.0.0.1', '内网IP', '{\"assemblyId\":6,\"assemblyTime\":\"2024-02-12\",\"containerId\":6,\"params\":{},\"scheduleId\":1,\"slotId\":6}', '{\"msg\":\"操作成功\",\"code\":200}', 0, NULL, '2024-02-12 17:15:25', 8);
INSERT INTO `sys_oper_log` VALUES (937, '集装箱装配', 1, 'com.ruoyi.web.controller.containerassembly.BContainerassemblyController.add()', 'POST', 1, 'admin', NULL, '/containerassembly/containerassembly', '127.0.0.1', '内网IP', '{\"assemblyId\":7,\"assemblyTime\":\"2024-02-12\",\"containerId\":7,\"params\":{},\"scheduleId\":1,\"slotId\":7}', '{\"msg\":\"操作成功\",\"code\":200}', 0, NULL, '2024-02-12 17:15:31', 9);
INSERT INTO `sys_oper_log` VALUES (938, '代码生成', 6, 'com.ruoyi.generator.controller.GenController.importTableSave()', 'POST', 1, 'admin', NULL, '/tool/gen/importTable', '127.0.0.1', '内网IP', '{\"tables\":\"b_containerunloading\"}', '{\"msg\":\"操作成功\",\"code\":200}', 0, NULL, '2024-02-13 09:47:20', 74);
INSERT INTO `sys_oper_log` VALUES (939, '代码生成', 2, 'com.ruoyi.generator.controller.GenController.editSave()', 'PUT', 1, 'admin', NULL, '/tool/gen', '127.0.0.1', '内网IP', '{\"businessName\":\"containerunloading\",\"className\":\"BContainerunloading\",\"columns\":[{\"capJavaField\":\"UnloadingId\",\"columnComment\":\"集装箱卸载id\",\"columnId\":201,\"columnName\":\"unloading_id\",\"columnType\":\"int\",\"createBy\":\"admin\",\"createTime\":\"2024-02-13 09:47:20\",\"dictType\":\"\",\"edit\":false,\"htmlType\":\"input\",\"increment\":true,\"insert\":true,\"isIncrement\":\"1\",\"isInsert\":\"1\",\"isPk\":\"1\",\"javaField\":\"unloadingId\",\"javaType\":\"Long\",\"list\":false,\"params\":{},\"pk\":true,\"query\":false,\"queryType\":\"EQ\",\"required\":false,\"sort\":1,\"superColumn\":false,\"tableId\":31,\"updateBy\":\"\",\"usableColumn\":false},{\"capJavaField\":\"ScheduleId\",\"columnComment\":\"航运计划id\",\"columnId\":202,\"columnName\":\"schedule_id\",\"columnType\":\"int\",\"createBy\":\"admin\",\"createTime\":\"2024-02-13 09:47:20\",\"dictType\":\"\",\"edit\":true,\"htmlType\":\"input\",\"increment\":false,\"insert\":true,\"isEdit\":\"1\",\"isIncrement\":\"0\",\"isInsert\":\"1\",\"isList\":\"1\",\"isPk\":\"0\",\"isQuery\":\"1\",\"javaField\":\"scheduleId\",\"javaType\":\"Long\",\"list\":true,\"params\":{},\"pk\":false,\"query\":true,\"queryType\":\"EQ\",\"required\":false,\"sort\":2,\"superColumn\":false,\"tableId\":31,\"updateBy\":\"\",\"usableColumn\":false},{\"capJavaField\":\"SlotId\",\"columnComment\":\"箱位id\",\"columnId\":203,\"columnName\":\"slot_id\",\"columnType\":\"int\",\"createBy\":\"admin\",\"createTime\":\"2024-02-13 09:47:20\",\"dictType\":\"\",\"edit\":true,\"htmlType\":\"input\",\"increment\":false,\"insert\":true,\"isEdit\":\"1\",\"isIncrement\":\"0\",\"isInsert\":\"1\",\"isList\":\"1\",\"isPk\":\"0\",\"isQuery\":\"1\",\"javaField\":\"slotId\",\"javaType\":\"Long\",\"list\":true,\"params\":{},\"pk\":false,\"query\":true,\"queryType\":\"EQ\",\"required\":false,\"sort\":3,\"superColumn\":false,\"tableId\":31,\"updateBy\":\"\",\"usableColumn\":false},{\"capJavaField\":\"PileId\",\"columnComment\":\"货堆id\",\"columnId\":204,\"columnName\":\"pile_id\",\"columnType\":\"int\",\"createBy\":\"admin\",\"createTime\":\"2024-02-13 09:47:20\",\"dictType\":\"\",\"edit\":true,\"htmlType\":\"input\",\"increment\":false,\"insert\":true,\"isEdit\":\"1\",\"isIncrement\":\"0\",\"isInsert\":\"1\",\"isList\":\"1\",\"isPk\":\"0\",\"isQuery\":\"1\",\"javaField\":\"pileId\",\"javaType\":\"Long\",\"list\":tr', '{\"msg\":\"操作成功\",\"code\":200}', 0, NULL, '2024-02-13 09:48:28', 29);
INSERT INTO `sys_oper_log` VALUES (940, '代码生成', 8, 'com.ruoyi.generator.controller.GenController.batchGenCode()', 'GET', 1, 'admin', NULL, '/tool/gen/batchGenCode', '127.0.0.1', '内网IP', '{\"tables\":\"b_containerunloading\"}', NULL, 0, NULL, '2024-02-13 09:48:31', 177);
INSERT INTO `sys_oper_log` VALUES (941, '集装箱卸载管理', 1, 'com.ruoyi.web.controller.containerunloading.BContainerunloadingController.add()', 'POST', 1, 'admin', NULL, '/containerunloading/containerunloading', '127.0.0.1', '内网IP', '{\"containerId\":1,\"params\":{},\"pileId\":1,\"scheduleId\":1,\"slotId\":1,\"unloadingId\":1,\"unloadingTime\":\"2024-02-13\"}', '{\"msg\":\"操作成功\",\"code\":200}', 0, NULL, '2024-02-13 09:53:26', 129);
INSERT INTO `sys_oper_log` VALUES (942, '通知公告', 3, 'com.ruoyi.web.controller.system.SysNoticeController.remove()', 'DELETE', 1, 'admin', NULL, '/system/notice/1', '127.0.0.1', '内网IP', '{}', '{\"msg\":\"操作成功\",\"code\":200}', 0, NULL, '2024-02-13 10:06:52', 5);
INSERT INTO `sys_oper_log` VALUES (943, '通知公告', 3, 'com.ruoyi.web.controller.system.SysNoticeController.remove()', 'DELETE', 1, 'admin', NULL, '/system/notice/2', '127.0.0.1', '内网IP', '{}', '{\"msg\":\"操作成功\",\"code\":200}', 0, NULL, '2024-02-13 10:06:54', 8);
INSERT INTO `sys_oper_log` VALUES (944, '通知公告', 1, 'com.ruoyi.web.controller.system.SysNoticeController.add()', 'POST', 1, 'admin', NULL, '/system/notice', '127.0.0.1', '内网IP', '{\"createBy\":\"admin\",\"noticeTitle\":\"系统完善\",\"noticeType\":\"1\",\"params\":{},\"status\":\"0\"}', '{\"msg\":\"操作成功\",\"code\":200}', 0, NULL, '2024-02-13 10:07:30', 11);
INSERT INTO `sys_oper_log` VALUES (945, '菜单管理', 3, 'com.ruoyi.web.controller.system.SysMenuController.remove()', 'DELETE', 1, 'admin', NULL, '/system/menu/4', '127.0.0.1', '内网IP', '{}', '{\"msg\":\"菜单已分配,不允许删除\",\"code\":601}', 0, NULL, '2024-02-13 10:08:10', 10);
INSERT INTO `sys_oper_log` VALUES (946, '菜单管理', 2, 'com.ruoyi.web.controller.system.SysMenuController.edit()', 'PUT', 1, 'admin', NULL, '/system/menu', '127.0.0.1', '内网IP', '{\"children\":[],\"createTime\":\"2023-11-11 14:14:55\",\"icon\":\"guide\",\"isCache\":\"0\",\"isFrame\":\"1\",\"menuId\":4,\"menuName\":\"若依官网\",\"menuType\":\"M\",\"orderNum\":99,\"params\":{},\"path\":\"http://ruoyi.vip\",\"perms\":\"\",\"query\":\"\",\"status\":\"1\",\"updateBy\":\"admin\",\"visible\":\"1\"}', '{\"msg\":\"操作成功\",\"code\":200}', 0, NULL, '2024-02-13 10:08:22', 17);
INSERT INTO `sys_oper_log` VALUES (947, '菜单管理', 3, 'com.ruoyi.web.controller.system.SysMenuController.remove()', 'DELETE', 1, 'admin', NULL, '/system/menu/4', '127.0.0.1', '内网IP', '{}', '{\"msg\":\"菜单已分配,不允许删除\",\"code\":601}', 0, NULL, '2024-02-13 10:08:24', 4);
INSERT INTO `sys_oper_log` VALUES (948, '菜单管理', 2, 'com.ruoyi.web.controller.system.SysMenuController.edit()', 'PUT', 1, 'admin', NULL, '/system/menu', '127.0.0.1', '内网IP', '{\"children\":[],\"createTime\":\"2023-11-11 14:14:55\",\"icon\":\"guide\",\"isCache\":\"0\",\"isFrame\":\"1\",\"menuId\":4,\"menuName\":\"1\",\"menuType\":\"M\",\"orderNum\":99,\"params\":{},\"path\":\"1\",\"perms\":\"\",\"query\":\"\",\"status\":\"1\",\"updateBy\":\"admin\",\"visible\":\"1\"}', '{\"msg\":\"操作成功\",\"code\":200}', 0, NULL, '2024-02-13 10:08:47', 6);
INSERT INTO `sys_oper_log` VALUES (949, '菜单管理', 3, 'com.ruoyi.web.controller.system.SysMenuController.remove()', 'DELETE', 1, 'admin', NULL, '/system/menu/4', '127.0.0.1', '内网IP', '{}', '{\"msg\":\"菜单已分配,不允许删除\",\"code\":601}', 0, NULL, '2024-02-13 10:08:49', 4);
INSERT INTO `sys_oper_log` VALUES (950, '菜单管理', 2, 'com.ruoyi.web.controller.system.SysMenuController.edit()', 'PUT', 1, 'admin', NULL, '/system/menu', '127.0.0.1', '内网IP', '{\"children\":[],\"createTime\":\"2023-11-11 14:14:55\",\"icon\":\"tool\",\"isCache\":\"0\",\"isFrame\":\"1\",\"menuId\":3,\"menuName\":\"系统工具\",\"menuType\":\"M\",\"orderNum\":100,\"params\":{},\"parentId\":0,\"path\":\"tool\",\"perms\":\"\",\"query\":\"\",\"status\":\"0\",\"updateBy\":\"admin\",\"visible\":\"0\"}', '{\"msg\":\"操作成功\",\"code\":200}', 0, NULL, '2024-02-13 10:09:12', 9);

-- ----------------------------
-- Table structure for sys_post
-- ----------------------------
DROP TABLE IF EXISTS `sys_post`;
CREATE TABLE `sys_post`  (
  `post_id` bigint NOT NULL AUTO_INCREMENT COMMENT '岗位ID',
  `post_code` varchar(64) CHARACTER SET utf8mb4 COLLATE utf8mb4_0900_ai_ci NOT NULL COMMENT '岗位编码',
  `post_name` varchar(50) CHARACTER SET utf8mb4 COLLATE utf8mb4_0900_ai_ci NOT NULL COMMENT '岗位名称',
  `post_sort` int NOT NULL COMMENT '显示顺序',
  `status` char(1) CHARACTER SET utf8mb4 COLLATE utf8mb4_0900_ai_ci NOT NULL COMMENT '状态（0正常 1停用）',
  `create_by` varchar(64) CHARACTER SET utf8mb4 COLLATE utf8mb4_0900_ai_ci NULL DEFAULT '' COMMENT '创建者',
  `create_time` datetime NULL DEFAULT NULL COMMENT '创建时间',
  `update_by` varchar(64) CHARACTER SET utf8mb4 COLLATE utf8mb4_0900_ai_ci NULL DEFAULT '' COMMENT '更新者',
  `update_time` datetime NULL DEFAULT NULL COMMENT '更新时间',
  `remark` varchar(500) CHARACTER SET utf8mb4 COLLATE utf8mb4_0900_ai_ci NULL DEFAULT NULL COMMENT '备注',
  PRIMARY KEY (`post_id`) USING BTREE
) ENGINE = InnoDB AUTO_INCREMENT = 4 CHARACTER SET = utf8mb4 COLLATE = utf8mb4_0900_ai_ci COMMENT = '岗位信息表' ROW_FORMAT = Dynamic;

-- ----------------------------
-- Records of sys_post
-- ----------------------------
INSERT INTO `sys_post` VALUES (1, 'ceo', '董事长', 1, '0', 'admin', '2023-11-11 14:14:55', '', NULL, '');
INSERT INTO `sys_post` VALUES (2, 'se', '项目经理', 2, '0', 'admin', '2023-11-11 14:14:55', '', NULL, '');
INSERT INTO `sys_post` VALUES (3, 'hr', '人力资源', 3, '0', 'admin', '2023-11-11 14:14:55', '', NULL, '');
INSERT INTO `sys_post` VALUES (4, 'user', '普通员工', 4, '0', 'admin', '2023-11-11 14:14:55', '', NULL, '');

-- ----------------------------
-- Table structure for sys_role
-- ----------------------------
DROP TABLE IF EXISTS `sys_role`;
CREATE TABLE `sys_role`  (
  `role_id` bigint NOT NULL AUTO_INCREMENT COMMENT '角色ID',
  `role_name` varchar(30) CHARACTER SET utf8mb4 COLLATE utf8mb4_0900_ai_ci NOT NULL COMMENT '角色名称',
  `role_key` varchar(100) CHARACTER SET utf8mb4 COLLATE utf8mb4_0900_ai_ci NOT NULL COMMENT '角色权限字符串',
  `role_sort` int NOT NULL COMMENT '显示顺序',
  `data_scope` char(1) CHARACTER SET utf8mb4 COLLATE utf8mb4_0900_ai_ci NULL DEFAULT '1' COMMENT '数据范围（1：全部数据权限 2：自定数据权限 3：本部门数据权限 4：本部门及以下数据权限）',
  `menu_check_strictly` tinyint(1) NULL DEFAULT 1 COMMENT '菜单树选择项是否关联显示',
  `dept_check_strictly` tinyint(1) NULL DEFAULT 1 COMMENT '部门树选择项是否关联显示',
  `status` char(1) CHARACTER SET utf8mb4 COLLATE utf8mb4_0900_ai_ci NOT NULL COMMENT '角色状态（0正常 1停用）',
  `del_flag` char(1) CHARACTER SET utf8mb4 COLLATE utf8mb4_0900_ai_ci NULL DEFAULT '0' COMMENT '删除标志（0代表存在 2代表删除）',
  `create_by` varchar(64) CHARACTER SET utf8mb4 COLLATE utf8mb4_0900_ai_ci NULL DEFAULT '' COMMENT '创建者',
  `create_time` datetime NULL DEFAULT NULL COMMENT '创建时间',
  `update_by` varchar(64) CHARACTER SET utf8mb4 COLLATE utf8mb4_0900_ai_ci NULL DEFAULT '' COMMENT '更新者',
  `update_time` datetime NULL DEFAULT NULL COMMENT '更新时间',
  `remark` varchar(500) CHARACTER SET utf8mb4 COLLATE utf8mb4_0900_ai_ci NULL DEFAULT NULL COMMENT '备注',
  PRIMARY KEY (`role_id`) USING BTREE
) ENGINE = InnoDB AUTO_INCREMENT = 103 CHARACTER SET = utf8mb4 COLLATE = utf8mb4_0900_ai_ci COMMENT = '角色信息表' ROW_FORMAT = Dynamic;

-- ----------------------------
-- Records of sys_role
-- ----------------------------
INSERT INTO `sys_role` VALUES (1, '超级管理员', 'admin', 1, '1', 1, 1, '0', '0', 'admin', '2023-11-11 14:14:55', '', NULL, '超级管理员');
INSERT INTO `sys_role` VALUES (2, '普通角色', 'common', 2, '2', 1, 1, '0', '0', 'admin', '2023-11-11 14:14:55', '', NULL, '普通角色');
INSERT INTO `sys_role` VALUES (100, '港口', 'portuser', 3, '1', 1, 1, '0', '0', 'admin', '2023-12-17 15:55:20', 'admin', '2024-01-21 18:54:32', NULL);
INSERT INTO `sys_role` VALUES (101, '航运公司', 'shipcompany', 3, '1', 1, 1, '0', '0', 'admin', '2024-01-21 18:53:00', '', NULL, NULL);
INSERT INTO `sys_role` VALUES (102, '货代公司', 'ff', 5, '1', 1, 1, '0', '0', 'admin', '2024-01-21 18:53:42', 'admin', '2024-01-21 18:54:08', NULL);

-- ----------------------------
-- Table structure for sys_role_dept
-- ----------------------------
DROP TABLE IF EXISTS `sys_role_dept`;
CREATE TABLE `sys_role_dept`  (
  `role_id` bigint NOT NULL COMMENT '角色ID',
  `dept_id` bigint NOT NULL COMMENT '部门ID',
  PRIMARY KEY (`role_id`, `dept_id`) USING BTREE
) ENGINE = InnoDB CHARACTER SET = utf8mb4 COLLATE = utf8mb4_0900_ai_ci COMMENT = '角色和部门关联表' ROW_FORMAT = Dynamic;

-- ----------------------------
-- Records of sys_role_dept
-- ----------------------------
INSERT INTO `sys_role_dept` VALUES (2, 100);
INSERT INTO `sys_role_dept` VALUES (2, 101);
INSERT INTO `sys_role_dept` VALUES (2, 105);

-- ----------------------------
-- Table structure for sys_role_menu
-- ----------------------------
DROP TABLE IF EXISTS `sys_role_menu`;
CREATE TABLE `sys_role_menu`  (
  `role_id` bigint NOT NULL COMMENT '角色ID',
  `menu_id` bigint NOT NULL COMMENT '菜单ID',
  PRIMARY KEY (`role_id`, `menu_id`) USING BTREE
) ENGINE = InnoDB CHARACTER SET = utf8mb4 COLLATE = utf8mb4_0900_ai_ci COMMENT = '角色和菜单关联表' ROW_FORMAT = Dynamic;

-- ----------------------------
-- Records of sys_role_menu
-- ----------------------------
INSERT INTO `sys_role_menu` VALUES (2, 1);
INSERT INTO `sys_role_menu` VALUES (2, 2);
INSERT INTO `sys_role_menu` VALUES (2, 3);
INSERT INTO `sys_role_menu` VALUES (2, 4);
INSERT INTO `sys_role_menu` VALUES (2, 100);
INSERT INTO `sys_role_menu` VALUES (2, 101);
INSERT INTO `sys_role_menu` VALUES (2, 102);
INSERT INTO `sys_role_menu` VALUES (2, 103);
INSERT INTO `sys_role_menu` VALUES (2, 104);
INSERT INTO `sys_role_menu` VALUES (2, 105);
INSERT INTO `sys_role_menu` VALUES (2, 106);
INSERT INTO `sys_role_menu` VALUES (2, 107);
INSERT INTO `sys_role_menu` VALUES (2, 108);
INSERT INTO `sys_role_menu` VALUES (2, 109);
INSERT INTO `sys_role_menu` VALUES (2, 110);
INSERT INTO `sys_role_menu` VALUES (2, 111);
INSERT INTO `sys_role_menu` VALUES (2, 112);
INSERT INTO `sys_role_menu` VALUES (2, 113);
INSERT INTO `sys_role_menu` VALUES (2, 114);
INSERT INTO `sys_role_menu` VALUES (2, 115);
INSERT INTO `sys_role_menu` VALUES (2, 116);
INSERT INTO `sys_role_menu` VALUES (2, 117);
INSERT INTO `sys_role_menu` VALUES (2, 500);
INSERT INTO `sys_role_menu` VALUES (2, 501);
INSERT INTO `sys_role_menu` VALUES (2, 1000);
INSERT INTO `sys_role_menu` VALUES (2, 1001);
INSERT INTO `sys_role_menu` VALUES (2, 1002);
INSERT INTO `sys_role_menu` VALUES (2, 1003);
INSERT INTO `sys_role_menu` VALUES (2, 1004);
INSERT INTO `sys_role_menu` VALUES (2, 1005);
INSERT INTO `sys_role_menu` VALUES (2, 1006);
INSERT INTO `sys_role_menu` VALUES (2, 1007);
INSERT INTO `sys_role_menu` VALUES (2, 1008);
INSERT INTO `sys_role_menu` VALUES (2, 1009);
INSERT INTO `sys_role_menu` VALUES (2, 1010);
INSERT INTO `sys_role_menu` VALUES (2, 1011);
INSERT INTO `sys_role_menu` VALUES (2, 1012);
INSERT INTO `sys_role_menu` VALUES (2, 1013);
INSERT INTO `sys_role_menu` VALUES (2, 1014);
INSERT INTO `sys_role_menu` VALUES (2, 1015);
INSERT INTO `sys_role_menu` VALUES (2, 1016);
INSERT INTO `sys_role_menu` VALUES (2, 1017);
INSERT INTO `sys_role_menu` VALUES (2, 1018);
INSERT INTO `sys_role_menu` VALUES (2, 1019);
INSERT INTO `sys_role_menu` VALUES (2, 1020);
INSERT INTO `sys_role_menu` VALUES (2, 1021);
INSERT INTO `sys_role_menu` VALUES (2, 1022);
INSERT INTO `sys_role_menu` VALUES (2, 1023);
INSERT INTO `sys_role_menu` VALUES (2, 1024);
INSERT INTO `sys_role_menu` VALUES (2, 1025);
INSERT INTO `sys_role_menu` VALUES (2, 1026);
INSERT INTO `sys_role_menu` VALUES (2, 1027);
INSERT INTO `sys_role_menu` VALUES (2, 1028);
INSERT INTO `sys_role_menu` VALUES (2, 1029);
INSERT INTO `sys_role_menu` VALUES (2, 1030);
INSERT INTO `sys_role_menu` VALUES (2, 1031);
INSERT INTO `sys_role_menu` VALUES (2, 1032);
INSERT INTO `sys_role_menu` VALUES (2, 1033);
INSERT INTO `sys_role_menu` VALUES (2, 1034);
INSERT INTO `sys_role_menu` VALUES (2, 1035);
INSERT INTO `sys_role_menu` VALUES (2, 1036);
INSERT INTO `sys_role_menu` VALUES (2, 1037);
INSERT INTO `sys_role_menu` VALUES (2, 1038);
INSERT INTO `sys_role_menu` VALUES (2, 1039);
INSERT INTO `sys_role_menu` VALUES (2, 1040);
INSERT INTO `sys_role_menu` VALUES (2, 1041);
INSERT INTO `sys_role_menu` VALUES (2, 1042);
INSERT INTO `sys_role_menu` VALUES (2, 1043);
INSERT INTO `sys_role_menu` VALUES (2, 1044);
INSERT INTO `sys_role_menu` VALUES (2, 1045);
INSERT INTO `sys_role_menu` VALUES (2, 1046);
INSERT INTO `sys_role_menu` VALUES (2, 1047);
INSERT INTO `sys_role_menu` VALUES (2, 1048);
INSERT INTO `sys_role_menu` VALUES (2, 1049);
INSERT INTO `sys_role_menu` VALUES (2, 1050);
INSERT INTO `sys_role_menu` VALUES (2, 1051);
INSERT INTO `sys_role_menu` VALUES (2, 1052);
INSERT INTO `sys_role_menu` VALUES (2, 1053);
INSERT INTO `sys_role_menu` VALUES (2, 1054);
INSERT INTO `sys_role_menu` VALUES (2, 1055);
INSERT INTO `sys_role_menu` VALUES (2, 1056);
INSERT INTO `sys_role_menu` VALUES (2, 1057);
INSERT INTO `sys_role_menu` VALUES (2, 1058);
INSERT INTO `sys_role_menu` VALUES (2, 1059);
INSERT INTO `sys_role_menu` VALUES (2, 1060);
INSERT INTO `sys_role_menu` VALUES (100, 2003);
INSERT INTO `sys_role_menu` VALUES (100, 2039);
INSERT INTO `sys_role_menu` VALUES (100, 2042);
INSERT INTO `sys_role_menu` VALUES (100, 2043);
INSERT INTO `sys_role_menu` VALUES (100, 2044);
INSERT INTO `sys_role_menu` VALUES (100, 2045);
INSERT INTO `sys_role_menu` VALUES (100, 2046);
INSERT INTO `sys_role_menu` VALUES (100, 2047);
INSERT INTO `sys_role_menu` VALUES (100, 2053);
INSERT INTO `sys_role_menu` VALUES (100, 2068);
INSERT INTO `sys_role_menu` VALUES (100, 2069);
INSERT INTO `sys_role_menu` VALUES (101, 2059);
INSERT INTO `sys_role_menu` VALUES (101, 2061);
INSERT INTO `sys_role_menu` VALUES (101, 2062);
INSERT INTO `sys_role_menu` VALUES (101, 2063);
INSERT INTO `sys_role_menu` VALUES (101, 2067);
INSERT INTO `sys_role_menu` VALUES (101, 2070);
INSERT INTO `sys_role_menu` VALUES (102, 2000);
INSERT INTO `sys_role_menu` VALUES (102, 2040);
INSERT INTO `sys_role_menu` VALUES (102, 2041);
INSERT INTO `sys_role_menu` VALUES (102, 2060);
INSERT INTO `sys_role_menu` VALUES (102, 2064);
INSERT INTO `sys_role_menu` VALUES (102, 2065);
INSERT INTO `sys_role_menu` VALUES (102, 2066);
INSERT INTO `sys_role_menu` VALUES (102, 2071);
INSERT INTO `sys_role_menu` VALUES (102, 2072);

-- ----------------------------
-- Table structure for sys_user
-- ----------------------------
DROP TABLE IF EXISTS `sys_user`;
CREATE TABLE `sys_user`  (
  `user_id` bigint NOT NULL AUTO_INCREMENT COMMENT '用户ID',
  `dept_id` bigint NULL DEFAULT NULL COMMENT '部门ID',
  `user_name` varchar(30) CHARACTER SET utf8mb4 COLLATE utf8mb4_0900_ai_ci NOT NULL COMMENT '用户账号',
  `nick_name` varchar(30) CHARACTER SET utf8mb4 COLLATE utf8mb4_0900_ai_ci NOT NULL COMMENT '用户昵称',
  `user_type` varchar(2) CHARACTER SET utf8mb4 COLLATE utf8mb4_0900_ai_ci NULL DEFAULT '00' COMMENT '用户类型（00系统用户）',
  `email` varchar(50) CHARACTER SET utf8mb4 COLLATE utf8mb4_0900_ai_ci NULL DEFAULT '' COMMENT '用户邮箱',
  `phonenumber` varchar(11) CHARACTER SET utf8mb4 COLLATE utf8mb4_0900_ai_ci NULL DEFAULT '' COMMENT '手机号码',
  `sex` char(1) CHARACTER SET utf8mb4 COLLATE utf8mb4_0900_ai_ci NULL DEFAULT '0' COMMENT '用户性别（0男 1女 2未知）',
  `avatar` varchar(100) CHARACTER SET utf8mb4 COLLATE utf8mb4_0900_ai_ci NULL DEFAULT '' COMMENT '头像地址',
  `password` varchar(100) CHARACTER SET utf8mb4 COLLATE utf8mb4_0900_ai_ci NULL DEFAULT '' COMMENT '密码',
  `status` char(1) CHARACTER SET utf8mb4 COLLATE utf8mb4_0900_ai_ci NULL DEFAULT '0' COMMENT '帐号状态（0正常 1停用）',
  `del_flag` char(1) CHARACTER SET utf8mb4 COLLATE utf8mb4_0900_ai_ci NULL DEFAULT '0' COMMENT '删除标志（0代表存在 2代表删除）',
  `login_ip` varchar(128) CHARACTER SET utf8mb4 COLLATE utf8mb4_0900_ai_ci NULL DEFAULT '' COMMENT '最后登录IP',
  `login_date` datetime NULL DEFAULT NULL COMMENT '最后登录时间',
  `create_by` varchar(64) CHARACTER SET utf8mb4 COLLATE utf8mb4_0900_ai_ci NULL DEFAULT '' COMMENT '创建者',
  `create_time` datetime NULL DEFAULT NULL COMMENT '创建时间',
  `update_by` varchar(64) CHARACTER SET utf8mb4 COLLATE utf8mb4_0900_ai_ci NULL DEFAULT '' COMMENT '更新者',
  `update_time` datetime NULL DEFAULT NULL COMMENT '更新时间',
  `remark` varchar(500) CHARACTER SET utf8mb4 COLLATE utf8mb4_0900_ai_ci NULL DEFAULT NULL COMMENT '备注',
  PRIMARY KEY (`user_id`) USING BTREE
) ENGINE = InnoDB AUTO_INCREMENT = 103 CHARACTER SET = utf8mb4 COLLATE = utf8mb4_0900_ai_ci COMMENT = '用户信息表' ROW_FORMAT = Dynamic;

-- ----------------------------
-- Records of sys_user
-- ----------------------------
INSERT INTO `sys_user` VALUES (1, 103, 'admin', 'Victorzl', '00', '13245355677@qq.com', '13236310189', '0', '/profile/avatar/2023/11/11/blob_20231111152043A002.png', '$2a$10$JEhfw4zkCnlr3ULfzD070.QFKphMuy05pIRw1ebbWSuOtx6ygGENu', '0', '0', '127.0.0.1', '2024-02-13 09:42:46', 'admin', '2023-11-11 14:14:55', '', '2024-02-13 09:42:45', '管理员');
INSERT INTO `sys_user` VALUES (2, 105, 'ry', '若依', '00', 'ry@qq.com', '15666666666', '1', '', '$2a$10$ZIw/f4sV7pcneBENaZWRVOuNGM2oMZhPuDWLGqM4oHo1dZNtTOieq', '0', '2', '127.0.0.1', '2023-12-17 15:47:28', 'admin', '2023-11-11 14:14:55', 'admin', '2023-12-17 15:47:28', '测试员');
INSERT INTO `sys_user` VALUES (100, 105, 'port', '港口负责人', '00', '1234566544@qq.com', '13245654356', '0', '', '$2a$10$HkG0clC9nFFmCZseT9TMZuHs5HnS2v9mt55iu8bI36DdAItgxKm0G', '0', '0', '127.0.0.1', '2023-12-19 16:09:14', 'admin', '2023-12-17 15:56:26', '', '2023-12-19 16:09:13', NULL);
INSERT INTO `sys_user` VALUES (101, 105, 'shipcompany', 'shipcompany', '00', '', '', '0', '', '$2a$10$FwEECJAL9wbZ9MQRo3SDcu829k/ybNq1NiWdxGT8KbeNU3xjMRGyC', '0', '0', '', NULL, 'admin', '2024-01-21 18:55:14', 'admin', '2024-01-21 18:55:39', NULL);
INSERT INTO `sys_user` VALUES (102, NULL, 'ff', 'ff', '00', '', '', '0', '', '$2a$10$BSMhIwE4DobpnMKhiIVyBO.1ZGmufNVBHo0b2MDXUI6qdGSYGOSCC', '0', '0', '', NULL, 'admin', '2024-01-21 18:55:50', '', NULL, NULL);

-- ----------------------------
-- Table structure for sys_user_post
-- ----------------------------
DROP TABLE IF EXISTS `sys_user_post`;
CREATE TABLE `sys_user_post`  (
  `user_id` bigint NOT NULL COMMENT '用户ID',
  `post_id` bigint NOT NULL COMMENT '岗位ID',
  PRIMARY KEY (`user_id`, `post_id`) USING BTREE
) ENGINE = InnoDB CHARACTER SET = utf8mb4 COLLATE = utf8mb4_0900_ai_ci COMMENT = '用户与岗位关联表' ROW_FORMAT = Dynamic;

-- ----------------------------
-- Records of sys_user_post
-- ----------------------------
INSERT INTO `sys_user_post` VALUES (1, 1);
INSERT INTO `sys_user_post` VALUES (100, 2);

-- ----------------------------
-- Table structure for sys_user_role
-- ----------------------------
DROP TABLE IF EXISTS `sys_user_role`;
CREATE TABLE `sys_user_role`  (
  `user_id` bigint NOT NULL COMMENT '用户ID',
  `role_id` bigint NOT NULL COMMENT '角色ID',
  PRIMARY KEY (`user_id`, `role_id`) USING BTREE
) ENGINE = InnoDB CHARACTER SET = utf8mb4 COLLATE = utf8mb4_0900_ai_ci COMMENT = '用户和角色关联表' ROW_FORMAT = Dynamic;

-- ----------------------------
-- Records of sys_user_role
-- ----------------------------
INSERT INTO `sys_user_role` VALUES (1, 1);
INSERT INTO `sys_user_role` VALUES (100, 100);
INSERT INTO `sys_user_role` VALUES (101, 101);
INSERT INTO `sys_user_role` VALUES (102, 102);

-- ----------------------------
-- Table structure for wx_user
-- ----------------------------
DROP TABLE IF EXISTS `wx_user`;
CREATE TABLE `wx_user`  (
  `open_id` varchar(255) CHARACTER SET utf8mb4 COLLATE utf8mb4_0900_ai_ci NOT NULL COMMENT '用户id',
  `user_name` varchar(255) CHARACTER SET utf8mb4 COLLATE utf8mb4_0900_ai_ci NOT NULL COMMENT '用户名\r\n',
  `user_identity` varchar(255) CHARACTER SET utf8mb4 COLLATE utf8mb4_0900_ai_ci NULL DEFAULT NULL COMMENT '身份',
  `phone_number` varchar(255) CHARACTER SET utf8mb4 COLLATE utf8mb4_0900_ai_ci NULL DEFAULT NULL COMMENT '手机号',
  `wallet_balance` double NULL DEFAULT NULL COMMENT '余额',
  PRIMARY KEY (`open_id`) USING BTREE
) ENGINE = InnoDB CHARACTER SET = utf8mb4 COLLATE = utf8mb4_0900_ai_ci ROW_FORMAT = Dynamic;

-- ----------------------------
-- Records of wx_user
-- ----------------------------
INSERT INTO `wx_user` VALUES ('ogj5Q6VEG1HHJMqTEebwUtIPlGBs', 'Victor', '用户', '13236310189', 0);

SET FOREIGN_KEY_CHECKS = 1;
